observation_id,compound_id,target,assay,ic50_nm,replicate,validated
OBS-000001,C-01536,ALK,cell_viability,559.9,1,true
OBS-000002,C-02057,ALK,biochemical_ic50,36598.4,1,true
OBS-000003,C-00814,ALK,cell_viability,5.4,1,true
OBS-000004,C-00216,PIK3CA,biochemical_ic50,85.5,2,true
OBS-000005,C-00694,BRAF,cell_viability,2159.9,1,true
OBS-000006,C-02008,ALK,biochemical_ic50,305.8,2,true
OBS-000007,C-00766,MEK1,biochemical_ic50,3936.3,1,true
OBS-000008,C-02274,PIK3CA,biochemical_ic50,1.5,3,true
OBS-000009,C-00008,CDK4,cell_viability,227.8,1,true
OBS-000010,C-01982,CDK4,cell_viability,6.6,1,true
OBS-000011,C-00895,CDK4,cell_viability,2941.0,3,true
OBS-000012,C-02389,KRAS-G12C,biochemical_ic50,1616.8,3,true
OBS-000013,C-00627,JAK2,biochemical_ic50,2153.3,3,true
OBS-000014,C-01069,BRAF,biochemical_ic50,15.8,1,true
OBS-000015,C-00348,JAK2,biochemical_ic50,62.5,3,true
OBS-000016,C-00787,KRAS-G12C,cell_viability,6193.6,3,true
OBS-000017,C-01908,EGFR,cell_viability,42.3,1,true
OBS-000018,C-00180,JAK2,biochemical_ic50,885.4,2,true
OBS-000019,C-01770,KRAS-G12C,biochemical_ic50,939.0,2,true
OBS-000020,C-02035,JAK2,biochemical_ic50,26889.1,1,true
OBS-000021,C-01824,BRAF,cell_viability,11.8,3,true
OBS-000022,C-00696,EGFR,biochemical_ic50,20798.8,3,true
OBS-000023,C-00254,CDK4,cell_viability,2.6,1,true
OBS-000024,C-01645,ALK,cell_viability,345.9,3,true
OBS-000025,C-02156,ALK,biochemical_ic50,2.8,1,true
OBS-000026,C-01193,EGFR,biochemical_ic50,5.3,1,true
OBS-000027,C-02054,ALK,cell_viability,88.8,2,true
OBS-000028,C-01855,BRAF,biochemical_ic50,615.7,2,true
OBS-000029,C-01272,EGFR,biochemical_ic50,259.3,2,true
OBS-000030,C-01495,CDK4,biochemical_ic50,13.7,3,true
OBS-000031,C-01391,JAK2,cell_viability,8379.0,2,true
OBS-000032,C-00575,PIK3CA,cell_viability,6.9,2,true
OBS-000033,C-00699,JAK2,biochemical_ic50,4505.9,2,true
OBS-000034,C-00766,JAK2,biochemical_ic50,554.9,1,true
OBS-000035,C-02015,ALK,cell_viability,2163.6,1,true
OBS-000036,C-00335,KRAS-G12C,biochemical_ic50,16.6,3,true
OBS-000037,C-01650,KRAS-G12C,cell_viability,44.9,1,true
OBS-000038,C-00511,JAK2,biochemical_ic50,1753.2,2,true
OBS-000039,C-02013,JAK2,biochemical_ic50,2433.1,2,true
OBS-000040,C-02280,CDK4,cell_viability,1.2,2,true
OBS-000041,C-01022,BRAF,biochemical_ic50,146.2,2,true
OBS-000042,C-00794,EGFR,biochemical_ic50,66.9,2,true
OBS-000043,C-01961,ALK,cell_viability,7.9,1,true
OBS-000044,C-02195,PIK3CA,cell_viability,606.8,1,true
OBS-000045,C-02149,JAK2,biochemical_ic50,9925.5,1,true
OBS-000046,C-01503,KRAS-G12C,cell_viability,26.1,1,true
OBS-000047,C-00502,MEK1,cell_viability,7359.1,3,true
OBS-000048,C-01828,JAK2,biochemical_ic50,1724.4,2,true
OBS-000049,C-02056,PIK3CA,cell_viability,649.2,1,true
OBS-000050,C-00439,EGFR,cell_viability,464.6,1,true
OBS-000051,C-01539,ALK,biochemical_ic50,9.2,2,true
OBS-000052,C-00322,ALK,biochemical_ic50,12.7,2,true
OBS-000053,C-02217,JAK2,biochemical_ic50,106.3,3,true
OBS-000054,C-01442,EGFR,cell_viability,1.7,2,true
OBS-000055,C-02196,KRAS-G12C,cell_viability,20.3,3,true
OBS-000056,C-01654,CDK4,biochemical_ic50,31.1,2,true
OBS-000057,C-01903,ALK,biochemical_ic50,321.5,1,true
OBS-000058,C-00259,EGFR,biochemical_ic50,3311.0,3,true
OBS-000059,C-00087,JAK2,biochemical_ic50,7.8,3,true
OBS-000060,C-02139,PIK3CA,cell_viability,2.9,2,true
OBS-000061,C-01525,PIK3CA,cell_viability,6.4,2,true
OBS-000062,C-01698,CDK4,biochemical_ic50,36179.1,2,true
OBS-000063,C-02279,JAK2,biochemical_ic50,396.2,2,true
OBS-000064,C-01288,MEK1,biochemical_ic50,40.3,2,true
OBS-000065,C-01322,KRAS-G12C,cell_viability,76.0,3,true
OBS-000066,C-01662,ALK,cell_viability,14595.9,3,true
OBS-000067,C-01650,PIK3CA,cell_viability,4.1,3,true
OBS-000068,C-02191,CDK4,cell_viability,26.0,1,true
OBS-000069,C-02191,JAK2,cell_viability,214.1,2,true
OBS-000070,C-00639,KRAS-G12C,biochemical_ic50,4.7,2,true
OBS-000071,C-00757,JAK2,biochemical_ic50,24777.8,2,true
OBS-000072,C-02240,JAK2,biochemical_ic50,2.5,1,true
OBS-000073,C-00456,MEK1,cell_viability,30208.3,3,true
OBS-000074,C-02084,MEK1,biochemical_ic50,541.4,1,true
OBS-000075,C-01626,PIK3CA,biochemical_ic50,8796.2,1,true
OBS-000076,C-00323,PIK3CA,biochemical_ic50,1.1,2,true
OBS-000077,C-02257,CDK4,cell_viability,1761.0,3,true
OBS-000078,C-00050,MEK1,biochemical_ic50,94.2,1,true
OBS-000079,C-01777,ALK,cell_viability,6064.4,2,true
OBS-000080,C-02084,MEK1,biochemical_ic50,177.2,1,true
OBS-000081,C-00387,BRAF,biochemical_ic50,1.4,2,true
OBS-000082,C-00517,JAK2,biochemical_ic50,4016.1,1,true
OBS-000083,C-00425,MEK1,biochemical_ic50,1472.4,1,true
OBS-000084,C-01100,MEK1,biochemical_ic50,319.5,1,true
OBS-000085,C-01943,MEK1,cell_viability,386.1,2,true
OBS-000086,C-01264,CDK4,biochemical_ic50,3779.8,1,true
OBS-000087,C-00644,CDK4,biochemical_ic50,32.3,1,true
OBS-000088,C-00569,JAK2,biochemical_ic50,24731.8,1,true
OBS-000089,C-00162,CDK4,cell_viability,141.4,3,true
OBS-000090,C-02026,KRAS-G12C,biochemical_ic50,47.9,2,true
OBS-000091,C-01137,BRAF,biochemical_ic50,3460.5,1,true
OBS-000092,C-01702,ALK,biochemical_ic50,1752.7,3,true
OBS-000093,C-02343,CDK4,cell_viability,31959.6,3,true
OBS-000094,C-00133,KRAS-G12C,biochemical_ic50,363.5,1,true
OBS-000095,C-00562,MEK1,cell_viability,62.0,2,true
OBS-000096,C-00005,BRAF,cell_viability,131.4,3,true
OBS-000097,C-01219,KRAS-G12C,cell_viability,5.1,3,true
OBS-000098,C-01911,EGFR,biochemical_ic50,1.3,3,true
OBS-000099,C-00683,CDK4,cell_viability,6.2,2,true
OBS-000100,C-01040,BRAF,cell_viability,7403.4,3,true
OBS-000101,C-02352,KRAS-G12C,cell_viability,156.2,2,true
OBS-000102,C-00879,ALK,cell_viability,116.5,1,true
OBS-000103,C-01602,JAK2,cell_viability,4.9,1,true
OBS-000104,C-01228,PIK3CA,biochemical_ic50,7.1,3,true
OBS-000105,C-01116,EGFR,biochemical_ic50,4.8,2,true
OBS-000106,C-01516,MEK1,biochemical_ic50,4.7,3,true
OBS-000107,C-00262,PIK3CA,biochemical_ic50,1.6,1,true
OBS-000108,C-01222,MEK1,biochemical_ic50,5991.7,3,true
OBS-000109,C-00138,JAK2,biochemical_ic50,41540.7,3,true
OBS-000110,C-00335,PIK3CA,cell_viability,40.8,1,true
OBS-000111,C-01381,JAK2,biochemical_ic50,21.4,3,true
OBS-000112,C-00505,EGFR,cell_viability,348.7,3,true
OBS-000113,C-00605,MEK1,biochemical_ic50,68.0,3,true
OBS-000114,C-00583,JAK2,biochemical_ic50,159.3,2,true
OBS-000115,C-02319,MEK1,cell_viability,232.7,2,true
OBS-000116,C-01758,EGFR,biochemical_ic50,473.2,3,true
OBS-000117,C-01900,JAK2,biochemical_ic50,18134.9,1,true
OBS-000118,C-01284,JAK2,cell_viability,66.3,2,true
OBS-000119,C-00329,JAK2,cell_viability,6.5,2,true
OBS-000120,C-00012,JAK2,cell_viability,31.2,3,true
OBS-000121,C-01261,CDK4,biochemical_ic50,2621.4,3,true
OBS-000122,C-00569,PIK3CA,cell_viability,5007.1,3,true
OBS-000123,C-01036,BRAF,cell_viability,15.1,2,true
OBS-000124,C-01459,MEK1,biochemical_ic50,2.3,2,true
OBS-000125,C-00393,CDK4,cell_viability,10.0,2,true
OBS-000126,C-00147,JAK2,cell_viability,11698.7,1,true
OBS-000127,C-01847,BRAF,biochemical_ic50,41.4,3,true
OBS-000128,C-01829,BRAF,cell_viability,10581.3,1,true
OBS-000129,C-01554,ALK,cell_viability,153.8,2,true
OBS-000130,C-01037,BRAF,cell_viability,2.9,2,true
OBS-000131,C-02342,BRAF,biochemical_ic50,265.6,2,true
OBS-000132,C-00829,BRAF,cell_viability,1.4,1,true
OBS-000133,C-01531,BRAF,biochemical_ic50,205.7,3,true
OBS-000134,C-01877,CDK4,cell_viability,3.4,3,true
OBS-000135,C-01840,PIK3CA,biochemical_ic50,3373.6,1,true
OBS-000136,C-00233,MEK1,cell_viability,2.0,1,true
OBS-000137,C-01645,ALK,cell_viability,19608.6,2,true
OBS-000138,C-01373,BRAF,cell_viability,1.0,2,true
OBS-000139,C-00017,CDK4,biochemical_ic50,1735.3,3,true
OBS-000140,C-01343,MEK1,cell_viability,1785.5,1,true
OBS-000141,C-00549,MEK1,cell_viability,39921.0,1,true
OBS-000142,C-01990,ALK,biochemical_ic50,10309.9,3,true
OBS-000143,C-00863,KRAS-G12C,biochemical_ic50,806.4,2,true
OBS-000144,C-02316,ALK,cell_viability,6348.6,3,true
OBS-000145,C-00916,JAK2,biochemical_ic50,2.3,2,true
OBS-000146,C-02270,EGFR,biochemical_ic50,3.1,3,true
OBS-000147,C-02060,BRAF,cell_viability,2345.2,3,true
OBS-000148,C-01753,KRAS-G12C,biochemical_ic50,179.4,1,true
OBS-000149,C-00946,KRAS-G12C,cell_viability,41783.8,3,true
OBS-000150,C-01877,EGFR,biochemical_ic50,32.2,3,true
OBS-000151,C-00556,MEK1,biochemical_ic50,423.0,1,true
OBS-000152,C-02021,PIK3CA,cell_viability,69.4,1,true
OBS-000153,C-01457,EGFR,cell_viability,20165.2,1,true
OBS-000154,C-00472,ALK,cell_viability,446.4,3,true
OBS-000155,C-02181,KRAS-G12C,biochemical_ic50,747.3,2,true
OBS-000156,C-00661,PIK3CA,biochemical_ic50,4.7,1,true
OBS-000157,C-00442,JAK2,biochemical_ic50,9558.2,1,true
OBS-000158,C-00618,KRAS-G12C,biochemical_ic50,2.5,1,true
OBS-000159,C-00187,ALK,cell_viability,2.2,2,true
OBS-000160,C-02284,EGFR,biochemical_ic50,4177.0,2,true
OBS-000161,C-01621,BRAF,biochemical_ic50,1751.0,2,true
OBS-000162,C-02076,KRAS-G12C,biochemical_ic50,1051.4,1,true
OBS-000163,C-00866,ALK,biochemical_ic50,2.4,2,true
OBS-000164,C-00418,MEK1,biochemical_ic50,481.6,2,true
OBS-000165,C-02235,ALK,cell_viability,27.5,1,true
OBS-000166,C-02353,KRAS-G12C,biochemical_ic50,331.6,1,true
OBS-000167,C-02223,EGFR,cell_viability,177.4,3,true
OBS-000168,C-00359,PIK3CA,cell_viability,4.9,1,true
OBS-000169,C-00308,JAK2,cell_viability,4773.1,3,true
OBS-000170,C-02243,BRAF,cell_viability,619.3,3,true
OBS-000171,C-01574,KRAS-G12C,cell_viability,520.8,2,true
OBS-000172,C-00739,BRAF,biochemical_ic50,72.9,3,true
OBS-000173,C-00516,CDK4,biochemical_ic50,4291.6,2,true
OBS-000174,C-01476,JAK2,biochemical_ic50,1.3,1,true
OBS-000175,C-02206,JAK2,cell_viability,12310.2,1,true
OBS-000176,C-00639,EGFR,cell_viability,220.4,3,true
OBS-000177,C-00976,BRAF,cell_viability,7.2,1,true
OBS-000178,C-00442,CDK4,cell_viability,11.0,1,true
OBS-000179,C-02335,MEK1,cell_viability,13855.9,3,true
OBS-000180,C-01568,PIK3CA,biochemical_ic50,3.1,2,true
OBS-000181,C-00679,ALK,cell_viability,142.0,3,true
OBS-000182,C-01794,ALK,biochemical_ic50,69.0,3,true
OBS-000183,C-00537,JAK2,cell_viability,45685.2,2,true
OBS-000184,C-01151,PIK3CA,biochemical_ic50,2.7,3,true
OBS-000185,C-02341,ALK,cell_viability,24.8,2,true
OBS-000186,C-01983,JAK2,biochemical_ic50,4.9,3,true
OBS-000187,C-00228,PIK3CA,biochemical_ic50,33.4,1,true
OBS-000188,C-00295,CDK4,biochemical_ic50,3340.5,2,true
OBS-000189,C-00607,BRAF,biochemical_ic50,105.4,2,true
OBS-000190,C-00385,KRAS-G12C,biochemical_ic50,714.7,2,true
OBS-000191,C-00799,EGFR,biochemical_ic50,18.6,1,true
OBS-000192,C-01599,PIK3CA,biochemical_ic50,5334.7,2,true
OBS-000193,C-01072,PIK3CA,biochemical_ic50,6295.7,1,true
OBS-000194,C-01548,MEK1,cell_viability,14.1,1,true
OBS-000195,C-00803,EGFR,cell_viability,18.2,2,true
OBS-000196,C-00694,ALK,cell_viability,98.3,3,true
OBS-000197,C-01986,MEK1,cell_viability,543.9,2,true
OBS-000198,C-00725,BRAF,cell_viability,1241.8,1,true
OBS-000199,C-01170,CDK4,biochemical_ic50,3443.3,1,true
OBS-000200,C-00463,ALK,cell_viability,17.7,3,true
OBS-000201,C-01441,BRAF,cell_viability,2.4,2,true
OBS-000202,C-01126,ALK,cell_viability,36952.0,2,true
OBS-000203,C-00134,ALK,biochemical_ic50,574.2,2,true
OBS-000204,C-00987,KRAS-G12C,cell_viability,9.1,2,true
OBS-000205,C-00827,ALK,cell_viability,1.3,3,true
OBS-000206,C-00370,BRAF,biochemical_ic50,1.1,2,true
OBS-000207,C-00224,KRAS-G12C,cell_viability,16533.9,3,true
OBS-000208,C-00409,EGFR,biochemical_ic50,4.5,2,true
OBS-000209,C-01559,KRAS-G12C,cell_viability,17.4,1,true
OBS-000210,C-00489,ALK,biochemical_ic50,32.6,2,true
OBS-000211,C-01942,EGFR,biochemical_ic50,2.6,2,true
OBS-000212,C-01105,ALK,biochemical_ic50,880.0,3,true
OBS-000213,C-00336,KRAS-G12C,cell_viability,25748.2,3,true
OBS-000214,C-02100,EGFR,biochemical_ic50,1.4,1,true
OBS-000215,C-01916,ALK,cell_viability,23.6,2,true
OBS-000216,C-00264,EGFR,biochemical_ic50,4143.7,3,true
OBS-000217,C-01195,KRAS-G12C,cell_viability,33107.9,2,true
OBS-000218,C-00533,JAK2,biochemical_ic50,4.7,3,true
OBS-000219,C-02021,EGFR,cell_viability,1.7,2,true
OBS-000220,C-02147,EGFR,biochemical_ic50,32.4,1,true
OBS-000221,C-02205,CDK4,biochemical_ic50,2359.0,2,true
OBS-000222,C-01450,PIK3CA,biochemical_ic50,3559.9,3,true
OBS-000223,C-00211,ALK,cell_viability,1.1,2,true
OBS-000224,C-01642,ALK,biochemical_ic50,98.7,2,true
OBS-000225,C-01243,JAK2,cell_viability,1355.7,2,true
OBS-000226,C-02162,ALK,biochemical_ic50,15.0,2,true
OBS-000227,C-02385,JAK2,cell_viability,4097.3,2,true
OBS-000228,C-02027,EGFR,biochemical_ic50,234.9,3,true
OBS-000229,C-00580,PIK3CA,biochemical_ic50,7145.0,2,true
OBS-000230,C-02222,BRAF,biochemical_ic50,2669.5,3,true
OBS-000231,C-00498,BRAF,cell_viability,5789.8,1,true
OBS-000232,C-00799,PIK3CA,biochemical_ic50,3.0,1,true
OBS-000233,C-02331,KRAS-G12C,cell_viability,6.1,2,true
OBS-000234,C-02220,KRAS-G12C,cell_viability,499.2,3,true
OBS-000235,C-00200,MEK1,biochemical_ic50,2.9,2,true
OBS-000236,C-01419,CDK4,cell_viability,94.9,2,true
OBS-000237,C-01203,CDK4,cell_viability,281.8,2,true
OBS-000238,C-01074,ALK,biochemical_ic50,128.3,2,true
OBS-000239,C-02359,KRAS-G12C,biochemical_ic50,70.4,1,true
OBS-000240,C-02296,JAK2,cell_viability,45799.1,2,true
OBS-000241,C-01006,MEK1,biochemical_ic50,13385.2,2,true
OBS-000242,C-01169,MEK1,cell_viability,279.8,2,true
OBS-000243,C-01555,CDK4,biochemical_ic50,3380.6,1,true
OBS-000244,C-02206,PIK3CA,cell_viability,30.4,1,true
OBS-000245,C-01721,BRAF,biochemical_ic50,22232.9,1,true
OBS-000246,C-00724,MEK1,biochemical_ic50,124.9,2,true
OBS-000247,C-01949,CDK4,cell_viability,7.8,1,true
OBS-000248,C-02385,ALK,biochemical_ic50,5.5,2,true
OBS-000249,C-00186,JAK2,cell_viability,21257.9,2,true
OBS-000250,C-01320,BRAF,cell_viability,11260.4,1,true
OBS-000251,C-01471,MEK1,cell_viability,23.4,2,true
OBS-000252,C-00973,MEK1,cell_viability,137.2,1,true
OBS-000253,C-02206,CDK4,cell_viability,885.6,3,true
OBS-000254,C-01925,KRAS-G12C,biochemical_ic50,1103.9,1,true
OBS-000255,C-00273,CDK4,cell_viability,1.0,3,true
OBS-000256,C-00342,BRAF,biochemical_ic50,45539.2,1,true
OBS-000257,C-01796,CDK4,cell_viability,266.3,3,true
OBS-000258,C-01519,CDK4,biochemical_ic50,3.3,1,true
OBS-000259,C-01345,ALK,biochemical_ic50,9322.9,3,true
OBS-000260,C-00442,KRAS-G12C,biochemical_ic50,1.4,3,true
OBS-000261,C-00941,ALK,cell_viability,12567.9,1,true
OBS-000262,C-00517,MEK1,cell_viability,3.3,2,true
OBS-000263,C-02182,PIK3CA,biochemical_ic50,4.0,1,true
OBS-000264,C-00453,CDK4,biochemical_ic50,903.0,2,true
OBS-000265,C-01793,PIK3CA,cell_viability,1.7,3,true
OBS-000266,C-02374,CDK4,cell_viability,6285.8,2,true
OBS-000267,C-00799,PIK3CA,biochemical_ic50,35.0,1,true
OBS-000268,C-00484,ALK,biochemical_ic50,3.5,1,true
OBS-000269,C-00091,ALK,cell_viability,20.3,1,true
OBS-000270,C-00750,EGFR,cell_viability,17.9,2,true
OBS-000271,C-01326,ALK,biochemical_ic50,143.7,3,true
OBS-000272,C-01659,KRAS-G12C,biochemical_ic50,8051.9,1,true
OBS-000273,C-02365,PIK3CA,cell_viability,4865.5,1,true
OBS-000274,C-01087,BRAF,biochemical_ic50,5.2,2,true
OBS-000275,C-00287,PIK3CA,biochemical_ic50,2.9,3,true
OBS-000276,C-00025,JAK2,biochemical_ic50,41.8,2,true
OBS-000277,C-01423,MEK1,cell_viability,199.1,1,true
OBS-000278,C-01004,ALK,cell_viability,5.6,1,true
OBS-000279,C-01577,ALK,cell_viability,1801.6,2,true
OBS-000280,C-00210,CDK4,cell_viability,42.6,1,true
OBS-000281,C-01935,PIK3CA,cell_viability,9169.6,2,true
OBS-000282,C-01813,EGFR,cell_viability,290.4,3,true
OBS-000283,C-01721,JAK2,cell_viability,3022.3,3,true
OBS-000284,C-00057,JAK2,biochemical_ic50,24.0,3,true
OBS-000285,C-01390,EGFR,biochemical_ic50,9.4,1,true
OBS-000286,C-02292,EGFR,cell_viability,1201.8,3,true
OBS-000287,C-01121,MEK1,biochemical_ic50,2280.4,1,true
OBS-000288,C-00253,CDK4,cell_viability,22835.1,1,true
OBS-000289,C-02347,ALK,cell_viability,15034.4,2,true
OBS-000290,C-01277,EGFR,cell_viability,106.0,2,true
OBS-000291,C-00327,PIK3CA,cell_viability,26448.3,1,true
OBS-000292,C-01113,MEK1,cell_viability,4828.4,3,true
OBS-000293,C-02280,ALK,cell_viability,3.1,3,true
OBS-000294,C-00347,KRAS-G12C,cell_viability,2003.2,2,true
OBS-000295,C-01572,KRAS-G12C,cell_viability,21054.0,3,true
OBS-000296,C-01573,ALK,biochemical_ic50,9.9,1,true
OBS-000297,C-01207,JAK2,cell_viability,4.4,3,true
OBS-000298,C-01438,PIK3CA,cell_viability,2.3,3,true
OBS-000299,C-02328,KRAS-G12C,cell_viability,7619.7,3,true
OBS-000300,C-02377,MEK1,cell_viability,11.6,3,true
OBS-000301,C-01843,CDK4,cell_viability,1.4,3,true
OBS-000302,C-02227,BRAF,biochemical_ic50,6516.2,1,true
OBS-000303,C-01869,JAK2,biochemical_ic50,4.5,1,true
OBS-000304,C-02043,KRAS-G12C,biochemical_ic50,23.6,3,true
OBS-000305,C-00720,EGFR,biochemical_ic50,1352.2,2,true
OBS-000306,C-00585,KRAS-G12C,biochemical_ic50,132.0,2,true
OBS-000307,C-01849,ALK,biochemical_ic50,2.9,2,true
OBS-000308,C-02380,JAK2,biochemical_ic50,2209.7,1,true
OBS-000309,C-01875,PIK3CA,biochemical_ic50,118.9,3,true
OBS-000310,C-02168,JAK2,biochemical_ic50,7.0,2,true
OBS-000311,C-01389,ALK,biochemical_ic50,594.6,1,true
OBS-000312,C-00680,PIK3CA,biochemical_ic50,178.3,1,true
OBS-000313,C-00058,MEK1,biochemical_ic50,21.2,2,true
OBS-000314,C-00123,KRAS-G12C,biochemical_ic50,423.0,1,true
OBS-000315,C-01482,ALK,cell_viability,53.9,1,true
OBS-000316,C-01601,PIK3CA,biochemical_ic50,25.6,2,true
OBS-000317,C-00162,CDK4,cell_viability,81.0,2,true
OBS-000318,C-00158,ALK,cell_viability,94.8,1,true
OBS-000319,C-02227,KRAS-G12C,biochemical_ic50,48.0,3,true
OBS-000320,C-00254,ALK,biochemical_ic50,1.0,3,true
OBS-000321,C-00746,JAK2,cell_viability,706.7,2,true
OBS-000322,C-01733,JAK2,biochemical_ic50,5074.3,3,true
OBS-000323,C-02061,BRAF,biochemical_ic50,36829.3,3,true
OBS-000324,C-01602,EGFR,cell_viability,210.6,3,true
OBS-000325,C-01820,EGFR,cell_viability,7.9,3,true
OBS-000326,C-00266,CDK4,cell_viability,147.9,2,true
OBS-000327,C-00039,BRAF,cell_viability,24330.2,2,true
OBS-000328,C-00609,ALK,cell_viability,2.1,1,true
OBS-000329,C-01482,MEK1,biochemical_ic50,57.7,1,true
OBS-000330,C-01105,MEK1,biochemical_ic50,21.0,3,true
OBS-000331,C-01166,PIK3CA,cell_viability,27.8,2,true
OBS-000332,C-00374,PIK3CA,biochemical_ic50,127.7,3,true
OBS-000333,C-02326,ALK,biochemical_ic50,44.1,1,true
OBS-000334,C-01034,CDK4,biochemical_ic50,24.0,1,true
OBS-000335,C-01238,EGFR,biochemical_ic50,174.9,3,true
OBS-000336,C-01229,EGFR,cell_viability,2165.0,1,true
OBS-000337,C-00601,EGFR,cell_viability,403.6,1,true
OBS-000338,C-02349,BRAF,biochemical_ic50,4.1,1,true
OBS-000339,C-01013,ALK,biochemical_ic50,7910.8,2,true
OBS-000340,C-02261,CDK4,cell_viability,1.2,3,true
OBS-000341,C-01859,BRAF,biochemical_ic50,13.8,2,true
OBS-000342,C-00071,BRAF,cell_viability,19625.6,3,true
OBS-000343,C-00199,EGFR,cell_viability,3928.0,3,true
OBS-000344,C-00620,ALK,biochemical_ic50,11.8,2,true
OBS-000345,C-01961,ALK,cell_viability,489.9,3,true
OBS-000346,C-00460,KRAS-G12C,cell_viability,148.4,3,true
OBS-000347,C-02146,ALK,biochemical_ic50,5.0,2,true
OBS-000348,C-01632,ALK,cell_viability,6.2,2,true
OBS-000349,C-02123,EGFR,cell_viability,8828.1,1,true
OBS-000350,C-01323,KRAS-G12C,cell_viability,2793.9,3,true
OBS-000351,C-01753,MEK1,cell_viability,142.8,1,true
OBS-000352,C-00800,PIK3CA,cell_viability,608.3,3,true
OBS-000353,C-00845,CDK4,cell_viability,431.1,2,true
OBS-000354,C-01097,PIK3CA,biochemical_ic50,7.1,2,true
OBS-000355,C-00371,JAK2,biochemical_ic50,32.7,3,true
OBS-000356,C-02105,MEK1,biochemical_ic50,169.7,2,true
OBS-000357,C-00270,MEK1,biochemical_ic50,3.2,1,true
OBS-000358,C-00056,PIK3CA,biochemical_ic50,3798.6,2,true
OBS-000359,C-02328,CDK4,cell_viability,549.9,1,true
OBS-000360,C-00248,ALK,cell_viability,3456.1,1,true
OBS-000361,C-02233,BRAF,cell_viability,28.9,3,true
OBS-000362,C-01761,KRAS-G12C,cell_viability,22.3,2,true
OBS-000363,C-02129,BRAF,cell_viability,3732.8,1,true
OBS-000364,C-00306,ALK,biochemical_ic50,15.9,2,true
OBS-000365,C-00646,EGFR,cell_viability,127.5,1,true
OBS-000366,C-00271,JAK2,cell_viability,23955.8,1,true
OBS-000367,C-01815,BRAF,biochemical_ic50,1520.9,3,true
OBS-000368,C-01298,JAK2,biochemical_ic50,4.2,3,true
OBS-000369,C-01041,KRAS-G12C,cell_viability,1.0,1,true
OBS-000370,C-01149,PIK3CA,biochemical_ic50,1.4,3,true
OBS-000371,C-01795,BRAF,cell_viability,46819.6,2,true
OBS-000372,C-00580,ALK,cell_viability,12782.5,3,true
OBS-000373,C-02085,ALK,biochemical_ic50,4.6,2,true
OBS-000374,C-02300,ALK,cell_viability,132.5,3,true
OBS-000375,C-00306,EGFR,cell_viability,63.5,2,true
OBS-000376,C-01404,MEK1,cell_viability,658.3,3,true
OBS-000377,C-01614,JAK2,biochemical_ic50,508.4,2,true
OBS-000378,C-00140,MEK1,cell_viability,33358.1,2,true
OBS-000379,C-01608,BRAF,biochemical_ic50,25817.8,1,true
OBS-000380,C-02213,ALK,biochemical_ic50,417.5,3,true
OBS-000381,C-02350,MEK1,cell_viability,40.8,3,true
OBS-000382,C-01330,ALK,biochemical_ic50,1.5,1,true
OBS-000383,C-01977,BRAF,cell_viability,464.8,1,true
OBS-000384,C-00751,EGFR,biochemical_ic50,158.1,3,true
OBS-000385,C-00211,PIK3CA,cell_viability,7.4,1,true
OBS-000386,C-00276,PIK3CA,cell_viability,58.5,2,true
OBS-000387,C-01029,KRAS-G12C,biochemical_ic50,1.2,1,true
OBS-000388,C-01718,PIK3CA,biochemical_ic50,1.1,1,true
OBS-000389,C-01592,BRAF,biochemical_ic50,10134.4,2,true
OBS-000390,C-00153,JAK2,biochemical_ic50,933.3,1,true
OBS-000391,C-01690,PIK3CA,biochemical_ic50,10.3,1,true
OBS-000392,C-01068,ALK,biochemical_ic50,773.8,2,true
OBS-000393,C-00218,KRAS-G12C,biochemical_ic50,666.7,1,true
OBS-000394,C-00722,BRAF,cell_viability,142.8,2,true
OBS-000395,C-00496,ALK,cell_viability,44672.3,2,true
OBS-000396,C-00089,CDK4,biochemical_ic50,2233.4,3,true
OBS-000397,C-02062,JAK2,biochemical_ic50,4425.8,3,true
OBS-000398,C-00530,EGFR,cell_viability,7.5,2,true
OBS-000399,C-00217,JAK2,biochemical_ic50,200.8,2,true
OBS-000400,C-01431,CDK4,biochemical_ic50,19.9,3,true
OBS-000401,C-01384,BRAF,biochemical_ic50,4489.8,2,true
OBS-000402,C-01134,MEK1,biochemical_ic50,231.1,3,true
OBS-000403,C-01254,MEK1,cell_viability,143.4,3,true
OBS-000404,C-01274,EGFR,biochemical_ic50,149.6,3,true
OBS-000405,C-00475,EGFR,cell_viability,2.2,1,true
OBS-000406,C-00230,JAK2,biochemical_ic50,27434.8,1,true
OBS-000407,C-00978,KRAS-G12C,biochemical_ic50,278.8,3,true
OBS-000408,C-02188,ALK,biochemical_ic50,1795.6,3,true
OBS-000409,C-00528,CDK4,cell_viability,10.8,2,true
OBS-000410,C-00424,PIK3CA,cell_viability,146.7,1,true
OBS-000411,C-00779,EGFR,cell_viability,44.3,2,true
OBS-000412,C-00842,CDK4,biochemical_ic50,55.5,3,true
OBS-000413,C-01461,PIK3CA,cell_viability,107.9,3,true
OBS-000414,C-01683,KRAS-G12C,cell_viability,1.7,2,true
OBS-000415,C-02390,EGFR,cell_viability,82.2,3,true
OBS-000416,C-00586,KRAS-G12C,cell_viability,16933.0,3,true
OBS-000417,C-01838,EGFR,biochemical_ic50,488.0,1,true
OBS-000418,C-01823,ALK,biochemical_ic50,3.5,3,true
OBS-000419,C-00062,BRAF,biochemical_ic50,1.4,3,true
OBS-000420,C-00898,PIK3CA,biochemical_ic50,29190.5,1,true
OBS-000421,C-01647,JAK2,biochemical_ic50,53.9,1,true
OBS-000422,C-01747,JAK2,biochemical_ic50,7166.6,3,true
OBS-000423,C-00429,MEK1,cell_viability,1179.8,2,true
OBS-000424,C-01350,JAK2,cell_viability,22564.5,2,true
OBS-000425,C-01725,PIK3CA,cell_viability,19.6,1,true
OBS-000426,C-00848,BRAF,biochemical_ic50,14333.8,1,true
OBS-000427,C-01630,MEK1,cell_viability,3079.4,3,true
OBS-000428,C-00816,MEK1,biochemical_ic50,555.6,1,true
OBS-000429,C-02058,CDK4,biochemical_ic50,298.6,1,true
OBS-000430,C-00995,ALK,biochemical_ic50,1.3,1,true
OBS-000431,C-01102,KRAS-G12C,cell_viability,7032.8,2,true
OBS-000432,C-00535,ALK,biochemical_ic50,5796.9,1,true
OBS-000433,C-01444,MEK1,cell_viability,959.0,2,true
OBS-000434,C-01084,MEK1,cell_viability,459.8,2,true
OBS-000435,C-01740,MEK1,cell_viability,277.6,2,true
OBS-000436,C-01356,BRAF,biochemical_ic50,180.3,2,true
OBS-000437,C-02275,PIK3CA,biochemical_ic50,999.8,3,true
OBS-000438,C-02278,MEK1,biochemical_ic50,26.4,3,true
OBS-000439,C-01195,PIK3CA,cell_viability,57.7,2,true
OBS-000440,C-00545,MEK1,biochemical_ic50,2093.8,1,true
OBS-000441,C-01495,BRAF,biochemical_ic50,44.6,2,true
OBS-000442,C-01199,MEK1,biochemical_ic50,9021.2,3,true
OBS-000443,C-00483,PIK3CA,cell_viability,935.6,1,true
OBS-000444,C-00010,CDK4,biochemical_ic50,41.5,2,true
OBS-000445,C-00381,CDK4,cell_viability,6.5,2,true
OBS-000446,C-01670,JAK2,biochemical_ic50,5.9,3,true
OBS-000447,C-01653,ALK,biochemical_ic50,84.3,2,true
OBS-000448,C-01046,JAK2,biochemical_ic50,466.1,1,true
OBS-000449,C-00811,EGFR,cell_viability,4.4,3,true
OBS-000450,C-00734,PIK3CA,biochemical_ic50,38811.3,3,true
OBS-000451,C-01774,ALK,biochemical_ic50,6.1,1,true
OBS-000452,C-01323,MEK1,cell_viability,684.9,2,true
OBS-000453,C-00722,PIK3CA,biochemical_ic50,40952.0,3,true
OBS-000454,C-01152,CDK4,biochemical_ic50,341.3,2,true
OBS-000455,C-01959,KRAS-G12C,biochemical_ic50,2013.2,1,true
OBS-000456,C-00883,EGFR,cell_viability,1.2,3,true
OBS-000457,C-00411,KRAS-G12C,biochemical_ic50,5.6,1,true
OBS-000458,C-01194,MEK1,biochemical_ic50,3.3,3,true
OBS-000459,C-02348,KRAS-G12C,biochemical_ic50,162.4,2,true
OBS-000460,C-01314,CDK4,cell_viability,631.9,2,true
OBS-000461,C-01643,BRAF,biochemical_ic50,414.7,3,true
OBS-000462,C-01215,EGFR,biochemical_ic50,130.5,2,true
OBS-000463,C-01759,JAK2,biochemical_ic50,81.5,1,true
OBS-000464,C-00214,ALK,biochemical_ic50,29.0,3,true
OBS-000465,C-02239,MEK1,cell_viability,1340.3,1,true
OBS-000466,C-01021,ALK,cell_viability,1.0,2,true
OBS-000467,C-01620,MEK1,biochemical_ic50,410.0,2,true
OBS-000468,C-02038,JAK2,biochemical_ic50,30.4,1,true
OBS-000469,C-00482,EGFR,biochemical_ic50,8.5,1,true
OBS-000470,C-00655,BRAF,biochemical_ic50,213.6,2,true
OBS-000471,C-00943,CDK4,biochemical_ic50,212.8,1,true
OBS-000472,C-00390,ALK,biochemical_ic50,19716.9,2,true
OBS-000473,C-02334,EGFR,cell_viability,418.2,1,true
OBS-000474,C-02001,ALK,cell_viability,17961.6,1,true
OBS-000475,C-01570,JAK2,biochemical_ic50,10934.7,3,true
OBS-000476,C-02107,JAK2,cell_viability,100.8,2,true
OBS-000477,C-00671,JAK2,cell_viability,3.8,2,true
OBS-000478,C-02278,PIK3CA,biochemical_ic50,11556.3,2,true
OBS-000479,C-00380,MEK1,cell_viability,41.4,2,true
OBS-000480,C-00946,PIK3CA,biochemical_ic50,159.9,2,true
OBS-000481,C-02226,ALK,cell_viability,5075.5,1,true
OBS-000482,C-01281,BRAF,cell_viability,4.9,3,true
OBS-000483,C-01071,CDK4,biochemical_ic50,3396.5,1,true
OBS-000484,C-02360,ALK,biochemical_ic50,2.2,2,true
OBS-000485,C-01561,KRAS-G12C,biochemical_ic50,36805.9,1,true
OBS-000486,C-01160,ALK,cell_viability,309.2,1,true
OBS-000487,C-01661,JAK2,cell_viability,5558.0,2,true
OBS-000488,C-01499,MEK1,cell_viability,7807.0,3,true
OBS-000489,C-00996,EGFR,cell_viability,17.9,1,true
OBS-000490,C-00967,CDK4,cell_viability,222.7,2,true
OBS-000491,C-01558,ALK,biochemical_ic50,79.6,1,true
OBS-000492,C-01789,JAK2,cell_viability,150.2,1,true
OBS-000493,C-01963,KRAS-G12C,cell_viability,3.1,1,true
OBS-000494,C-01072,ALK,cell_viability,2.7,1,true
OBS-000495,C-00762,EGFR,cell_viability,1154.3,2,true
OBS-000496,C-02109,MEK1,biochemical_ic50,1.1,2,true
OBS-000497,C-02040,BRAF,cell_viability,6.2,1,true
OBS-000498,C-00365,JAK2,biochemical_ic50,1729.7,1,true
OBS-000499,C-00347,JAK2,biochemical_ic50,44162.2,2,true
OBS-000500,C-01793,PIK3CA,biochemical_ic50,11.0,2,true
OBS-000501,C-02337,MEK1,cell_viability,672.8,1,true
OBS-000502,C-00657,CDK4,cell_viability,28.6,3,true
OBS-000503,C-01513,MEK1,biochemical_ic50,24.0,2,true
OBS-000504,C-01474,PIK3CA,biochemical_ic50,865.7,2,true
OBS-000505,C-02159,PIK3CA,biochemical_ic50,231.5,2,true
OBS-000506,C-00821,CDK4,cell_viability,28.0,2,true
OBS-000507,C-01430,KRAS-G12C,biochemical_ic50,41255.0,3,true
OBS-000508,C-00435,CDK4,biochemical_ic50,14.8,3,true
OBS-000509,C-00582,KRAS-G12C,cell_viability,3428.6,2,true
OBS-000510,C-01555,ALK,biochemical_ic50,72.7,3,true
OBS-000511,C-01771,CDK4,biochemical_ic50,1293.9,2,true
OBS-000512,C-01507,ALK,cell_viability,1498.9,3,true
OBS-000513,C-00034,KRAS-G12C,biochemical_ic50,136.1,2,true
OBS-000514,C-01723,JAK2,cell_viability,43.0,2,true
OBS-000515,C-01240,PIK3CA,cell_viability,31898.2,3,true
OBS-000516,C-01056,PIK3CA,cell_viability,1113.7,2,true
OBS-000517,C-00796,MEK1,cell_viability,5208.1,1,true
OBS-000518,C-01653,MEK1,biochemical_ic50,320.7,2,true
OBS-000519,C-01147,BRAF,biochemical_ic50,518.4,1,true
OBS-000520,C-00982,KRAS-G12C,biochemical_ic50,37678.7,1,true
OBS-000521,C-01796,KRAS-G12C,cell_viability,186.1,1,true
OBS-000522,C-02160,CDK4,cell_viability,95.4,1,true
OBS-000523,C-02155,BRAF,biochemical_ic50,2090.3,3,true
OBS-000524,C-01079,MEK1,biochemical_ic50,19.7,2,true
OBS-000525,C-02363,KRAS-G12C,cell_viability,3948.8,1,true
OBS-000526,C-01548,MEK1,cell_viability,32.8,1,true
OBS-000527,C-01981,PIK3CA,cell_viability,55.2,1,true
OBS-000528,C-00562,JAK2,cell_viability,412.4,1,true
OBS-000529,C-00791,EGFR,biochemical_ic50,1282.9,2,true
OBS-000530,C-02217,JAK2,cell_viability,742.0,1,true
OBS-000531,C-00639,EGFR,biochemical_ic50,3975.9,3,true
OBS-000532,C-01886,EGFR,cell_viability,2658.3,1,true
OBS-000533,C-00506,MEK1,biochemical_ic50,172.6,1,true
OBS-000534,C-00580,ALK,cell_viability,2.5,3,true
OBS-000535,C-01952,KRAS-G12C,biochemical_ic50,5687.7,2,true
OBS-000536,C-01385,MEK1,biochemical_ic50,25409.7,1,true
OBS-000537,C-02286,MEK1,biochemical_ic50,5.0,1,true
OBS-000538,C-00086,EGFR,cell_viability,9265.6,1,true
OBS-000539,C-02268,MEK1,biochemical_ic50,27.6,3,true
OBS-000540,C-00374,JAK2,biochemical_ic50,1.1,1,true
OBS-000541,C-01253,KRAS-G12C,biochemical_ic50,28436.1,3,true
OBS-000542,C-01874,ALK,cell_viability,139.9,1,true
OBS-000543,C-01188,MEK1,biochemical_ic50,1605.3,1,true
OBS-000544,C-01276,MEK1,cell_viability,16.5,3,true
OBS-000545,C-00091,PIK3CA,cell_viability,41605.2,1,true
OBS-000546,C-00809,JAK2,cell_viability,20382.0,2,true
OBS-000547,C-00638,KRAS-G12C,biochemical_ic50,7453.4,2,true
OBS-000548,C-01949,MEK1,biochemical_ic50,6643.5,3,true
OBS-000549,C-01423,ALK,cell_viability,1.4,2,true
OBS-000550,C-01896,EGFR,biochemical_ic50,166.5,2,true
OBS-000551,C-00155,BRAF,biochemical_ic50,25115.3,1,true
OBS-000552,C-01174,JAK2,cell_viability,517.2,1,true
OBS-000553,C-00168,JAK2,cell_viability,7460.5,1,true
OBS-000554,C-01102,ALK,cell_viability,30889.7,3,true
OBS-000555,C-01364,CDK4,cell_viability,7420.1,1,true
OBS-000556,C-02399,EGFR,cell_viability,14.3,3,true
OBS-000557,C-01668,ALK,biochemical_ic50,34579.6,1,true
OBS-000558,C-01872,CDK4,cell_viability,8.4,3,true
OBS-000559,C-00086,KRAS-G12C,biochemical_ic50,20231.6,2,true
OBS-000560,C-02205,BRAF,biochemical_ic50,3402.4,1,true
OBS-000561,C-00516,JAK2,biochemical_ic50,234.3,3,true
OBS-000562,C-00318,ALK,biochemical_ic50,12854.1,3,true
OBS-000563,C-00387,CDK4,biochemical_ic50,126.0,2,true
OBS-000564,C-01683,JAK2,biochemical_ic50,1.2,3,true
OBS-000565,C-00678,PIK3CA,biochemical_ic50,28031.7,2,true
OBS-000566,C-00129,JAK2,biochemical_ic50,2.7,2,true
OBS-000567,C-01536,CDK4,biochemical_ic50,369.1,1,true
OBS-000568,C-01199,ALK,biochemical_ic50,1357.6,1,true
OBS-000569,C-02186,EGFR,cell_viability,9886.0,2,true
OBS-000570,C-02381,ALK,cell_viability,145.3,2,true
OBS-000571,C-00543,ALK,cell_viability,46.3,2,true
OBS-000572,C-00828,BRAF,cell_viability,3006.3,1,true
OBS-000573,C-02111,BRAF,biochemical_ic50,5.6,3,true
OBS-000574,C-01843,MEK1,biochemical_ic50,2.2,1,true
OBS-000575,C-01127,KRAS-G12C,cell_viability,8862.6,1,true
OBS-000576,C-01934,EGFR,biochemical_ic50,1.8,3,true
OBS-000577,C-00070,BRAF,cell_viability,80.2,1,true
OBS-000578,C-00404,ALK,biochemical_ic50,92.8,2,true
OBS-000579,C-01382,CDK4,biochemical_ic50,270.5,2,true
OBS-000580,C-00367,EGFR,cell_viability,491.8,1,true
OBS-000581,C-00138,KRAS-G12C,cell_viability,791.5,1,true
OBS-000582,C-00019,JAK2,cell_viability,3.0,1,true
OBS-000583,C-02162,PIK3CA,biochemical_ic50,3134.8,1,true
OBS-000584,C-02300,MEK1,biochemical_ic50,13060.0,2,true
OBS-000585,C-00645,ALK,cell_viability,8106.6,2,true
OBS-000586,C-00443,PIK3CA,cell_viability,924.6,2,true
OBS-000587,C-01390,MEK1,cell_viability,50.5,1,true
OBS-000588,C-00170,MEK1,cell_viability,55.6,2,true
OBS-000589,C-00634,KRAS-G12C,biochemical_ic50,535.1,1,true
OBS-000590,C-00212,JAK2,biochemical_ic50,47078.1,2,true
OBS-000591,C-01528,JAK2,biochemical_ic50,2892.0,3,true
OBS-000592,C-00629,JAK2,cell_viability,4.9,2,true
OBS-000593,C-00095,CDK4,biochemical_ic50,5351.8,1,true
OBS-000594,C-02034,PIK3CA,cell_viability,35.8,2,true
OBS-000595,C-01940,MEK1,biochemical_ic50,160.0,2,true
OBS-000596,C-01853,CDK4,cell_viability,445.8,3,true
OBS-000597,C-01890,BRAF,biochemical_ic50,14356.3,1,true
OBS-000598,C-00099,ALK,biochemical_ic50,3629.9,2,true
OBS-000599,C-00095,BRAF,cell_viability,1524.3,2,true
OBS-000600,C-02359,ALK,cell_viability,5.2,2,true
OBS-000601,C-01358,JAK2,cell_viability,374.9,2,true
OBS-000602,C-00067,KRAS-G12C,biochemical_ic50,4744.9,2,true
OBS-000603,C-00986,JAK2,biochemical_ic50,107.5,1,true
OBS-000604,C-00413,ALK,cell_viability,160.0,1,true
OBS-000605,C-00506,JAK2,cell_viability,1769.6,3,true
OBS-000606,C-01309,EGFR,cell_viability,13.9,3,true
OBS-000607,C-00832,PIK3CA,cell_viability,46915.2,1,true
OBS-000608,C-01822,BRAF,cell_viability,2.0,3,true
OBS-000609,C-01643,CDK4,cell_viability,480.5,1,true
OBS-000610,C-00802,JAK2,cell_viability,3.5,2,true
OBS-000611,C-00192,JAK2,biochemical_ic50,1931.7,1,true
OBS-000612,C-01580,EGFR,biochemical_ic50,54.2,1,true
OBS-000613,C-01318,BRAF,biochemical_ic50,80.0,1,true
OBS-000614,C-00541,ALK,cell_viability,10341.1,3,true
OBS-000615,C-00730,BRAF,cell_viability,16164.5,3,true
OBS-000616,C-01931,KRAS-G12C,biochemical_ic50,8058.1,3,true
OBS-000617,C-01995,KRAS-G12C,cell_viability,43713.2,1,true
OBS-000618,C-01712,BRAF,cell_viability,10051.5,2,true
OBS-000619,C-00231,JAK2,cell_viability,7.1,3,true
OBS-000620,C-00581,ALK,cell_viability,11976.7,3,true
OBS-000621,C-00736,ALK,cell_viability,681.6,1,true
OBS-000622,C-00697,MEK1,cell_viability,11895.1,1,true
OBS-000623,C-00484,PIK3CA,cell_viability,2633.0,3,true
OBS-000624,C-00052,PIK3CA,biochemical_ic50,2.5,3,true
OBS-000625,C-00787,EGFR,cell_viability,113.9,2,true
OBS-000626,C-01783,JAK2,cell_viability,2428.7,3,true
OBS-000627,C-00608,KRAS-G12C,cell_viability,6.9,3,true
OBS-000628,C-01416,BRAF,biochemical_ic50,2525.2,2,true
OBS-000629,C-00970,KRAS-G12C,cell_viability,4.3,3,true
OBS-000630,C-01313,BRAF,cell_viability,2.7,2,true
OBS-000631,C-02360,EGFR,cell_viability,1074.0,2,true
OBS-000632,C-00462,BRAF,biochemical_ic50,11.0,2,true
OBS-000633,C-02321,EGFR,cell_viability,35.7,2,true
OBS-000634,C-00766,JAK2,cell_viability,29360.6,3,true
OBS-000635,C-00418,BRAF,biochemical_ic50,492.7,2,true
OBS-000636,C-00065,PIK3CA,biochemical_ic50,801.3,3,true
OBS-000637,C-02317,BRAF,biochemical_ic50,2.2,2,true
OBS-000638,C-02342,BRAF,biochemical_ic50,23.2,1,true
OBS-000639,C-01165,EGFR,cell_viability,908.7,2,true
OBS-000640,C-01638,MEK1,biochemical_ic50,922.3,2,true
OBS-000641,C-00177,BRAF,biochemical_ic50,13.2,2,true
OBS-000642,C-01104,JAK2,biochemical_ic50,37436.4,3,true
OBS-000643,C-00735,CDK4,cell_viability,25.5,1,true
OBS-000644,C-00560,ALK,biochemical_ic50,8.0,1,true
OBS-000645,C-00153,BRAF,cell_viability,72.8,2,true
OBS-000646,C-01871,BRAF,biochemical_ic50,542.1,3,true
OBS-000647,C-01716,PIK3CA,cell_viability,17.5,1,true
OBS-000648,C-01419,MEK1,cell_viability,15.6,3,true
OBS-000649,C-00097,BRAF,cell_viability,32960.9,1,true
OBS-000650,C-01205,KRAS-G12C,biochemical_ic50,55.2,1,true
OBS-000651,C-02360,MEK1,cell_viability,2017.5,1,true
OBS-000652,C-00442,JAK2,cell_viability,18.4,3,true
OBS-000653,C-01223,ALK,cell_viability,458.4,2,true
OBS-000654,C-00649,MEK1,cell_viability,1531.3,2,true
OBS-000655,C-01855,PIK3CA,biochemical_ic50,4482.5,2,true
OBS-000656,C-02077,CDK4,cell_viability,7308.3,3,true
OBS-000657,C-00092,ALK,cell_viability,35.1,2,true
OBS-000658,C-00389,EGFR,cell_viability,4.6,3,true
OBS-000659,C-00180,JAK2,biochemical_ic50,3548.4,3,true
OBS-000660,C-01068,MEK1,cell_viability,752.2,1,true
OBS-000661,C-01463,KRAS-G12C,cell_viability,42.1,3,true
OBS-000662,C-00199,ALK,cell_viability,1692.1,2,true
OBS-000663,C-02290,KRAS-G12C,biochemical_ic50,78.1,2,true
OBS-000664,C-01220,CDK4,cell_viability,11196.0,3,true
OBS-000665,C-00159,BRAF,cell_viability,25.5,1,true
OBS-000666,C-00665,MEK1,biochemical_ic50,5.8,2,true
OBS-000667,C-00007,CDK4,cell_viability,1874.1,1,true
OBS-000668,C-00002,MEK1,biochemical_ic50,237.1,1,true
OBS-000669,C-00872,EGFR,cell_viability,6273.0,1,true
OBS-000670,C-00019,ALK,biochemical_ic50,22.2,2,true
OBS-000671,C-01216,MEK1,cell_viability,23897.3,3,true
OBS-000672,C-01148,KRAS-G12C,cell_viability,2139.2,2,true
OBS-000673,C-02217,KRAS-G12C,biochemical_ic50,2.4,1,true
OBS-000674,C-01018,BRAF,cell_viability,4.8,1,true
OBS-000675,C-01011,JAK2,biochemical_ic50,12.6,2,true
OBS-000676,C-02287,PIK3CA,biochemical_ic50,1.3,3,true
OBS-000677,C-01324,EGFR,cell_viability,1027.3,3,true
OBS-000678,C-01783,EGFR,biochemical_ic50,7305.1,1,true
OBS-000679,C-01032,CDK4,biochemical_ic50,195.6,3,true
OBS-000680,C-00508,BRAF,biochemical_ic50,19652.3,2,true
OBS-000681,C-01498,JAK2,biochemical_ic50,1122.8,3,true
OBS-000682,C-00457,CDK4,cell_viability,8927.6,2,true
OBS-000683,C-01846,MEK1,cell_viability,34184.5,1,true
OBS-000684,C-01698,KRAS-G12C,biochemical_ic50,36.5,1,true
OBS-000685,C-01364,BRAF,biochemical_ic50,1446.2,1,true
OBS-000686,C-00939,EGFR,biochemical_ic50,1592.9,1,true
OBS-000687,C-01405,KRAS-G12C,cell_viability,18.7,1,true
OBS-000688,C-02028,KRAS-G12C,cell_viability,10.1,3,true
OBS-000689,C-00605,KRAS-G12C,biochemical_ic50,1586.1,1,true
OBS-000690,C-01636,PIK3CA,cell_viability,1.4,2,true
OBS-000691,C-01704,BRAF,biochemical_ic50,11.4,2,true
OBS-000692,C-02176,CDK4,cell_viability,7241.2,1,true
OBS-000693,C-01583,KRAS-G12C,biochemical_ic50,1.6,2,true
OBS-000694,C-01583,JAK2,cell_viability,10.7,2,true
OBS-000695,C-00721,BRAF,biochemical_ic50,1.7,3,true
OBS-000696,C-00731,CDK4,cell_viability,2.1,1,true
OBS-000697,C-01451,PIK3CA,cell_viability,782.3,3,true
OBS-000698,C-02219,MEK1,cell_viability,45.7,3,true
OBS-000699,C-01529,JAK2,cell_viability,1.2,3,true
OBS-000700,C-00986,MEK1,biochemical_ic50,2330.4,2,true
OBS-000701,C-01509,PIK3CA,biochemical_ic50,4956.4,2,true
OBS-000702,C-00215,BRAF,biochemical_ic50,248.1,3,true
OBS-000703,C-01479,ALK,cell_viability,31.6,2,true
OBS-000704,C-01636,ALK,cell_viability,26.1,2,true
OBS-000705,C-01997,CDK4,cell_viability,956.9,3,true
OBS-000706,C-01173,CDK4,biochemical_ic50,941.8,1,true
OBS-000707,C-00585,PIK3CA,cell_viability,3.8,3,true
OBS-000708,C-01311,JAK2,biochemical_ic50,8.4,2,true
OBS-000709,C-02328,MEK1,cell_viability,89.5,2,true
OBS-000710,C-01234,PIK3CA,cell_viability,1723.3,2,true
OBS-000711,C-01167,ALK,cell_viability,30348.1,1,true
OBS-000712,C-00256,PIK3CA,cell_viability,95.4,1,true
OBS-000713,C-01676,KRAS-G12C,cell_viability,1.1,2,true
OBS-000714,C-00742,ALK,cell_viability,9.6,1,true
OBS-000715,C-01959,EGFR,biochemical_ic50,103.4,2,true
OBS-000716,C-02200,PIK3CA,biochemical_ic50,15975.6,2,true
OBS-000717,C-00288,EGFR,biochemical_ic50,19728.3,1,true
OBS-000718,C-02269,EGFR,biochemical_ic50,10.9,1,true
OBS-000719,C-01927,EGFR,cell_viability,28.2,2,true
OBS-000720,C-02087,PIK3CA,biochemical_ic50,32.5,1,true
OBS-000721,C-01736,PIK3CA,cell_viability,2.9,3,true
OBS-000722,C-01183,EGFR,biochemical_ic50,280.2,3,true
OBS-000723,C-01212,BRAF,biochemical_ic50,22.0,1,true
OBS-000724,C-02209,ALK,cell_viability,1.2,2,true
OBS-000725,C-00919,EGFR,cell_viability,18.4,2,true
OBS-000726,C-01931,JAK2,biochemical_ic50,28.7,3,true
OBS-000727,C-00946,KRAS-G12C,cell_viability,1.5,2,true
OBS-000728,C-00300,KRAS-G12C,biochemical_ic50,890.1,3,true
OBS-000729,C-00259,BRAF,cell_viability,351.0,1,true
OBS-000730,C-00716,JAK2,biochemical_ic50,1.4,3,true
OBS-000731,C-00999,EGFR,biochemical_ic50,19.6,1,true
OBS-000732,C-00962,EGFR,cell_viability,5148.6,1,true
OBS-000733,C-01132,KRAS-G12C,cell_viability,1246.4,2,true
OBS-000734,C-01003,ALK,biochemical_ic50,12.1,2,true
OBS-000735,C-01592,CDK4,biochemical_ic50,5.7,2,true
OBS-000736,C-02033,EGFR,cell_viability,23660.1,3,true
OBS-000737,C-00188,MEK1,biochemical_ic50,8113.6,1,true
OBS-000738,C-01517,KRAS-G12C,cell_viability,20.8,2,true
OBS-000739,C-01822,MEK1,biochemical_ic50,7634.4,1,true
OBS-000740,C-02307,ALK,biochemical_ic50,1456.2,3,true
OBS-000741,C-00719,KRAS-G12C,cell_viability,363.0,1,true
OBS-000742,C-01910,ALK,biochemical_ic50,125.1,2,true
OBS-000743,C-00612,KRAS-G12C,biochemical_ic50,4982.4,1,true
OBS-000744,C-00201,BRAF,biochemical_ic50,2722.7,1,true
OBS-000745,C-01963,BRAF,biochemical_ic50,3.1,1,true
OBS-000746,C-01316,PIK3CA,biochemical_ic50,4322.9,3,true
OBS-000747,C-00122,EGFR,biochemical_ic50,176.5,1,true
OBS-000748,C-02180,CDK4,cell_viability,28.3,1,true
OBS-000749,C-00069,MEK1,biochemical_ic50,3.7,1,true
OBS-000750,C-00228,MEK1,cell_viability,159.5,1,true
OBS-000751,C-01058,KRAS-G12C,biochemical_ic50,2078.9,1,true
OBS-000752,C-02013,PIK3CA,cell_viability,898.2,3,true
OBS-000753,C-01802,PIK3CA,biochemical_ic50,20.2,3,true
OBS-000754,C-01682,EGFR,cell_viability,34642.5,1,true
OBS-000755,C-01665,BRAF,biochemical_ic50,1.5,3,true
OBS-000756,C-00495,PIK3CA,biochemical_ic50,30605.5,2,true
OBS-000757,C-00199,MEK1,cell_viability,1.0,3,true
OBS-000758,C-01949,JAK2,cell_viability,21.8,3,true
OBS-000759,C-00100,EGFR,cell_viability,3579.4,3,true
OBS-000760,C-01634,KRAS-G12C,cell_viability,845.7,3,true
OBS-000761,C-00455,EGFR,cell_viability,1050.4,1,true
OBS-000762,C-01355,KRAS-G12C,cell_viability,30.1,2,true
OBS-000763,C-00880,ALK,biochemical_ic50,4503.8,2,true
OBS-000764,C-00577,EGFR,biochemical_ic50,24.9,2,true
OBS-000765,C-00670,CDK4,cell_viability,1268.2,2,true
OBS-000766,C-01269,KRAS-G12C,biochemical_ic50,165.6,1,true
OBS-000767,C-01556,MEK1,cell_viability,2143.7,2,true
OBS-000768,C-01174,CDK4,cell_viability,5.3,1,true
OBS-000769,C-02174,CDK4,biochemical_ic50,17660.6,2,true
OBS-000770,C-02205,CDK4,biochemical_ic50,4196.2,3,true
OBS-000771,C-01613,KRAS-G12C,cell_viability,87.4,1,true
OBS-000772,C-01035,JAK2,biochemical_ic50,1.7,2,true
OBS-000773,C-01322,PIK3CA,biochemical_ic50,22.9,2,true
OBS-000774,C-02259,ALK,cell_viability,1.4,1,true
OBS-000775,C-01302,ALK,cell_viability,6159.3,2,true
OBS-000776,C-02258,CDK4,biochemical_ic50,49.5,3,true
OBS-000777,C-02048,JAK2,cell_viability,14669.4,3,true
OBS-000778,C-01393,EGFR,biochemical_ic50,1637.0,1,true
OBS-000779,C-00499,BRAF,biochemical_ic50,30526.1,2,true
OBS-000780,C-01409,JAK2,cell_viability,118.6,2,true
OBS-000781,C-02311,BRAF,cell_viability,3739.5,3,true
OBS-000782,C-02177,JAK2,biochemical_ic50,1.4,1,true
OBS-000783,C-00398,PIK3CA,biochemical_ic50,3.2,2,true
OBS-000784,C-00259,CDK4,biochemical_ic50,14.8,1,true
OBS-000785,C-00960,CDK4,cell_viability,2.3,1,true
OBS-000786,C-01962,EGFR,cell_viability,100.2,1,true
OBS-000787,C-00667,CDK4,cell_viability,4892.0,3,true
OBS-000788,C-00062,BRAF,cell_viability,5.5,3,true
OBS-000789,C-00611,PIK3CA,biochemical_ic50,1.8,1,true
OBS-000790,C-01092,CDK4,biochemical_ic50,11.6,2,true
OBS-000791,C-02074,JAK2,cell_viability,457.6,2,true
OBS-000792,C-01946,BRAF,biochemical_ic50,1.2,1,true
OBS-000793,C-01479,BRAF,biochemical_ic50,58.5,2,true
OBS-000794,C-01465,EGFR,cell_viability,34112.6,3,true
OBS-000795,C-01041,JAK2,biochemical_ic50,5496.0,1,true
OBS-000796,C-02226,JAK2,biochemical_ic50,45.4,3,true
OBS-000797,C-01132,CDK4,biochemical_ic50,32.4,2,true
OBS-000798,C-00272,PIK3CA,biochemical_ic50,424.6,2,true
OBS-000799,C-02309,PIK3CA,biochemical_ic50,47765.0,3,true
OBS-000800,C-00149,KRAS-G12C,cell_viability,187.0,3,true
OBS-000801,C-01332,JAK2,biochemical_ic50,16.0,2,true
OBS-000802,C-00978,BRAF,cell_viability,35063.6,2,true
OBS-000803,C-02087,ALK,cell_viability,38.6,3,true
OBS-000804,C-00842,MEK1,biochemical_ic50,698.4,2,true
OBS-000805,C-01769,BRAF,cell_viability,15.0,1,true
OBS-000806,C-00761,KRAS-G12C,cell_viability,9.5,1,true
OBS-000807,C-01205,CDK4,biochemical_ic50,1099.2,2,true
OBS-000808,C-00116,CDK4,biochemical_ic50,10520.5,1,true
OBS-000809,C-01969,MEK1,cell_viability,320.4,1,true
OBS-000810,C-02283,ALK,biochemical_ic50,7.2,1,true
OBS-000811,C-00888,ALK,cell_viability,297.1,2,true
OBS-000812,C-00667,PIK3CA,cell_viability,3506.6,2,true
OBS-000813,C-00432,MEK1,biochemical_ic50,157.5,3,true
OBS-000814,C-01612,CDK4,cell_viability,337.4,3,true
OBS-000815,C-00366,PIK3CA,cell_viability,10.1,2,true
OBS-000816,C-00234,PIK3CA,biochemical_ic50,186.5,2,true
OBS-000817,C-02003,ALK,biochemical_ic50,1.1,3,true
OBS-000818,C-01981,KRAS-G12C,biochemical_ic50,8.3,2,true
OBS-000819,C-01074,BRAF,cell_viability,2627.6,3,true
OBS-000820,C-00791,PIK3CA,biochemical_ic50,9.1,3,true
OBS-000821,C-00823,KRAS-G12C,cell_viability,3083.8,2,true
OBS-000822,C-01465,EGFR,biochemical_ic50,2.7,2,true
OBS-000823,C-00343,KRAS-G12C,cell_viability,23685.1,3,true
OBS-000824,C-00984,JAK2,cell_viability,5787.6,1,true
OBS-000825,C-01690,JAK2,cell_viability,4.4,2,true
OBS-000826,C-01677,EGFR,biochemical_ic50,18971.4,2,true
OBS-000827,C-01687,PIK3CA,cell_viability,32413.1,2,true
OBS-000828,C-00039,CDK4,cell_viability,15985.6,3,true
OBS-000829,C-02400,PIK3CA,biochemical_ic50,23370.2,1,true
OBS-000830,C-02157,PIK3CA,cell_viability,4.0,1,true
OBS-000831,C-01633,KRAS-G12C,cell_viability,368.7,3,true
OBS-000832,C-01962,BRAF,biochemical_ic50,1.2,3,true
OBS-000833,C-02115,KRAS-G12C,cell_viability,10879.0,2,true
OBS-000834,C-00239,JAK2,biochemical_ic50,313.1,3,true
OBS-000835,C-00306,ALK,cell_viability,30.8,1,true
OBS-000836,C-01935,ALK,biochemical_ic50,74.3,1,true
OBS-000837,C-00145,ALK,cell_viability,209.6,1,true
OBS-000838,C-01534,CDK4,cell_viability,15243.7,1,true
OBS-000839,C-00701,ALK,biochemical_ic50,4.4,2,true
OBS-000840,C-00045,ALK,cell_viability,157.4,3,true
OBS-000841,C-01164,KRAS-G12C,biochemical_ic50,1.0,3,true
OBS-000842,C-02160,EGFR,biochemical_ic50,650.0,2,true
OBS-000843,C-00482,EGFR,cell_viability,4.4,2,true
OBS-000844,C-01756,ALK,cell_viability,1373.0,3,true
OBS-000845,C-00763,PIK3CA,cell_viability,39.2,3,true
OBS-000846,C-02016,KRAS-G12C,cell_viability,4.8,3,true
OBS-000847,C-00605,CDK4,cell_viability,891.5,3,true
OBS-000848,C-00381,CDK4,biochemical_ic50,2.8,2,true
OBS-000849,C-01314,BRAF,cell_viability,12.1,2,true
OBS-000850,C-00070,KRAS-G12C,cell_viability,576.7,3,true
OBS-000851,C-01101,BRAF,cell_viability,7.1,1,true
OBS-000852,C-01083,CDK4,cell_viability,394.7,3,true
OBS-000853,C-00065,PIK3CA,biochemical_ic50,3353.7,1,true
OBS-000854,C-00966,BRAF,biochemical_ic50,2442.6,1,true
OBS-000855,C-00549,CDK4,biochemical_ic50,5700.0,2,true
OBS-000856,C-01116,ALK,biochemical_ic50,10.1,2,true
OBS-000857,C-01483,KRAS-G12C,biochemical_ic50,9898.7,1,true
OBS-000858,C-01817,PIK3CA,biochemical_ic50,576.4,1,true
OBS-000859,C-01060,ALK,biochemical_ic50,10861.1,1,true
OBS-000860,C-01793,JAK2,cell_viability,3.2,3,true
OBS-000861,C-01364,BRAF,biochemical_ic50,11.3,2,true
OBS-000862,C-01794,EGFR,cell_viability,9310.5,1,true
OBS-000863,C-00662,PIK3CA,cell_viability,2.4,1,true
OBS-000864,C-00996,ALK,biochemical_ic50,23509.9,1,true
OBS-000865,C-00716,PIK3CA,cell_viability,207.3,3,true
OBS-000866,C-00125,KRAS-G12C,cell_viability,11.0,3,true
OBS-000867,C-02173,MEK1,biochemical_ic50,2.1,2,true
OBS-000868,C-01900,KRAS-G12C,biochemical_ic50,15118.7,2,true
OBS-000869,C-00042,BRAF,biochemical_ic50,35346.9,1,true
OBS-000870,C-00171,KRAS-G12C,cell_viability,2842.9,1,true
OBS-000871,C-02263,KRAS-G12C,biochemical_ic50,76.1,3,true
OBS-000872,C-01761,JAK2,cell_viability,404.3,3,true
OBS-000873,C-01746,CDK4,biochemical_ic50,62.3,3,true
OBS-000874,C-01067,MEK1,cell_viability,1844.7,2,true
OBS-000875,C-01355,KRAS-G12C,cell_viability,2.0,1,true
OBS-000876,C-01541,BRAF,cell_viability,12076.2,2,true
OBS-000877,C-02190,KRAS-G12C,biochemical_ic50,522.2,3,true
OBS-000878,C-01608,KRAS-G12C,biochemical_ic50,174.1,3,true
OBS-000879,C-00311,JAK2,cell_viability,7484.8,1,true
OBS-000880,C-01587,JAK2,biochemical_ic50,48.8,2,true
OBS-000881,C-00084,EGFR,cell_viability,3312.2,1,true
OBS-000882,C-01439,PIK3CA,biochemical_ic50,1545.6,2,true
OBS-000883,C-01168,EGFR,biochemical_ic50,23124.7,1,true
OBS-000884,C-02153,BRAF,cell_viability,1554.4,1,true
OBS-000885,C-01833,KRAS-G12C,cell_viability,708.0,2,true
OBS-000886,C-00585,ALK,biochemical_ic50,207.8,3,true
OBS-000887,C-00511,BRAF,biochemical_ic50,34278.2,2,true
OBS-000888,C-01578,MEK1,cell_viability,9408.2,1,true
OBS-000889,C-00313,ALK,biochemical_ic50,21025.5,1,true
OBS-000890,C-00652,CDK4,cell_viability,35.8,1,true
OBS-000891,C-01437,KRAS-G12C,cell_viability,2.1,3,true
OBS-000892,C-01636,JAK2,cell_viability,12.1,1,true
OBS-000893,C-02277,PIK3CA,cell_viability,23.5,2,true
OBS-000894,C-00722,KRAS-G12C,cell_viability,1.0,1,true
OBS-000895,C-00172,PIK3CA,cell_viability,1.4,2,true
OBS-000896,C-01435,CDK4,biochemical_ic50,12.1,1,true
OBS-000897,C-00801,PIK3CA,biochemical_ic50,22181.5,3,true
OBS-000898,C-00924,EGFR,cell_viability,741.9,2,true
OBS-000899,C-00090,CDK4,biochemical_ic50,42959.9,3,true
OBS-000900,C-00602,CDK4,biochemical_ic50,5.1,2,true
OBS-000901,C-01672,BRAF,biochemical_ic50,805.5,2,true
OBS-000902,C-01501,PIK3CA,biochemical_ic50,5.7,3,true
OBS-000903,C-00947,MEK1,cell_viability,8445.8,1,true
OBS-000904,C-01560,CDK4,biochemical_ic50,7061.1,1,true
OBS-000905,C-01439,CDK4,biochemical_ic50,185.2,3,true
OBS-000906,C-01702,PIK3CA,cell_viability,73.2,3,true
OBS-000907,C-01938,CDK4,cell_viability,580.9,1,true
OBS-000908,C-00449,JAK2,cell_viability,1.5,3,true
OBS-000909,C-02227,JAK2,cell_viability,28.7,3,true
OBS-000910,C-01854,CDK4,biochemical_ic50,1927.7,3,true
OBS-000911,C-01477,BRAF,cell_viability,1.8,2,true
OBS-000912,C-01748,CDK4,cell_viability,6.5,1,true
OBS-000913,C-01876,ALK,cell_viability,711.0,1,true
OBS-000914,C-00582,JAK2,biochemical_ic50,10110.3,2,true
OBS-000915,C-00247,CDK4,biochemical_ic50,25.6,1,true
OBS-000916,C-01418,CDK4,biochemical_ic50,36.4,1,true
OBS-000917,C-00690,BRAF,biochemical_ic50,192.7,2,true
OBS-000918,C-00953,EGFR,cell_viability,1.3,1,true
OBS-000919,C-01643,ALK,biochemical_ic50,14047.5,2,true
OBS-000920,C-01291,MEK1,biochemical_ic50,1.0,2,true
OBS-000921,C-01071,KRAS-G12C,biochemical_ic50,369.4,1,true
OBS-000922,C-01375,KRAS-G12C,biochemical_ic50,2676.7,3,true
OBS-000923,C-00246,ALK,biochemical_ic50,2.7,3,true
OBS-000924,C-00068,KRAS-G12C,cell_viability,2444.9,1,true
OBS-000925,C-02192,CDK4,cell_viability,124.6,3,true
OBS-000926,C-01419,BRAF,biochemical_ic50,23.3,3,true
OBS-000927,C-01924,EGFR,biochemical_ic50,620.7,2,true
OBS-000928,C-00380,JAK2,cell_viability,1550.8,1,true
OBS-000929,C-02213,JAK2,biochemical_ic50,22.1,1,true
OBS-000930,C-01859,PIK3CA,cell_viability,35.6,3,true
OBS-000931,C-00922,KRAS-G12C,biochemical_ic50,1344.2,3,true
OBS-000932,C-01279,PIK3CA,cell_viability,65.4,3,true
OBS-000933,C-00513,BRAF,biochemical_ic50,8.0,3,true
OBS-000934,C-01571,MEK1,biochemical_ic50,21.9,2,true
OBS-000935,C-00717,EGFR,cell_viability,25555.9,3,true
OBS-000936,C-02114,EGFR,biochemical_ic50,6020.1,3,true
OBS-000937,C-01864,BRAF,cell_viability,22199.4,3,true
OBS-000938,C-01335,MEK1,cell_viability,21.8,3,true
OBS-000939,C-02353,ALK,cell_viability,410.9,1,true
OBS-000940,C-02075,JAK2,cell_viability,388.2,2,true
OBS-000941,C-00010,BRAF,cell_viability,1.4,1,true
OBS-000942,C-00373,MEK1,cell_viability,876.2,2,true
OBS-000943,C-01656,CDK4,biochemical_ic50,58.2,1,true
OBS-000944,C-01787,KRAS-G12C,cell_viability,1085.8,3,true
OBS-000945,C-00738,JAK2,biochemical_ic50,7.6,3,true
OBS-000946,C-01609,ALK,biochemical_ic50,30061.3,3,true
OBS-000947,C-01758,CDK4,cell_viability,6506.2,2,true
OBS-000948,C-01790,ALK,biochemical_ic50,11.4,2,true
OBS-000949,C-02215,EGFR,biochemical_ic50,2490.2,2,true
OBS-000950,C-00283,EGFR,biochemical_ic50,138.1,1,true
OBS-000951,C-00659,CDK4,cell_viability,6095.3,2,true
OBS-000952,C-02026,CDK4,cell_viability,1056.6,3,true
OBS-000953,C-01801,BRAF,biochemical_ic50,607.8,1,true
OBS-000954,C-00766,MEK1,cell_viability,2.5,3,true
OBS-000955,C-02206,MEK1,cell_viability,746.5,3,true
OBS-000956,C-00949,JAK2,cell_viability,19162.9,1,true
OBS-000957,C-01941,PIK3CA,cell_viability,27.9,1,true
OBS-000958,C-01544,ALK,cell_viability,248.3,3,true
OBS-000959,C-02118,CDK4,cell_viability,40826.5,3,true
OBS-000960,C-00358,CDK4,biochemical_ic50,50.6,2,true
OBS-000961,C-00793,KRAS-G12C,biochemical_ic50,1568.7,3,true
OBS-000962,C-00080,CDK4,biochemical_ic50,7777.5,1,true
OBS-000963,C-01521,KRAS-G12C,cell_viability,6184.7,2,true
OBS-000964,C-00868,EGFR,cell_viability,497.9,3,true
OBS-000965,C-00936,MEK1,biochemical_ic50,1695.8,2,true
OBS-000966,C-00420,KRAS-G12C,biochemical_ic50,13.1,3,true
OBS-000967,C-01411,EGFR,cell_viability,3949.6,3,true
OBS-000968,C-00112,BRAF,cell_viability,11053.4,1,true
OBS-000969,C-01689,JAK2,biochemical_ic50,5774.7,2,true
OBS-000970,C-01800,KRAS-G12C,biochemical_ic50,659.8,2,true
OBS-000971,C-00973,PIK3CA,cell_viability,947.9,2,true
OBS-000972,C-00947,KRAS-G12C,biochemical_ic50,49274.4,1,true
OBS-000973,C-01837,JAK2,biochemical_ic50,1897.8,3,true
OBS-000974,C-00815,PIK3CA,cell_viability,272.5,3,true
OBS-000975,C-00445,PIK3CA,cell_viability,60.7,3,true
OBS-000976,C-01942,PIK3CA,cell_viability,6398.7,3,true
OBS-000977,C-02178,JAK2,cell_viability,55.4,1,true
OBS-000978,C-02375,MEK1,biochemical_ic50,11625.6,3,true
OBS-000979,C-00099,MEK1,biochemical_ic50,23045.5,3,true
OBS-000980,C-01349,JAK2,biochemical_ic50,130.0,3,true
OBS-000981,C-02343,EGFR,biochemical_ic50,669.4,3,true
OBS-000982,C-00378,BRAF,biochemical_ic50,81.9,3,true
OBS-000983,C-00686,MEK1,cell_viability,8000.2,3,true
OBS-000984,C-01483,KRAS-G12C,biochemical_ic50,1.2,1,true
OBS-000985,C-00782,CDK4,cell_viability,120.2,3,true
OBS-000986,C-00031,KRAS-G12C,cell_viability,356.1,2,true
OBS-000987,C-00931,ALK,biochemical_ic50,2.7,2,true
OBS-000988,C-02162,CDK4,cell_viability,17728.7,2,true
OBS-000989,C-02176,MEK1,biochemical_ic50,28.1,1,true
OBS-000990,C-00893,BRAF,biochemical_ic50,1621.2,1,true
OBS-000991,C-02291,EGFR,cell_viability,16202.7,1,true
OBS-000992,C-00510,ALK,cell_viability,144.2,1,true
OBS-000993,C-00681,PIK3CA,biochemical_ic50,116.9,2,true
OBS-000994,C-00560,JAK2,cell_viability,8697.9,1,true
OBS-000995,C-01405,KRAS-G12C,biochemical_ic50,627.6,2,true
OBS-000996,C-01111,EGFR,biochemical_ic50,1.7,2,true
OBS-000997,C-00548,ALK,biochemical_ic50,29120.8,2,true
OBS-000998,C-00294,MEK1,biochemical_ic50,5.2,2,true
OBS-000999,C-00821,BRAF,cell_viability,6055.9,1,true
OBS-001000,C-01955,EGFR,cell_viability,5727.6,1,true
OBS-001001,C-01024,MEK1,cell_viability,914.5,1,true
OBS-001002,C-01587,ALK,biochemical_ic50,48.4,2,true
OBS-001003,C-01368,BRAF,cell_viability,4.4,2,true
OBS-001004,C-01844,CDK4,cell_viability,1.4,2,true
OBS-001005,C-00229,JAK2,cell_viability,768.9,2,true
OBS-001006,C-01116,KRAS-G12C,cell_viability,15.6,1,true
OBS-001007,C-00833,CDK4,biochemical_ic50,1129.4,3,true
OBS-001008,C-00578,JAK2,cell_viability,33891.0,2,true
OBS-001009,C-01967,BRAF,cell_viability,2.2,2,true
OBS-001010,C-00010,EGFR,cell_viability,9860.4,1,true
OBS-001011,C-01344,CDK4,cell_viability,53.6,2,true
OBS-001012,C-00037,KRAS-G12C,biochemical_ic50,2544.0,3,true
OBS-001013,C-01761,BRAF,biochemical_ic50,3.0,2,true
OBS-001014,C-01184,MEK1,biochemical_ic50,3701.6,2,true
OBS-001015,C-00358,BRAF,biochemical_ic50,5085.3,1,true
OBS-001016,C-00272,PIK3CA,biochemical_ic50,1.7,2,true
OBS-001017,C-01114,JAK2,biochemical_ic50,8840.2,3,true
OBS-001018,C-00899,ALK,cell_viability,39169.8,1,true
OBS-001019,C-01845,JAK2,cell_viability,7.4,1,true
OBS-001020,C-00577,ALK,biochemical_ic50,13.2,1,true
OBS-001021,C-01256,ALK,cell_viability,1.5,1,true
OBS-001022,C-02168,ALK,biochemical_ic50,155.3,3,true
OBS-001023,C-01229,JAK2,cell_viability,1304.0,3,true
OBS-001024,C-01225,PIK3CA,cell_viability,1188.3,1,true
OBS-001025,C-02117,ALK,cell_viability,11635.7,2,true
OBS-001026,C-00993,BRAF,cell_viability,2.7,3,true
OBS-001027,C-02141,EGFR,biochemical_ic50,1458.8,2,true
OBS-001028,C-00849,KRAS-G12C,cell_viability,21.5,3,true
OBS-001029,C-01863,MEK1,cell_viability,598.4,1,true
OBS-001030,C-01717,EGFR,biochemical_ic50,1256.0,3,true
OBS-001031,C-00571,MEK1,cell_viability,370.8,2,true
OBS-001032,C-02158,EGFR,cell_viability,1122.9,2,true
OBS-001033,C-00465,KRAS-G12C,cell_viability,3.4,3,true
OBS-001034,C-02133,PIK3CA,biochemical_ic50,5.2,2,true
OBS-001035,C-01717,PIK3CA,cell_viability,44887.1,1,true
OBS-001036,C-00288,MEK1,biochemical_ic50,40.8,1,true
OBS-001037,C-01077,MEK1,biochemical_ic50,59.8,2,true
OBS-001038,C-01950,EGFR,cell_viability,49.4,2,true
OBS-001039,C-01054,BRAF,cell_viability,5826.4,1,true
OBS-001040,C-00523,CDK4,cell_viability,29.9,2,true
OBS-001041,C-02390,PIK3CA,cell_viability,2659.7,2,true
OBS-001042,C-00625,EGFR,cell_viability,76.0,2,true
OBS-001043,C-00940,CDK4,biochemical_ic50,6.6,3,true
OBS-001044,C-01615,BRAF,biochemical_ic50,4.2,2,true
OBS-001045,C-00161,EGFR,cell_viability,1184.1,1,true
OBS-001046,C-01028,PIK3CA,cell_viability,3899.6,3,true
OBS-001047,C-01385,ALK,cell_viability,8225.3,2,true
OBS-001048,C-01137,BRAF,biochemical_ic50,60.9,1,true
OBS-001049,C-00590,CDK4,cell_viability,24.4,1,true
OBS-001050,C-01326,CDK4,biochemical_ic50,3.0,2,true
OBS-001051,C-00303,BRAF,cell_viability,11.3,3,true
OBS-001052,C-01731,EGFR,biochemical_ic50,1336.5,1,true
OBS-001053,C-00596,BRAF,cell_viability,205.7,3,true
OBS-001054,C-01161,BRAF,biochemical_ic50,41.8,1,true
OBS-001055,C-01300,PIK3CA,biochemical_ic50,355.4,2,true
OBS-001056,C-01640,EGFR,biochemical_ic50,324.7,2,true
OBS-001057,C-02280,ALK,cell_viability,14454.0,3,true
OBS-001058,C-01875,KRAS-G12C,biochemical_ic50,13660.9,2,true
OBS-001059,C-01265,PIK3CA,biochemical_ic50,976.7,1,true
OBS-001060,C-00065,ALK,biochemical_ic50,4788.4,2,true
OBS-001061,C-01454,MEK1,cell_viability,24.8,2,true
OBS-001062,C-00979,ALK,cell_viability,65.3,3,true
OBS-001063,C-01400,BRAF,cell_viability,338.9,2,true
OBS-001064,C-00525,CDK4,biochemical_ic50,128.0,2,true
OBS-001065,C-01693,CDK4,biochemical_ic50,1036.4,2,true
OBS-001066,C-02134,JAK2,biochemical_ic50,1475.2,2,true
OBS-001067,C-01207,EGFR,cell_viability,250.6,2,true
OBS-001068,C-00776,KRAS-G12C,cell_viability,1406.1,2,true
OBS-001069,C-01947,MEK1,biochemical_ic50,8.2,2,true
OBS-001070,C-01652,KRAS-G12C,biochemical_ic50,3.1,3,true
OBS-001071,C-02014,JAK2,biochemical_ic50,6748.4,1,true
OBS-001072,C-02357,EGFR,biochemical_ic50,3143.4,2,true
OBS-001073,C-01899,KRAS-G12C,biochemical_ic50,435.1,2,true
OBS-001074,C-01145,BRAF,biochemical_ic50,28.4,1,true
OBS-001075,C-01913,KRAS-G12C,biochemical_ic50,15443.6,1,true
OBS-001076,C-01296,ALK,biochemical_ic50,9913.8,3,true
OBS-001077,C-00564,ALK,cell_viability,308.1,3,true
OBS-001078,C-02018,EGFR,biochemical_ic50,47.5,1,true
OBS-001079,C-01132,MEK1,biochemical_ic50,10012.4,3,true
OBS-001080,C-01685,KRAS-G12C,biochemical_ic50,25.7,3,true
OBS-001081,C-02210,PIK3CA,cell_viability,12965.1,1,true
OBS-001082,C-01919,PIK3CA,biochemical_ic50,891.8,2,true
OBS-001083,C-00337,PIK3CA,biochemical_ic50,211.1,3,true
OBS-001084,C-00962,MEK1,cell_viability,2.2,2,true
OBS-001085,C-01644,PIK3CA,cell_viability,1.2,3,true
OBS-001086,C-01592,JAK2,cell_viability,74.6,1,true
OBS-001087,C-01710,ALK,cell_viability,195.0,1,true
OBS-001088,C-01290,JAK2,cell_viability,6337.1,3,true
OBS-001089,C-01590,CDK4,biochemical_ic50,1.5,1,true
OBS-001090,C-00441,CDK4,biochemical_ic50,113.7,2,true
OBS-001091,C-00597,EGFR,biochemical_ic50,86.8,1,true
OBS-001092,C-00466,ALK,cell_viability,646.1,3,true
OBS-001093,C-02372,ALK,cell_viability,398.9,2,true
OBS-001094,C-01882,KRAS-G12C,biochemical_ic50,9469.0,3,true
OBS-001095,C-01194,PIK3CA,biochemical_ic50,1.0,3,true
OBS-001096,C-00738,ALK,biochemical_ic50,21.4,2,true
OBS-001097,C-01594,BRAF,biochemical_ic50,12749.1,2,true
OBS-001098,C-01383,KRAS-G12C,biochemical_ic50,420.5,3,true
OBS-001099,C-00333,BRAF,cell_viability,1.0,2,true
OBS-001100,C-02101,MEK1,cell_viability,199.4,1,true
OBS-001101,C-02366,CDK4,cell_viability,11414.6,2,true
OBS-001102,C-00309,KRAS-G12C,cell_viability,32530.9,1,true
OBS-001103,C-00497,ALK,biochemical_ic50,2.2,3,true
OBS-001104,C-01726,MEK1,cell_viability,87.9,1,true
OBS-001105,C-02035,KRAS-G12C,cell_viability,7.8,1,true
OBS-001106,C-01710,EGFR,biochemical_ic50,4223.9,3,true
OBS-001107,C-01735,JAK2,biochemical_ic50,2.6,1,true
OBS-001108,C-00754,BRAF,cell_viability,5.0,1,true
OBS-001109,C-00733,KRAS-G12C,cell_viability,49155.3,3,true
OBS-001110,C-01654,CDK4,biochemical_ic50,409.5,1,true
OBS-001111,C-01521,CDK4,cell_viability,7081.9,2,true
OBS-001112,C-01868,MEK1,biochemical_ic50,4768.1,1,true
OBS-001113,C-01902,MEK1,cell_viability,68.1,1,true
OBS-001114,C-00406,PIK3CA,cell_viability,34901.8,2,true
OBS-001115,C-02285,JAK2,biochemical_ic50,1.6,2,true
OBS-001116,C-02255,EGFR,biochemical_ic50,7.0,1,true
OBS-001117,C-01494,KRAS-G12C,cell_viability,17460.5,3,true
OBS-001118,C-00219,BRAF,cell_viability,455.0,3,true
OBS-001119,C-00907,KRAS-G12C,biochemical_ic50,8.1,2,true
OBS-001120,C-01867,BRAF,biochemical_ic50,136.4,2,true
OBS-001121,C-01509,EGFR,cell_viability,35659.2,3,true
OBS-001122,C-01243,MEK1,biochemical_ic50,32.7,1,true
OBS-001123,C-00487,EGFR,biochemical_ic50,6031.5,1,true
OBS-001124,C-00584,ALK,biochemical_ic50,2134.6,2,true
OBS-001125,C-01370,JAK2,biochemical_ic50,18.7,2,true
OBS-001126,C-00322,EGFR,biochemical_ic50,32.6,3,true
OBS-001127,C-00675,KRAS-G12C,cell_viability,11.3,3,true
OBS-001128,C-01460,ALK,cell_viability,1719.5,1,true
OBS-001129,C-00486,KRAS-G12C,cell_viability,2.1,3,true
OBS-001130,C-00729,MEK1,cell_viability,93.1,2,true
OBS-001131,C-00141,MEK1,biochemical_ic50,5.0,3,true
OBS-001132,C-02389,ALK,cell_viability,24.7,3,true
OBS-001133,C-00182,BRAF,cell_viability,5432.2,3,true
OBS-001134,C-00471,BRAF,cell_viability,157.2,3,true
OBS-001135,C-01722,EGFR,biochemical_ic50,65.7,2,true
OBS-001136,C-02117,KRAS-G12C,biochemical_ic50,98.8,3,true
OBS-001137,C-00592,PIK3CA,biochemical_ic50,339.2,3,true
OBS-001138,C-02100,JAK2,cell_viability,4.9,3,true
OBS-001139,C-00736,BRAF,cell_viability,52.4,1,true
OBS-001140,C-02147,ALK,cell_viability,72.0,3,true
OBS-001141,C-00736,PIK3CA,cell_viability,1.6,1,true
OBS-001142,C-01156,PIK3CA,biochemical_ic50,57.4,3,true
OBS-001143,C-01322,MEK1,cell_viability,1.1,2,true
OBS-001144,C-00666,EGFR,biochemical_ic50,4.1,3,true
OBS-001145,C-01378,CDK4,cell_viability,342.1,2,true
OBS-001146,C-01007,CDK4,cell_viability,7.3,1,true
OBS-001147,C-01140,ALK,biochemical_ic50,190.8,2,true
OBS-001148,C-00103,ALK,cell_viability,1.3,1,true
OBS-001149,C-01528,PIK3CA,cell_viability,4853.3,3,true
OBS-001150,C-02059,KRAS-G12C,biochemical_ic50,20276.5,1,true
OBS-001151,C-00120,ALK,biochemical_ic50,18.0,2,true
OBS-001152,C-00900,MEK1,cell_viability,66.9,1,true
OBS-001153,C-01912,CDK4,biochemical_ic50,11293.1,2,true
OBS-001154,C-01346,EGFR,biochemical_ic50,6447.1,3,true
OBS-001155,C-01343,PIK3CA,cell_viability,83.6,3,true
OBS-001156,C-00317,MEK1,cell_viability,177.9,2,true
OBS-001157,C-01564,EGFR,biochemical_ic50,790.6,3,true
OBS-001158,C-01388,ALK,biochemical_ic50,880.7,1,true
OBS-001159,C-01182,BRAF,cell_viability,3.6,2,true
OBS-001160,C-01572,ALK,biochemical_ic50,5.5,2,true
OBS-001161,C-00903,CDK4,cell_viability,365.4,2,true
OBS-001162,C-01699,JAK2,biochemical_ic50,6.0,3,true
OBS-001163,C-00819,CDK4,cell_viability,2.4,3,true
OBS-001164,C-00624,PIK3CA,biochemical_ic50,206.8,3,true
OBS-001165,C-00817,JAK2,biochemical_ic50,61.2,1,true
OBS-001166,C-01263,BRAF,cell_viability,765.0,3,true
OBS-001167,C-01790,KRAS-G12C,biochemical_ic50,6.5,2,true
OBS-001168,C-00226,JAK2,biochemical_ic50,4.6,3,true
OBS-001169,C-02109,EGFR,biochemical_ic50,7947.8,2,true
OBS-001170,C-01497,EGFR,cell_viability,118.3,2,true
OBS-001171,C-01142,JAK2,biochemical_ic50,4.2,2,true
OBS-001172,C-01993,JAK2,biochemical_ic50,147.7,2,true
OBS-001173,C-01355,ALK,cell_viability,5.1,1,true
OBS-001174,C-02362,KRAS-G12C,biochemical_ic50,125.8,1,true
OBS-001175,C-01466,CDK4,biochemical_ic50,2092.4,2,true
OBS-001176,C-01259,EGFR,cell_viability,153.5,1,true
OBS-001177,C-00209,BRAF,biochemical_ic50,466.2,1,true
OBS-001178,C-00891,CDK4,biochemical_ic50,2729.8,1,true
OBS-001179,C-01141,CDK4,cell_viability,27045.2,2,true
OBS-001180,C-00312,PIK3CA,biochemical_ic50,164.2,2,true
OBS-001181,C-01796,BRAF,cell_viability,9.4,1,true
OBS-001182,C-01555,KRAS-G12C,cell_viability,2783.8,3,true
OBS-001183,C-00488,PIK3CA,biochemical_ic50,11748.5,3,true
OBS-001184,C-00697,CDK4,biochemical_ic50,7.1,2,true
OBS-001185,C-01199,KRAS-G12C,cell_viability,13329.9,3,true
OBS-001186,C-00785,PIK3CA,cell_viability,14891.0,2,true
OBS-001187,C-01628,BRAF,cell_viability,24459.2,1,true
OBS-001188,C-00688,ALK,biochemical_ic50,2.0,1,true
OBS-001189,C-01241,ALK,cell_viability,13054.6,1,true
OBS-001190,C-01158,MEK1,biochemical_ic50,10.3,3,true
OBS-001191,C-02025,CDK4,biochemical_ic50,39918.3,3,true
OBS-001192,C-02347,ALK,cell_viability,43614.6,3,true
OBS-001193,C-01105,PIK3CA,biochemical_ic50,2.1,1,true
OBS-001194,C-01024,CDK4,biochemical_ic50,8.7,3,true
OBS-001195,C-01788,JAK2,biochemical_ic50,2.2,2,true
OBS-001196,C-00004,EGFR,cell_viability,63.8,1,true
OBS-001197,C-00860,JAK2,biochemical_ic50,7.3,1,true
OBS-001198,C-00385,KRAS-G12C,biochemical_ic50,12.6,2,true
OBS-001199,C-00320,JAK2,cell_viability,283.1,3,true
OBS-001200,C-02195,MEK1,biochemical_ic50,1043.0,3,true
OBS-001201,C-01280,MEK1,cell_viability,6489.1,1,true
OBS-001202,C-01438,KRAS-G12C,cell_viability,14342.0,3,true
OBS-001203,C-00614,PIK3CA,cell_viability,11777.5,1,true
OBS-001204,C-01481,JAK2,cell_viability,46441.5,1,true
OBS-001205,C-00397,MEK1,biochemical_ic50,28.7,2,true
OBS-001206,C-01499,BRAF,biochemical_ic50,432.4,3,true
OBS-001207,C-01643,CDK4,cell_viability,1657.3,2,true
OBS-001208,C-00292,KRAS-G12C,biochemical_ic50,6533.7,3,true
OBS-001209,C-00484,BRAF,biochemical_ic50,20.7,2,true
OBS-001210,C-01336,KRAS-G12C,biochemical_ic50,1.4,3,true
OBS-001211,C-02370,KRAS-G12C,cell_viability,7.7,1,true
OBS-001212,C-00382,BRAF,biochemical_ic50,1.8,2,true
OBS-001213,C-00167,KRAS-G12C,cell_viability,6721.7,3,true
OBS-001214,C-01674,KRAS-G12C,cell_viability,10472.1,1,true
OBS-001215,C-01313,CDK4,cell_viability,17.6,1,true
OBS-001216,C-01725,PIK3CA,cell_viability,3606.9,3,true
OBS-001217,C-02066,ALK,cell_viability,3024.7,1,true
OBS-001218,C-02381,CDK4,biochemical_ic50,3.0,3,true
OBS-001219,C-01544,JAK2,biochemical_ic50,21757.5,1,true
OBS-001220,C-00526,KRAS-G12C,biochemical_ic50,447.2,1,true
OBS-001221,C-00115,MEK1,cell_viability,44.8,1,true
OBS-001222,C-00796,CDK4,biochemical_ic50,8949.8,3,true
OBS-001223,C-00478,JAK2,biochemical_ic50,108.1,3,true
OBS-001224,C-01535,ALK,biochemical_ic50,1.4,1,true
OBS-001225,C-00619,MEK1,cell_viability,4.6,2,true
OBS-001226,C-01541,CDK4,cell_viability,6.9,1,true
OBS-001227,C-00807,ALK,cell_viability,181.9,1,true
OBS-001228,C-01252,EGFR,cell_viability,89.7,1,true
OBS-001229,C-02362,CDK4,biochemical_ic50,163.5,1,true
OBS-001230,C-02338,PIK3CA,cell_viability,27.8,1,true
OBS-001231,C-00219,KRAS-G12C,cell_viability,95.1,3,true
OBS-001232,C-01384,ALK,cell_viability,30.7,2,true
OBS-001233,C-00885,KRAS-G12C,biochemical_ic50,2.5,3,true
OBS-001234,C-01058,CDK4,cell_viability,53.1,2,true
OBS-001235,C-00635,MEK1,biochemical_ic50,71.7,1,true
OBS-001236,C-01493,PIK3CA,biochemical_ic50,2.1,1,true
OBS-001237,C-00267,MEK1,biochemical_ic50,1.9,2,true
OBS-001238,C-00455,KRAS-G12C,cell_viability,1.5,3,true
OBS-001239,C-01284,ALK,cell_viability,2129.4,1,true
OBS-001240,C-01014,EGFR,cell_viability,55.7,2,true
OBS-001241,C-01742,EGFR,biochemical_ic50,51.3,3,true
OBS-001242,C-00175,PIK3CA,cell_viability,24871.9,3,true
OBS-001243,C-01884,ALK,cell_viability,12.8,1,true
OBS-001244,C-01938,KRAS-G12C,cell_viability,3.8,2,true
OBS-001245,C-02038,ALK,cell_viability,19712.5,3,true
OBS-001246,C-01885,JAK2,cell_viability,14.5,1,true
OBS-001247,C-00461,MEK1,biochemical_ic50,1.9,2,true
OBS-001248,C-02367,PIK3CA,biochemical_ic50,72.7,3,true
OBS-001249,C-02067,KRAS-G12C,biochemical_ic50,695.4,1,true
OBS-001250,C-02153,KRAS-G12C,biochemical_ic50,49682.0,1,true
OBS-001251,C-02220,CDK4,biochemical_ic50,221.0,3,true
OBS-001252,C-01454,MEK1,biochemical_ic50,15.1,2,true
OBS-001253,C-01838,JAK2,cell_viability,5.2,1,true
OBS-001254,C-02165,CDK4,cell_viability,113.1,1,true
OBS-001255,C-01560,CDK4,biochemical_ic50,3309.4,1,true
OBS-001256,C-00486,CDK4,biochemical_ic50,1476.1,1,true
OBS-001257,C-01564,MEK1,biochemical_ic50,7.7,2,true
OBS-001258,C-00702,EGFR,cell_viability,14238.3,3,true
OBS-001259,C-02012,ALK,biochemical_ic50,5713.0,1,true
OBS-001260,C-00461,KRAS-G12C,cell_viability,451.1,2,true
OBS-001261,C-01083,KRAS-G12C,cell_viability,919.8,1,true
OBS-001262,C-01799,CDK4,cell_viability,23540.2,3,true
OBS-001263,C-01703,PIK3CA,biochemical_ic50,259.2,1,true
OBS-001264,C-00506,JAK2,cell_viability,72.7,3,true
OBS-001265,C-00590,EGFR,cell_viability,2377.7,3,true
OBS-001266,C-00315,BRAF,cell_viability,32.7,1,true
OBS-001267,C-01497,PIK3CA,biochemical_ic50,22577.4,3,true
OBS-001268,C-02346,BRAF,cell_viability,12768.4,2,true
OBS-001269,C-02333,CDK4,cell_viability,564.3,2,true
OBS-001270,C-01288,EGFR,biochemical_ic50,1.0,3,true
OBS-001271,C-01346,MEK1,biochemical_ic50,11.7,3,true
OBS-001272,C-01895,ALK,biochemical_ic50,1.1,3,true
OBS-001273,C-01260,JAK2,cell_viability,19.0,1,true
OBS-001274,C-01168,JAK2,biochemical_ic50,1460.4,3,true
OBS-001275,C-00076,BRAF,biochemical_ic50,705.9,1,true
OBS-001276,C-00939,PIK3CA,cell_viability,652.6,3,true
OBS-001277,C-00872,BRAF,cell_viability,1.1,1,true
OBS-001278,C-01994,PIK3CA,cell_viability,25707.7,3,true
OBS-001279,C-00937,CDK4,cell_viability,7592.2,1,true
OBS-001280,C-02011,ALK,cell_viability,188.6,2,true
OBS-001281,C-01431,MEK1,biochemical_ic50,10.8,3,true
OBS-001282,C-01877,MEK1,cell_viability,66.9,2,true
OBS-001283,C-00738,EGFR,biochemical_ic50,12205.9,2,true
OBS-001284,C-01853,MEK1,biochemical_ic50,4.8,2,true
OBS-001285,C-01738,CDK4,biochemical_ic50,1986.2,2,true
OBS-001286,C-00191,PIK3CA,cell_viability,5981.5,2,true
OBS-001287,C-00667,BRAF,cell_viability,1632.6,1,true
OBS-001288,C-00035,JAK2,cell_viability,6369.5,2,true
OBS-001289,C-01649,CDK4,cell_viability,18447.3,3,true
OBS-001290,C-00768,PIK3CA,biochemical_ic50,1.9,3,true
OBS-001291,C-00496,JAK2,cell_viability,506.2,3,true
OBS-001292,C-00567,ALK,biochemical_ic50,32588.5,3,true
OBS-001293,C-01175,PIK3CA,biochemical_ic50,301.8,3,true
OBS-001294,C-02353,JAK2,cell_viability,1229.5,1,true
OBS-001295,C-00110,CDK4,biochemical_ic50,2603.2,1,true
OBS-001296,C-00205,BRAF,cell_viability,1.0,2,true
OBS-001297,C-00227,KRAS-G12C,cell_viability,19.6,3,true
OBS-001298,C-00077,CDK4,biochemical_ic50,9.8,2,true
OBS-001299,C-00670,KRAS-G12C,cell_viability,7.9,3,true
OBS-001300,C-00611,PIK3CA,cell_viability,1.1,2,true
OBS-001301,C-00273,BRAF,cell_viability,40.5,3,true
OBS-001302,C-01158,MEK1,cell_viability,1788.5,2,true
OBS-001303,C-01241,BRAF,biochemical_ic50,4.0,3,true
OBS-001304,C-01151,EGFR,biochemical_ic50,811.9,1,true
OBS-001305,C-01092,ALK,cell_viability,4.6,1,true
OBS-001306,C-01102,JAK2,biochemical_ic50,1.0,1,true
OBS-001307,C-01573,JAK2,biochemical_ic50,1417.2,1,true
OBS-001308,C-01340,BRAF,biochemical_ic50,73.9,3,true
OBS-001309,C-00605,PIK3CA,biochemical_ic50,1576.0,2,true
OBS-001310,C-00837,PIK3CA,cell_viability,922.4,3,true
OBS-001311,C-00044,JAK2,cell_viability,1860.6,2,true
OBS-001312,C-01093,EGFR,biochemical_ic50,142.5,3,true
OBS-001313,C-01160,BRAF,biochemical_ic50,3.2,2,true
OBS-001314,C-01316,BRAF,biochemical_ic50,1133.8,1,true
OBS-001315,C-02024,JAK2,cell_viability,65.9,2,true
OBS-001316,C-02123,CDK4,cell_viability,2.1,2,true
OBS-001317,C-00691,PIK3CA,cell_viability,6554.7,1,true
OBS-001318,C-01977,BRAF,biochemical_ic50,1.8,3,true
OBS-001319,C-01815,PIK3CA,cell_viability,17.8,3,true
OBS-001320,C-02302,JAK2,cell_viability,6.7,2,true
OBS-001321,C-00766,EGFR,biochemical_ic50,6.7,1,true
OBS-001322,C-02073,JAK2,biochemical_ic50,1634.8,2,true
OBS-001323,C-00201,KRAS-G12C,cell_viability,3177.9,3,true
OBS-001324,C-00253,EGFR,biochemical_ic50,791.0,2,true
OBS-001325,C-00306,EGFR,cell_viability,1535.9,3,true
OBS-001326,C-01596,EGFR,biochemical_ic50,123.2,2,true
OBS-001327,C-01059,MEK1,biochemical_ic50,13293.5,2,true
OBS-001328,C-00716,MEK1,cell_viability,17.2,2,true
OBS-001329,C-02336,BRAF,cell_viability,1292.4,2,true
OBS-001330,C-02161,BRAF,cell_viability,1.5,1,true
OBS-001331,C-01227,EGFR,biochemical_ic50,1345.5,2,true
OBS-001332,C-00901,EGFR,cell_viability,3.3,2,true
OBS-001333,C-02126,ALK,cell_viability,22526.9,3,true
OBS-001334,C-01530,CDK4,cell_viability,40156.0,3,true
OBS-001335,C-00391,BRAF,cell_viability,1110.8,1,true
OBS-001336,C-01269,JAK2,biochemical_ic50,7625.1,3,true
OBS-001337,C-00303,PIK3CA,biochemical_ic50,2566.4,2,true
OBS-001338,C-02395,BRAF,biochemical_ic50,1983.5,1,true
OBS-001339,C-00798,JAK2,biochemical_ic50,3.7,3,true
OBS-001340,C-01121,KRAS-G12C,biochemical_ic50,1.0,2,true
OBS-001341,C-00288,MEK1,biochemical_ic50,4.0,3,true
OBS-001342,C-01749,KRAS-G12C,biochemical_ic50,454.8,3,true
OBS-001343,C-00212,MEK1,cell_viability,75.3,2,true
OBS-001344,C-00418,MEK1,biochemical_ic50,9.0,2,true
OBS-001345,C-00421,KRAS-G12C,biochemical_ic50,612.3,1,true
OBS-001346,C-01286,PIK3CA,cell_viability,2.0,1,true
OBS-001347,C-00794,CDK4,biochemical_ic50,1515.9,2,true
OBS-001348,C-00684,PIK3CA,biochemical_ic50,7182.5,3,true
OBS-001349,C-02028,KRAS-G12C,cell_viability,6717.2,1,true
OBS-001350,C-00448,ALK,biochemical_ic50,4915.4,2,true
OBS-001351,C-00067,KRAS-G12C,biochemical_ic50,187.3,2,true
OBS-001352,C-01604,EGFR,cell_viability,11324.2,2,true
OBS-001353,C-01484,JAK2,cell_viability,4896.6,1,true
OBS-001354,C-01449,JAK2,cell_viability,46167.1,2,true
OBS-001355,C-02342,BRAF,cell_viability,11.4,1,true
OBS-001356,C-02068,MEK1,cell_viability,14668.7,2,true
OBS-001357,C-00329,CDK4,biochemical_ic50,2.2,1,true
OBS-001358,C-00912,PIK3CA,biochemical_ic50,13575.7,2,true
OBS-001359,C-00915,BRAF,biochemical_ic50,22321.5,1,true
OBS-001360,C-01918,BRAF,cell_viability,1592.7,1,true
OBS-001361,C-01908,PIK3CA,cell_viability,2239.4,2,true
OBS-001362,C-02051,PIK3CA,biochemical_ic50,596.0,3,true
OBS-001363,C-01354,BRAF,cell_viability,6.1,1,true
OBS-001364,C-00417,JAK2,cell_viability,619.6,1,true
OBS-001365,C-02203,EGFR,cell_viability,704.2,2,true
OBS-001366,C-00198,ALK,cell_viability,140.5,3,true
OBS-001367,C-01019,PIK3CA,cell_viability,12285.8,3,true
OBS-001368,C-01070,BRAF,biochemical_ic50,76.3,2,true
OBS-001369,C-00864,MEK1,cell_viability,204.5,2,true
OBS-001370,C-02311,KRAS-G12C,cell_viability,57.5,1,true
OBS-001371,C-02233,KRAS-G12C,cell_viability,1746.3,3,true
OBS-001372,C-00018,CDK4,biochemical_ic50,63.8,1,true
OBS-001373,C-01824,MEK1,cell_viability,3938.5,1,true
OBS-001374,C-00414,KRAS-G12C,biochemical_ic50,4.1,3,true
OBS-001375,C-00805,BRAF,biochemical_ic50,385.1,1,true
OBS-001376,C-00890,MEK1,biochemical_ic50,6703.7,2,true
OBS-001377,C-01328,MEK1,biochemical_ic50,3509.2,1,true
OBS-001378,C-02118,ALK,cell_viability,1376.3,2,true
OBS-001379,C-00009,KRAS-G12C,biochemical_ic50,70.3,3,true
OBS-001380,C-01014,PIK3CA,cell_viability,433.6,1,true
OBS-001381,C-01777,ALK,cell_viability,12.4,2,true
OBS-001382,C-01182,ALK,biochemical_ic50,1.4,2,true
OBS-001383,C-00960,EGFR,cell_viability,191.8,3,true
OBS-001384,C-01781,ALK,cell_viability,616.6,2,true
OBS-001385,C-02000,KRAS-G12C,biochemical_ic50,6030.4,1,true
OBS-001386,C-01112,EGFR,biochemical_ic50,1478.6,1,true
OBS-001387,C-02329,KRAS-G12C,biochemical_ic50,36219.2,3,true
OBS-001388,C-01419,CDK4,cell_viability,194.6,2,true
OBS-001389,C-00262,MEK1,cell_viability,24396.1,1,true
OBS-001390,C-02129,MEK1,cell_viability,364.8,2,true
OBS-001391,C-01643,EGFR,biochemical_ic50,1.1,3,true
OBS-001392,C-00591,BRAF,biochemical_ic50,14.2,2,true
OBS-001393,C-00636,JAK2,biochemical_ic50,108.9,2,true
OBS-001394,C-00209,MEK1,cell_viability,23880.6,2,true
OBS-001395,C-01883,CDK4,cell_viability,561.2,1,true
OBS-001396,C-02364,CDK4,cell_viability,19544.3,2,true
OBS-001397,C-00724,KRAS-G12C,biochemical_ic50,2.3,3,true
OBS-001398,C-01262,PIK3CA,cell_viability,1.9,3,true
OBS-001399,C-02044,CDK4,biochemical_ic50,111.4,3,true
OBS-001400,C-01523,MEK1,biochemical_ic50,8391.2,1,true
OBS-001401,C-01033,ALK,cell_viability,12878.0,2,true
OBS-001402,C-01792,JAK2,cell_viability,248.5,1,true
OBS-001403,C-01894,PIK3CA,cell_viability,5.9,3,true
OBS-001404,C-01541,EGFR,cell_viability,220.1,1,true
OBS-001405,C-00470,CDK4,cell_viability,3827.4,1,true
OBS-001406,C-01522,PIK3CA,biochemical_ic50,17181.8,3,true
OBS-001407,C-00516,KRAS-G12C,biochemical_ic50,149.9,2,true
OBS-001408,C-00133,MEK1,biochemical_ic50,14286.1,3,true
OBS-001409,C-00485,BRAF,cell_viability,23328.6,1,true
OBS-001410,C-02386,BRAF,biochemical_ic50,11.9,2,true
OBS-001411,C-00315,MEK1,cell_viability,5978.5,1,true
OBS-001412,C-02003,ALK,cell_viability,1085.6,3,true
OBS-001413,C-01556,CDK4,cell_viability,1066.8,2,true
OBS-001414,C-01342,MEK1,cell_viability,318.8,2,true
OBS-001415,C-01139,ALK,cell_viability,131.0,2,true
OBS-001416,C-00525,MEK1,cell_viability,13011.9,1,true
OBS-001417,C-00555,ALK,biochemical_ic50,1052.4,3,true
OBS-001418,C-00197,PIK3CA,biochemical_ic50,2127.5,2,true
OBS-001419,C-00283,JAK2,cell_viability,24.9,1,true
OBS-001420,C-00612,BRAF,biochemical_ic50,4.2,3,true
OBS-001421,C-00331,MEK1,cell_viability,11776.0,2,true
OBS-001422,C-00773,KRAS-G12C,biochemical_ic50,4.1,2,true
OBS-001423,C-01350,KRAS-G12C,cell_viability,644.8,3,true
OBS-001424,C-00074,EGFR,cell_viability,6308.7,3,true
OBS-001425,C-00398,BRAF,biochemical_ic50,3474.4,3,true
OBS-001426,C-00984,CDK4,biochemical_ic50,152.3,2,true
OBS-001427,C-01587,JAK2,biochemical_ic50,73.5,2,true
OBS-001428,C-01407,ALK,biochemical_ic50,5535.4,1,true
OBS-001429,C-00267,CDK4,biochemical_ic50,1.6,3,true
OBS-001430,C-01906,KRAS-G12C,cell_viability,178.4,3,true
OBS-001431,C-00706,PIK3CA,cell_viability,1509.8,2,true
OBS-001432,C-01721,BRAF,biochemical_ic50,3.1,3,true
OBS-001433,C-00484,EGFR,cell_viability,136.5,2,true
OBS-001434,C-01543,EGFR,cell_viability,212.8,3,true
OBS-001435,C-00260,PIK3CA,cell_viability,18835.7,1,true
OBS-001436,C-00918,PIK3CA,biochemical_ic50,1.9,3,true
OBS-001437,C-00516,MEK1,biochemical_ic50,5.7,2,true
OBS-001438,C-00497,ALK,cell_viability,18.1,2,true
OBS-001439,C-02060,PIK3CA,biochemical_ic50,3449.3,2,true
OBS-001440,C-00121,ALK,cell_viability,115.0,3,true
OBS-001441,C-02028,EGFR,cell_viability,617.9,2,true
OBS-001442,C-00744,BRAF,cell_viability,2.8,3,true
OBS-001443,C-02203,CDK4,biochemical_ic50,159.0,2,true
OBS-001444,C-00124,ALK,biochemical_ic50,19.8,2,true
OBS-001445,C-01297,BRAF,cell_viability,138.5,3,true
OBS-001446,C-00799,PIK3CA,biochemical_ic50,12920.6,3,true
OBS-001447,C-00937,KRAS-G12C,biochemical_ic50,146.9,1,true
OBS-001448,C-01196,KRAS-G12C,cell_viability,1633.1,3,true
OBS-001449,C-00528,PIK3CA,cell_viability,33.5,3,true
OBS-001450,C-00033,CDK4,biochemical_ic50,28.5,2,true
OBS-001451,C-01614,MEK1,biochemical_ic50,9.7,3,true
OBS-001452,C-01484,BRAF,cell_viability,138.3,2,true
OBS-001453,C-02197,ALK,cell_viability,49.4,2,true
OBS-001454,C-01557,ALK,cell_viability,17.7,2,true
OBS-001455,C-01315,BRAF,biochemical_ic50,565.0,1,true
OBS-001456,C-02241,EGFR,biochemical_ic50,1777.9,1,true
OBS-001457,C-02199,CDK4,biochemical_ic50,13.2,1,true
OBS-001458,C-00204,JAK2,biochemical_ic50,2.7,3,true
OBS-001459,C-01177,MEK1,biochemical_ic50,232.5,3,true
OBS-001460,C-02227,JAK2,biochemical_ic50,1589.5,2,true
OBS-001461,C-00814,BRAF,biochemical_ic50,1328.7,3,true
OBS-001462,C-01131,CDK4,cell_viability,10.7,1,true
OBS-001463,C-02297,CDK4,cell_viability,21093.0,3,true
OBS-001464,C-01651,ALK,biochemical_ic50,1.4,3,true
OBS-001465,C-02152,JAK2,cell_viability,11.0,3,true
OBS-001466,C-02365,KRAS-G12C,cell_viability,2.3,3,true
OBS-001467,C-01794,EGFR,biochemical_ic50,316.0,2,true
OBS-001468,C-02178,EGFR,cell_viability,43.8,1,true
OBS-001469,C-02210,KRAS-G12C,cell_viability,2688.5,2,true
OBS-001470,C-00471,PIK3CA,cell_viability,25671.9,2,true
OBS-001471,C-01843,BRAF,biochemical_ic50,9934.9,3,true
OBS-001472,C-00267,KRAS-G12C,cell_viability,1.4,3,true
OBS-001473,C-00581,KRAS-G12C,cell_viability,5231.0,2,true
OBS-001474,C-00725,MEK1,cell_viability,6.7,2,true
OBS-001475,C-01934,MEK1,cell_viability,29815.2,1,true
OBS-001476,C-00296,CDK4,biochemical_ic50,1.2,3,true
OBS-001477,C-00056,ALK,biochemical_ic50,26.5,3,true
OBS-001478,C-00388,BRAF,cell_viability,16.9,2,true
OBS-001479,C-01637,KRAS-G12C,biochemical_ic50,3161.3,1,true
OBS-001480,C-00381,CDK4,cell_viability,1358.9,2,true
OBS-001481,C-00005,MEK1,biochemical_ic50,1.4,1,true
OBS-001482,C-01416,PIK3CA,biochemical_ic50,149.5,3,true
OBS-001483,C-01419,CDK4,cell_viability,971.6,1,true
OBS-001484,C-02007,KRAS-G12C,cell_viability,48063.6,3,true
OBS-001485,C-01274,CDK4,biochemical_ic50,6.1,2,true
OBS-001486,C-02178,ALK,cell_viability,49912.1,2,true
OBS-001487,C-01989,BRAF,biochemical_ic50,1.1,1,true
OBS-001488,C-02223,ALK,biochemical_ic50,598.0,3,true
OBS-001489,C-00563,BRAF,cell_viability,3.9,2,true
OBS-001490,C-00712,KRAS-G12C,cell_viability,12194.9,3,true
OBS-001491,C-01576,PIK3CA,biochemical_ic50,12547.5,2,true
OBS-001492,C-00414,CDK4,biochemical_ic50,833.5,3,true
OBS-001493,C-01226,JAK2,biochemical_ic50,8.0,1,true
OBS-001494,C-01475,PIK3CA,biochemical_ic50,226.6,3,true
OBS-001495,C-00234,ALK,biochemical_ic50,12.5,2,true
OBS-001496,C-02323,JAK2,cell_viability,679.5,2,true
OBS-001497,C-01802,EGFR,biochemical_ic50,312.7,1,true
OBS-001498,C-01595,JAK2,biochemical_ic50,232.6,1,true
OBS-001499,C-01608,KRAS-G12C,biochemical_ic50,26.4,2,true
OBS-001500,C-00800,CDK4,biochemical_ic50,39.5,2,true
OBS-001501,C-01681,ALK,cell_viability,13741.6,3,true
OBS-001502,C-00744,CDK4,cell_viability,35.6,1,true
OBS-001503,C-01654,MEK1,cell_viability,32965.5,1,true
OBS-001504,C-01253,JAK2,biochemical_ic50,5.8,2,true
OBS-001505,C-02255,JAK2,biochemical_ic50,9.2,1,true
OBS-001506,C-01782,CDK4,biochemical_ic50,3617.8,3,true
OBS-001507,C-01161,MEK1,cell_viability,18242.5,1,true
OBS-001508,C-00714,ALK,cell_viability,8882.5,2,true
OBS-001509,C-00565,PIK3CA,cell_viability,11367.4,3,true
OBS-001510,C-01039,ALK,biochemical_ic50,122.0,2,true
OBS-001511,C-01594,BRAF,biochemical_ic50,43.1,2,true
OBS-001512,C-02206,PIK3CA,biochemical_ic50,7.0,3,true
OBS-001513,C-00131,ALK,biochemical_ic50,600.8,2,true
OBS-001514,C-00722,PIK3CA,cell_viability,1731.5,3,true
OBS-001515,C-01436,JAK2,cell_viability,11827.2,1,true
OBS-001516,C-01859,CDK4,biochemical_ic50,372.8,2,true
OBS-001517,C-02228,KRAS-G12C,biochemical_ic50,1.3,3,true
OBS-001518,C-00830,PIK3CA,biochemical_ic50,21287.7,1,true
OBS-001519,C-00704,EGFR,biochemical_ic50,466.6,1,true
OBS-001520,C-00727,EGFR,cell_viability,1.2,3,true
OBS-001521,C-00155,MEK1,biochemical_ic50,1670.4,1,true
OBS-001522,C-00991,KRAS-G12C,biochemical_ic50,46.1,1,true
OBS-001523,C-02073,PIK3CA,cell_viability,4.2,3,true
OBS-001524,C-00744,CDK4,cell_viability,15.5,3,true
OBS-001525,C-01389,KRAS-G12C,biochemical_ic50,844.7,2,true
OBS-001526,C-00218,BRAF,biochemical_ic50,1.0,2,true
OBS-001527,C-00317,ALK,cell_viability,536.5,2,true
OBS-001528,C-00331,CDK4,cell_viability,690.0,2,true
OBS-001529,C-01596,PIK3CA,biochemical_ic50,4.2,1,true
OBS-001530,C-01741,KRAS-G12C,biochemical_ic50,5.3,1,true
OBS-001531,C-00859,EGFR,cell_viability,30654.8,2,true
OBS-001532,C-02222,PIK3CA,cell_viability,8226.4,1,true
OBS-001533,C-01320,ALK,biochemical_ic50,2457.3,1,true
OBS-001534,C-02337,BRAF,biochemical_ic50,1.6,3,true
OBS-001535,C-02179,KRAS-G12C,cell_viability,251.7,2,true
OBS-001536,C-02050,EGFR,cell_viability,13.3,3,true
OBS-001537,C-00016,MEK1,cell_viability,10.6,2,true
OBS-001538,C-00401,JAK2,biochemical_ic50,56.8,3,true
OBS-001539,C-00472,EGFR,cell_viability,1.8,3,true
OBS-001540,C-00908,CDK4,biochemical_ic50,17.4,1,true
OBS-001541,C-00985,MEK1,biochemical_ic50,31.2,3,true
OBS-001542,C-01485,JAK2,cell_viability,23.9,2,true
OBS-001543,C-01413,EGFR,cell_viability,176.0,2,true
OBS-001544,C-02294,CDK4,biochemical_ic50,4.6,2,true
OBS-001545,C-01350,BRAF,cell_viability,316.3,1,true
OBS-001546,C-01483,PIK3CA,cell_viability,32484.5,3,true
OBS-001547,C-02353,PIK3CA,cell_viability,12124.8,1,true
OBS-001548,C-00552,EGFR,cell_viability,470.0,1,true
OBS-001549,C-02165,JAK2,cell_viability,10962.2,3,true
OBS-001550,C-02273,ALK,biochemical_ic50,82.5,2,true
OBS-001551,C-01556,PIK3CA,biochemical_ic50,5095.7,2,true
OBS-001552,C-00601,BRAF,biochemical_ic50,3294.3,1,true
OBS-001553,C-01680,JAK2,biochemical_ic50,1133.6,2,true
OBS-001554,C-02114,CDK4,biochemical_ic50,4030.4,3,true
OBS-001555,C-01496,JAK2,biochemical_ic50,18689.7,1,true
OBS-001556,C-02002,CDK4,biochemical_ic50,10802.9,2,true
OBS-001557,C-02317,MEK1,cell_viability,11.0,2,true
OBS-001558,C-02296,ALK,biochemical_ic50,22467.2,3,true
OBS-001559,C-01611,BRAF,biochemical_ic50,333.0,2,true
OBS-001560,C-01663,PIK3CA,cell_viability,1.8,1,true
OBS-001561,C-02292,BRAF,cell_viability,4353.2,2,true
OBS-001562,C-00955,JAK2,biochemical_ic50,1.3,2,true
OBS-001563,C-00580,MEK1,cell_viability,4.6,2,true
OBS-001564,C-01450,ALK,biochemical_ic50,13127.4,2,true
OBS-001565,C-01840,KRAS-G12C,cell_viability,18522.4,1,true
OBS-001566,C-01558,BRAF,biochemical_ic50,42.7,1,true
OBS-001567,C-02253,EGFR,cell_viability,183.8,2,true
OBS-001568,C-01514,MEK1,biochemical_ic50,281.7,1,true
OBS-001569,C-00146,JAK2,cell_viability,12614.4,1,true
OBS-001570,C-00343,PIK3CA,cell_viability,1639.7,2,true
OBS-001571,C-00428,CDK4,cell_viability,1706.9,2,true
OBS-001572,C-00740,EGFR,cell_viability,1.5,1,true
OBS-001573,C-02250,EGFR,biochemical_ic50,1.1,2,true
OBS-001574,C-01598,MEK1,cell_viability,24.3,3,true
OBS-001575,C-01735,MEK1,cell_viability,6.4,3,true
OBS-001576,C-02169,MEK1,biochemical_ic50,12.2,3,true
OBS-001577,C-01215,BRAF,biochemical_ic50,8.4,2,true
OBS-001578,C-01498,PIK3CA,biochemical_ic50,9.4,1,true
OBS-001579,C-01584,MEK1,cell_viability,3199.9,3,true
OBS-001580,C-00900,MEK1,cell_viability,540.0,3,true
OBS-001581,C-01167,EGFR,biochemical_ic50,289.8,2,true
OBS-001582,C-00101,CDK4,cell_viability,35914.3,2,true
OBS-001583,C-01098,KRAS-G12C,cell_viability,8.9,1,true
OBS-001584,C-01657,JAK2,cell_viability,183.1,1,true
OBS-001585,C-01128,ALK,biochemical_ic50,19.9,2,true
OBS-001586,C-00742,MEK1,biochemical_ic50,451.4,3,true
OBS-001587,C-01829,MEK1,cell_viability,80.7,3,true
OBS-001588,C-02378,CDK4,biochemical_ic50,1.3,2,true
OBS-001589,C-01261,EGFR,cell_viability,61.7,1,true
OBS-001590,C-01620,BRAF,biochemical_ic50,338.3,3,true
OBS-001591,C-01895,CDK4,cell_viability,2451.0,2,true
OBS-001592,C-01934,PIK3CA,biochemical_ic50,6.4,2,true
OBS-001593,C-00194,PIK3CA,biochemical_ic50,40587.3,3,true
OBS-001594,C-02213,BRAF,cell_viability,4.2,1,true
OBS-001595,C-01948,JAK2,cell_viability,2.9,1,true
OBS-001596,C-01762,KRAS-G12C,cell_viability,2389.0,3,true
OBS-001597,C-01309,ALK,cell_viability,8361.4,3,true
OBS-001598,C-00382,JAK2,cell_viability,203.5,3,true
OBS-001599,C-00824,MEK1,biochemical_ic50,228.4,2,true
OBS-001600,C-00078,BRAF,cell_viability,18.1,2,true
OBS-001601,C-00869,JAK2,biochemical_ic50,9864.6,3,true
OBS-001602,C-01760,EGFR,cell_viability,6.8,1,true
OBS-001603,C-02152,KRAS-G12C,biochemical_ic50,866.0,1,true
OBS-001604,C-01957,CDK4,cell_viability,5.1,3,true
OBS-001605,C-00538,BRAF,biochemical_ic50,29505.1,2,true
OBS-001606,C-01072,MEK1,cell_viability,175.6,1,true
OBS-001607,C-01120,ALK,biochemical_ic50,118.8,2,true
OBS-001608,C-02084,JAK2,cell_viability,181.0,1,true
OBS-001609,C-02370,JAK2,biochemical_ic50,1.6,3,true
OBS-001610,C-00668,CDK4,biochemical_ic50,67.9,1,true
OBS-001611,C-01859,EGFR,biochemical_ic50,1976.5,3,true
OBS-001612,C-00217,MEK1,biochemical_ic50,1.8,1,true
OBS-001613,C-01903,CDK4,biochemical_ic50,1.3,2,true
OBS-001614,C-00462,BRAF,cell_viability,251.1,3,true
OBS-001615,C-01750,KRAS-G12C,biochemical_ic50,678.5,2,true
OBS-001616,C-00824,KRAS-G12C,biochemical_ic50,1786.8,2,true
OBS-001617,C-00573,KRAS-G12C,cell_viability,26377.9,2,true
OBS-001618,C-00816,KRAS-G12C,biochemical_ic50,1248.3,3,true
OBS-001619,C-01142,EGFR,cell_viability,34514.2,3,true
OBS-001620,C-02051,MEK1,cell_viability,426.6,2,true
OBS-001621,C-01268,CDK4,cell_viability,869.7,1,true
OBS-001622,C-01818,KRAS-G12C,biochemical_ic50,12.2,2,true
OBS-001623,C-00245,BRAF,biochemical_ic50,544.7,3,true
OBS-001624,C-01447,EGFR,biochemical_ic50,758.6,2,true
OBS-001625,C-01530,BRAF,biochemical_ic50,3829.0,3,true
OBS-001626,C-02250,BRAF,cell_viability,74.3,2,true
OBS-001627,C-01983,EGFR,biochemical_ic50,4.9,2,true
OBS-001628,C-01034,MEK1,cell_viability,3.9,2,true
OBS-001629,C-00802,BRAF,biochemical_ic50,13367.9,3,true
OBS-001630,C-00072,MEK1,cell_viability,2.0,2,true
OBS-001631,C-00831,EGFR,cell_viability,332.7,3,true
OBS-001632,C-01520,KRAS-G12C,biochemical_ic50,2860.5,2,true
OBS-001633,C-00620,MEK1,cell_viability,32.2,2,true
OBS-001634,C-01128,PIK3CA,biochemical_ic50,16810.8,2,true
OBS-001635,C-00446,KRAS-G12C,cell_viability,8199.1,1,true
OBS-001636,C-00340,KRAS-G12C,biochemical_ic50,33320.6,3,true
OBS-001637,C-01823,MEK1,cell_viability,1069.4,2,true
OBS-001638,C-01054,CDK4,biochemical_ic50,28.7,3,true
OBS-001639,C-00988,JAK2,biochemical_ic50,37322.7,2,true
OBS-001640,C-02191,EGFR,cell_viability,14.2,3,true
OBS-001641,C-02039,CDK4,cell_viability,36.3,2,true
OBS-001642,C-01112,ALK,cell_viability,17.1,1,true
OBS-001643,C-02059,EGFR,cell_viability,5.2,2,true
OBS-001644,C-02020,MEK1,cell_viability,243.9,2,true
OBS-001645,C-01506,BRAF,cell_viability,1.9,2,true
OBS-001646,C-00780,MEK1,biochemical_ic50,3574.1,1,true
OBS-001647,C-01427,CDK4,cell_viability,66.6,2,true
OBS-001648,C-01444,BRAF,cell_viability,17707.0,2,true
OBS-001649,C-02378,BRAF,cell_viability,3003.2,1,true
OBS-001650,C-00158,PIK3CA,cell_viability,5.5,2,true
OBS-001651,C-00151,JAK2,cell_viability,80.7,2,true
OBS-001652,C-00711,ALK,biochemical_ic50,6487.6,1,true
OBS-001653,C-00744,MEK1,cell_viability,732.3,1,true
OBS-001654,C-00418,CDK4,biochemical_ic50,671.5,1,true
OBS-001655,C-02373,CDK4,biochemical_ic50,780.2,3,true
OBS-001656,C-02279,EGFR,biochemical_ic50,22.3,2,true
OBS-001657,C-02078,BRAF,biochemical_ic50,1603.1,1,true
OBS-001658,C-00921,CDK4,biochemical_ic50,2.0,2,true
OBS-001659,C-00537,BRAF,cell_viability,30.2,2,true
OBS-001660,C-00089,EGFR,cell_viability,2.0,2,true
OBS-001661,C-00902,JAK2,cell_viability,1.7,3,true
OBS-001662,C-02061,EGFR,biochemical_ic50,7.2,1,true
OBS-001663,C-01400,KRAS-G12C,biochemical_ic50,17457.5,3,true
OBS-001664,C-01113,MEK1,biochemical_ic50,35.0,2,true
OBS-001665,C-01132,BRAF,biochemical_ic50,16779.8,2,true
OBS-001666,C-01038,MEK1,cell_viability,1.6,1,true
OBS-001667,C-00697,PIK3CA,cell_viability,2768.4,2,true
OBS-001668,C-01205,CDK4,biochemical_ic50,27.8,1,true
OBS-001669,C-01052,JAK2,cell_viability,10497.6,3,true
OBS-001670,C-00014,EGFR,cell_viability,35.5,2,true
OBS-001671,C-01501,ALK,biochemical_ic50,1.2,2,true
OBS-001672,C-01537,MEK1,cell_viability,22.0,3,true
OBS-001673,C-00831,ALK,biochemical_ic50,40481.0,3,true
OBS-001674,C-01708,BRAF,cell_viability,11.6,3,true
OBS-001675,C-01509,CDK4,cell_viability,12381.4,1,true
OBS-001676,C-00462,PIK3CA,biochemical_ic50,578.0,2,true
OBS-001677,C-00229,BRAF,biochemical_ic50,41826.1,3,true
OBS-001678,C-01098,KRAS-G12C,biochemical_ic50,1004.9,3,true
OBS-001679,C-01352,PIK3CA,cell_viability,1.2,3,true
OBS-001680,C-00428,KRAS-G12C,cell_viability,33418.5,1,true
OBS-001681,C-00226,PIK3CA,biochemical_ic50,4.5,3,true
OBS-001682,C-01928,EGFR,cell_viability,1.5,2,true
OBS-001683,C-01498,KRAS-G12C,biochemical_ic50,7983.5,3,true
OBS-001684,C-00653,ALK,biochemical_ic50,1444.2,3,true
OBS-001685,C-01082,JAK2,cell_viability,156.0,2,true
OBS-001686,C-00606,EGFR,cell_viability,33248.0,3,true
OBS-001687,C-00807,EGFR,biochemical_ic50,16484.3,1,true
OBS-001688,C-00155,BRAF,cell_viability,41516.4,2,true
OBS-001689,C-00294,EGFR,cell_viability,139.8,1,true
OBS-001690,C-01224,ALK,biochemical_ic50,419.6,2,true
OBS-001691,C-00005,MEK1,cell_viability,2.3,2,true
OBS-001692,C-00618,PIK3CA,biochemical_ic50,18.9,3,true
OBS-001693,C-00300,MEK1,cell_viability,642.2,1,true
OBS-001694,C-00054,JAK2,cell_viability,30855.3,1,true
OBS-001695,C-01246,JAK2,cell_viability,741.4,3,true
OBS-001696,C-00041,EGFR,cell_viability,2005.2,1,true
OBS-001697,C-01439,BRAF,cell_viability,22.2,3,true
OBS-001698,C-00293,MEK1,biochemical_ic50,90.3,3,true
OBS-001699,C-01101,JAK2,biochemical_ic50,32221.7,2,true
OBS-001700,C-00532,CDK4,cell_viability,5686.5,3,true
OBS-001701,C-01722,PIK3CA,cell_viability,29396.7,3,true
OBS-001702,C-00480,ALK,cell_viability,1.3,1,true
OBS-001703,C-02312,BRAF,cell_viability,5541.9,2,true
OBS-001704,C-02190,BRAF,cell_viability,2.5,2,true
OBS-001705,C-00772,BRAF,biochemical_ic50,34698.7,3,true
OBS-001706,C-00428,BRAF,biochemical_ic50,9.7,2,true
OBS-001707,C-00740,JAK2,biochemical_ic50,27110.0,1,true
OBS-001708,C-00303,JAK2,biochemical_ic50,2283.1,1,true
OBS-001709,C-00339,KRAS-G12C,biochemical_ic50,50.8,2,true
OBS-001710,C-02394,CDK4,cell_viability,2065.0,1,true
OBS-001711,C-00295,BRAF,biochemical_ic50,675.2,3,true
OBS-001712,C-01365,CDK4,biochemical_ic50,19690.4,3,true
OBS-001713,C-00357,BRAF,biochemical_ic50,625.4,3,true
OBS-001714,C-01912,BRAF,cell_viability,190.1,1,true
OBS-001715,C-01265,ALK,cell_viability,25.6,1,true
OBS-001716,C-01986,ALK,cell_viability,18.9,3,true
OBS-001717,C-02317,KRAS-G12C,cell_viability,250.9,3,true
OBS-001718,C-01037,KRAS-G12C,cell_viability,92.1,1,true
OBS-001719,C-01213,KRAS-G12C,cell_viability,322.1,2,true
OBS-001720,C-01174,JAK2,cell_viability,5377.4,1,true
OBS-001721,C-00353,BRAF,cell_viability,448.9,1,true
OBS-001722,C-00016,EGFR,biochemical_ic50,53.3,2,true
OBS-001723,C-01266,MEK1,cell_viability,3308.5,3,true
OBS-001724,C-01131,BRAF,biochemical_ic50,37861.0,3,true
OBS-001725,C-01091,EGFR,biochemical_ic50,538.7,2,true
OBS-001726,C-01815,ALK,cell_viability,37043.8,3,true
OBS-001727,C-00337,JAK2,cell_viability,11772.7,3,true
OBS-001728,C-01666,PIK3CA,cell_viability,935.9,1,true
OBS-001729,C-00759,ALK,biochemical_ic50,478.9,3,true
OBS-001730,C-00789,PIK3CA,biochemical_ic50,681.6,2,true
OBS-001731,C-01540,KRAS-G12C,biochemical_ic50,1.4,3,true
OBS-001732,C-00825,MEK1,biochemical_ic50,2.5,3,true
OBS-001733,C-01285,PIK3CA,biochemical_ic50,110.7,1,true
OBS-001734,C-01961,MEK1,biochemical_ic50,166.0,1,true
OBS-001735,C-00392,ALK,cell_viability,1.1,2,true
OBS-001736,C-00245,ALK,cell_viability,5418.5,3,true
OBS-001737,C-00838,JAK2,cell_viability,29413.9,2,true
OBS-001738,C-00072,MEK1,biochemical_ic50,1.9,3,true
OBS-001739,C-00917,PIK3CA,cell_viability,6.2,1,true
OBS-001740,C-00683,EGFR,cell_viability,14360.6,2,true
OBS-001741,C-00515,CDK4,biochemical_ic50,31275.9,3,true
OBS-001742,C-01717,KRAS-G12C,biochemical_ic50,414.4,2,true
OBS-001743,C-00500,MEK1,cell_viability,40146.8,2,true
OBS-001744,C-00663,PIK3CA,cell_viability,103.2,2,true
OBS-001745,C-02006,ALK,cell_viability,1.3,1,true
OBS-001746,C-01620,JAK2,biochemical_ic50,24.7,1,true
OBS-001747,C-01402,BRAF,biochemical_ic50,1585.1,3,true
OBS-001748,C-01530,MEK1,cell_viability,51.4,1,true
OBS-001749,C-01784,PIK3CA,cell_viability,3034.3,3,true
OBS-001750,C-00223,MEK1,biochemical_ic50,680.6,2,true
OBS-001751,C-00607,CDK4,biochemical_ic50,9.3,2,true
OBS-001752,C-00396,ALK,cell_viability,2.5,3,true
OBS-001753,C-00902,KRAS-G12C,biochemical_ic50,41.0,1,true
OBS-001754,C-02143,CDK4,cell_viability,187.8,3,true
OBS-001755,C-01851,CDK4,cell_viability,232.6,3,true
OBS-001756,C-00444,EGFR,cell_viability,2733.8,2,true
OBS-001757,C-00796,PIK3CA,biochemical_ic50,1324.4,3,true
OBS-001758,C-01656,MEK1,cell_viability,25.8,1,true
OBS-001759,C-00531,JAK2,biochemical_ic50,310.0,3,true
OBS-001760,C-00377,ALK,biochemical_ic50,3.7,3,true
OBS-001761,C-00472,JAK2,biochemical_ic50,17986.2,3,true
OBS-001762,C-02204,BRAF,cell_viability,939.4,2,true
OBS-001763,C-01159,JAK2,biochemical_ic50,4355.1,2,true
OBS-001764,C-01907,MEK1,biochemical_ic50,517.3,1,true
OBS-001765,C-02015,KRAS-G12C,biochemical_ic50,4287.9,1,true
OBS-001766,C-00433,ALK,cell_viability,1527.4,3,true
OBS-001767,C-00263,PIK3CA,cell_viability,1274.3,1,true
OBS-001768,C-02261,BRAF,biochemical_ic50,493.6,1,true
OBS-001769,C-02360,EGFR,biochemical_ic50,137.2,2,true
OBS-001770,C-01725,CDK4,biochemical_ic50,1.9,2,true
OBS-001771,C-00184,MEK1,cell_viability,63.3,1,true
OBS-001772,C-01016,CDK4,biochemical_ic50,120.3,1,true
OBS-001773,C-02153,BRAF,biochemical_ic50,5192.9,2,true
OBS-001774,C-00768,KRAS-G12C,biochemical_ic50,108.1,2,true
OBS-001775,C-01615,MEK1,biochemical_ic50,6.5,3,true
OBS-001776,C-01181,MEK1,biochemical_ic50,756.1,3,true
OBS-001777,C-00735,JAK2,cell_viability,2154.3,1,true
OBS-001778,C-02006,JAK2,cell_viability,10682.5,3,true
OBS-001779,C-01821,CDK4,biochemical_ic50,32.5,2,true
OBS-001780,C-01955,BRAF,cell_viability,1460.8,2,true
OBS-001781,C-01978,EGFR,cell_viability,8685.4,3,true
OBS-001782,C-00607,EGFR,biochemical_ic50,2.3,2,true
OBS-001783,C-01142,MEK1,cell_viability,8818.6,2,true
OBS-001784,C-01353,JAK2,biochemical_ic50,44.9,2,true
OBS-001785,C-00337,EGFR,biochemical_ic50,2.7,2,true
OBS-001786,C-01401,EGFR,biochemical_ic50,1548.3,1,true
OBS-001787,C-00921,KRAS-G12C,cell_viability,21145.6,1,true
OBS-001788,C-00512,KRAS-G12C,cell_viability,4.3,1,true
OBS-001789,C-02280,CDK4,cell_viability,2403.0,2,true
OBS-001790,C-00240,BRAF,biochemical_ic50,40751.2,2,true
OBS-001791,C-00995,JAK2,biochemical_ic50,22635.8,1,true
OBS-001792,C-00888,CDK4,biochemical_ic50,3230.9,3,true
OBS-001793,C-00651,EGFR,cell_viability,1742.0,1,true
OBS-001794,C-00144,CDK4,biochemical_ic50,112.8,3,true
OBS-001795,C-01425,PIK3CA,cell_viability,99.7,2,true
OBS-001796,C-01896,CDK4,cell_viability,7740.5,2,true
OBS-001797,C-01714,PIK3CA,cell_viability,6.5,1,true
OBS-001798,C-01966,PIK3CA,cell_viability,1.1,1,true
OBS-001799,C-00472,BRAF,biochemical_ic50,223.5,2,true
OBS-001800,C-01700,ALK,biochemical_ic50,51.2,3,true
OBS-001801,C-01844,ALK,cell_viability,9.2,1,true
OBS-001802,C-00592,JAK2,cell_viability,563.1,3,true
OBS-001803,C-01584,MEK1,biochemical_ic50,42.0,1,true
OBS-001804,C-00614,EGFR,cell_viability,4.8,3,true
OBS-001805,C-01941,EGFR,biochemical_ic50,27.5,1,true
OBS-001806,C-00733,KRAS-G12C,biochemical_ic50,3.2,2,true
OBS-001807,C-00795,BRAF,cell_viability,5216.7,2,true
OBS-001808,C-01684,KRAS-G12C,cell_viability,5461.6,1,true
OBS-001809,C-01603,BRAF,cell_viability,1777.4,2,true
OBS-001810,C-00430,PIK3CA,biochemical_ic50,17884.6,2,true
OBS-001811,C-01139,BRAF,cell_viability,5210.6,1,true
OBS-001812,C-01936,BRAF,cell_viability,2992.6,2,true
OBS-001813,C-02118,MEK1,biochemical_ic50,6502.8,1,true
OBS-001814,C-00230,BRAF,biochemical_ic50,44023.6,3,true
OBS-001815,C-01879,BRAF,cell_viability,2676.5,2,true
OBS-001816,C-00764,KRAS-G12C,cell_viability,42.8,2,true
OBS-001817,C-00092,BRAF,cell_viability,269.5,1,true
OBS-001818,C-01882,PIK3CA,cell_viability,11065.6,3,true
OBS-001819,C-01271,PIK3CA,cell_viability,1.5,2,true
OBS-001820,C-01974,PIK3CA,biochemical_ic50,36.2,3,true
OBS-001821,C-02221,ALK,biochemical_ic50,1600.2,2,true
OBS-001822,C-00614,CDK4,cell_viability,9.9,3,true
OBS-001823,C-02251,JAK2,biochemical_ic50,1967.6,2,true
OBS-001824,C-01976,EGFR,cell_viability,1.8,1,true
OBS-001825,C-00501,MEK1,cell_viability,159.5,2,true
OBS-001826,C-02123,KRAS-G12C,biochemical_ic50,21809.5,1,true
OBS-001827,C-00634,PIK3CA,cell_viability,13370.1,2,true
OBS-001828,C-01451,ALK,biochemical_ic50,697.7,1,true
OBS-001829,C-00302,PIK3CA,cell_viability,23644.6,1,true
OBS-001830,C-00193,BRAF,cell_viability,2391.3,1,true
OBS-001831,C-00071,KRAS-G12C,cell_viability,20096.1,1,true
OBS-001832,C-00434,JAK2,biochemical_ic50,297.0,1,true
OBS-001833,C-02339,BRAF,cell_viability,11.9,1,true
OBS-001834,C-01338,MEK1,cell_viability,19.1,3,true
OBS-001835,C-02154,JAK2,cell_viability,905.1,3,true
OBS-001836,C-00890,EGFR,biochemical_ic50,1023.2,3,true
OBS-001837,C-00865,PIK3CA,biochemical_ic50,18.6,1,true
OBS-001838,C-00768,MEK1,biochemical_ic50,4.1,1,true
OBS-001839,C-01558,BRAF,cell_viability,34207.2,2,true
OBS-001840,C-00081,ALK,cell_viability,14642.1,2,true
OBS-001841,C-00090,CDK4,cell_viability,5455.6,3,true
OBS-001842,C-01301,KRAS-G12C,cell_viability,14.6,2,true
OBS-001843,C-00787,CDK4,cell_viability,558.1,2,true
OBS-001844,C-00766,ALK,cell_viability,36.5,2,true
OBS-001845,C-00204,MEK1,cell_viability,40.1,3,true
OBS-001846,C-00281,ALK,biochemical_ic50,20.3,1,true
OBS-001847,C-00491,CDK4,biochemical_ic50,557.8,2,true
OBS-001848,C-01800,CDK4,biochemical_ic50,5.6,3,true
OBS-001849,C-00484,PIK3CA,cell_viability,6.2,2,true
OBS-001850,C-00972,JAK2,cell_viability,2.4,2,true
OBS-001851,C-01608,KRAS-G12C,biochemical_ic50,480.1,1,true
OBS-001852,C-01578,KRAS-G12C,cell_viability,4.6,3,true
OBS-001853,C-00367,MEK1,biochemical_ic50,2509.6,3,true
OBS-001854,C-00120,MEK1,biochemical_ic50,1.0,1,true
OBS-001855,C-00668,MEK1,biochemical_ic50,12.1,1,true
OBS-001856,C-01821,EGFR,cell_viability,681.5,3,true
OBS-001857,C-02317,EGFR,biochemical_ic50,30.5,1,true
OBS-001858,C-01819,EGFR,biochemical_ic50,10.0,3,true
OBS-001859,C-00954,EGFR,biochemical_ic50,122.8,3,true
OBS-001860,C-00150,PIK3CA,cell_viability,29.2,2,true
OBS-001861,C-00415,ALK,cell_viability,4694.1,3,true
OBS-001862,C-00755,PIK3CA,cell_viability,117.6,1,true
OBS-001863,C-00061,BRAF,biochemical_ic50,1937.6,2,true
OBS-001864,C-01271,EGFR,biochemical_ic50,652.5,2,true
OBS-001865,C-02155,JAK2,biochemical_ic50,3490.4,3,true
OBS-001866,C-00713,EGFR,biochemical_ic50,3.1,3,true
OBS-001867,C-00047,KRAS-G12C,biochemical_ic50,6523.2,1,true
OBS-001868,C-01246,ALK,cell_viability,2.5,2,true
OBS-001869,C-02123,EGFR,cell_viability,11685.3,1,true
OBS-001870,C-00933,JAK2,cell_viability,4.4,2,true
OBS-001871,C-02182,JAK2,cell_viability,1620.9,3,true
OBS-001872,C-01051,BRAF,cell_viability,406.1,3,true
OBS-001873,C-01253,JAK2,biochemical_ic50,6.5,3,true
OBS-001874,C-00982,MEK1,cell_viability,12246.1,1,true
OBS-001875,C-02091,ALK,biochemical_ic50,2236.7,1,true
OBS-001876,C-00682,CDK4,biochemical_ic50,2.0,1,true
OBS-001877,C-00706,JAK2,cell_viability,7016.8,1,true
OBS-001878,C-01720,PIK3CA,cell_viability,4.6,2,true
OBS-001879,C-00825,JAK2,biochemical_ic50,41903.3,2,true
OBS-001880,C-00820,MEK1,biochemical_ic50,95.0,1,true
OBS-001881,C-00504,MEK1,cell_viability,1355.0,1,true
OBS-001882,C-00546,PIK3CA,cell_viability,30624.5,2,true
OBS-001883,C-01673,EGFR,cell_viability,6584.8,1,true
OBS-001884,C-01166,CDK4,cell_viability,7275.5,2,true
OBS-001885,C-00608,PIK3CA,cell_viability,505.3,3,true
OBS-001886,C-01799,PIK3CA,cell_viability,160.1,1,true
OBS-001887,C-00839,ALK,cell_viability,831.0,2,true
OBS-001888,C-00975,BRAF,cell_viability,271.8,3,true
OBS-001889,C-02087,CDK4,cell_viability,6.3,1,true
OBS-001890,C-00195,PIK3CA,cell_viability,556.5,3,true
OBS-001891,C-00188,BRAF,biochemical_ic50,1.2,1,true
OBS-001892,C-01330,PIK3CA,cell_viability,1.0,2,true
OBS-001893,C-00428,MEK1,cell_viability,1.8,1,true
OBS-001894,C-00836,JAK2,biochemical_ic50,3571.1,3,true
OBS-001895,C-01537,MEK1,biochemical_ic50,7788.4,3,true
OBS-001896,C-00385,ALK,biochemical_ic50,1759.3,3,true
OBS-001897,C-00306,JAK2,cell_viability,20.0,2,true
OBS-001898,C-00843,BRAF,cell_viability,817.0,1,true
OBS-001899,C-01046,CDK4,cell_viability,507.2,1,true
OBS-001900,C-00741,EGFR,biochemical_ic50,112.6,1,true
OBS-001901,C-01391,JAK2,biochemical_ic50,18179.1,2,true
OBS-001902,C-00130,BRAF,cell_viability,10207.7,3,true
OBS-001903,C-02365,KRAS-G12C,cell_viability,1589.7,1,true
OBS-001904,C-01876,CDK4,biochemical_ic50,4758.5,2,true
OBS-001905,C-00261,ALK,biochemical_ic50,93.7,2,true
OBS-001906,C-02119,MEK1,biochemical_ic50,3.3,3,true
OBS-001907,C-01853,JAK2,cell_viability,256.6,2,true
OBS-001908,C-00814,MEK1,biochemical_ic50,4.7,2,true
OBS-001909,C-02202,MEK1,biochemical_ic50,363.8,3,true
OBS-001910,C-00786,MEK1,cell_viability,40261.1,3,true
OBS-001911,C-02102,MEK1,cell_viability,227.9,1,true
OBS-001912,C-01995,EGFR,cell_viability,26.4,2,true
OBS-001913,C-01911,CDK4,cell_viability,74.1,1,true
OBS-001914,C-00136,JAK2,cell_viability,29.9,3,true
OBS-001915,C-01970,EGFR,biochemical_ic50,44771.0,2,true
OBS-001916,C-01343,KRAS-G12C,biochemical_ic50,26852.5,1,true
OBS-001917,C-00979,EGFR,cell_viability,129.4,2,true
OBS-001918,C-01855,CDK4,cell_viability,10.3,1,true
OBS-001919,C-01754,MEK1,cell_viability,421.6,2,true
OBS-001920,C-00159,ALK,biochemical_ic50,9531.7,2,true
OBS-001921,C-00988,EGFR,biochemical_ic50,123.2,2,true
OBS-001922,C-00408,JAK2,biochemical_ic50,119.4,2,true
OBS-001923,C-00307,MEK1,biochemical_ic50,2.0,3,true
OBS-001924,C-02098,JAK2,biochemical_ic50,79.7,3,true
OBS-001925,C-00543,KRAS-G12C,biochemical_ic50,37959.5,3,true
OBS-001926,C-01613,EGFR,cell_viability,10187.9,2,true
OBS-001927,C-02153,EGFR,cell_viability,2.9,2,true
OBS-001928,C-02373,CDK4,biochemical_ic50,4.0,1,true
OBS-001929,C-01926,CDK4,cell_viability,10644.2,1,true
OBS-001930,C-02370,ALK,biochemical_ic50,15.2,3,true
OBS-001931,C-01171,KRAS-G12C,biochemical_ic50,2.1,2,true
OBS-001932,C-01046,PIK3CA,biochemical_ic50,3.6,3,true
OBS-001933,C-00812,BRAF,cell_viability,14.2,1,true
OBS-001934,C-01868,EGFR,cell_viability,9058.8,3,true
OBS-001935,C-02374,JAK2,biochemical_ic50,1619.6,3,true
OBS-001936,C-01106,MEK1,cell_viability,5.0,1,true
OBS-001937,C-01204,ALK,cell_viability,738.9,3,true
OBS-001938,C-01804,JAK2,cell_viability,792.6,3,true
OBS-001939,C-02384,PIK3CA,biochemical_ic50,1.6,2,true
OBS-001940,C-00133,BRAF,cell_viability,1296.4,3,true
OBS-001941,C-01897,MEK1,biochemical_ic50,1.1,2,true
OBS-001942,C-00485,EGFR,cell_viability,48677.7,1,true
OBS-001943,C-01230,PIK3CA,cell_viability,1973.3,2,true
OBS-001944,C-01176,BRAF,biochemical_ic50,2583.7,1,true
OBS-001945,C-00752,JAK2,biochemical_ic50,159.9,3,true
OBS-001946,C-01651,PIK3CA,biochemical_ic50,7.5,3,true
OBS-001947,C-01099,EGFR,biochemical_ic50,881.4,3,true
OBS-001948,C-00167,MEK1,cell_viability,6540.3,2,true
OBS-001949,C-00693,EGFR,biochemical_ic50,113.0,2,true
OBS-001950,C-00509,EGFR,biochemical_ic50,4997.4,2,true
OBS-001951,C-00290,MEK1,cell_viability,1.8,3,true
OBS-001952,C-00661,BRAF,biochemical_ic50,18731.4,1,true
OBS-001953,C-00224,CDK4,biochemical_ic50,1.1,3,true
OBS-001954,C-01140,MEK1,biochemical_ic50,3900.6,3,true
OBS-001955,C-00275,EGFR,biochemical_ic50,384.5,2,true
OBS-001956,C-01524,BRAF,biochemical_ic50,79.5,2,true
OBS-001957,C-01760,JAK2,biochemical_ic50,36.6,1,true
OBS-001958,C-00319,PIK3CA,cell_viability,8.2,1,true
OBS-001959,C-01882,PIK3CA,biochemical_ic50,4605.3,3,true
OBS-001960,C-01133,KRAS-G12C,biochemical_ic50,1.0,2,true
OBS-001961,C-01744,CDK4,cell_viability,4.1,3,true
OBS-001962,C-01142,MEK1,cell_viability,7873.8,1,true
OBS-001963,C-01399,MEK1,biochemical_ic50,5.3,3,true
OBS-001964,C-01926,JAK2,biochemical_ic50,18383.8,1,true
OBS-001965,C-01587,MEK1,biochemical_ic50,1.1,2,true
OBS-001966,C-01692,BRAF,biochemical_ic50,204.5,3,true
OBS-001967,C-00539,BRAF,cell_viability,2.0,3,true
OBS-001968,C-02361,EGFR,cell_viability,2096.4,1,true
OBS-001969,C-00248,KRAS-G12C,cell_viability,2680.2,1,true
OBS-001970,C-02070,PIK3CA,biochemical_ic50,6.6,2,true
OBS-001971,C-00986,JAK2,cell_viability,94.2,2,true
OBS-001972,C-00513,CDK4,cell_viability,3459.0,2,true
OBS-001973,C-00753,CDK4,biochemical_ic50,6266.2,2,true
OBS-001974,C-02055,BRAF,cell_viability,8737.9,2,true
OBS-001975,C-01250,ALK,cell_viability,7.9,1,true
OBS-001976,C-01414,MEK1,cell_viability,9972.1,1,true
OBS-001977,C-00378,PIK3CA,cell_viability,17031.4,3,true
OBS-001978,C-00076,JAK2,biochemical_ic50,53.3,3,true
OBS-001979,C-01230,CDK4,cell_viability,3735.5,1,true
OBS-001980,C-00658,ALK,cell_viability,1.3,1,true
OBS-001981,C-00198,ALK,biochemical_ic50,4.1,1,true
OBS-001982,C-00522,EGFR,cell_viability,4953.4,3,true
OBS-001983,C-01052,KRAS-G12C,cell_viability,29227.7,1,true
OBS-001984,C-00299,CDK4,cell_viability,108.6,1,true
OBS-001985,C-00987,MEK1,cell_viability,37286.6,1,true
OBS-001986,C-00288,MEK1,biochemical_ic50,11787.7,3,true
OBS-001987,C-01341,CDK4,biochemical_ic50,35.8,3,true
OBS-001988,C-02103,PIK3CA,cell_viability,246.5,2,true
OBS-001989,C-02261,KRAS-G12C,cell_viability,9.0,2,true
OBS-001990,C-01011,BRAF,cell_viability,5.9,3,true
OBS-001991,C-02387,MEK1,biochemical_ic50,3.8,3,true
OBS-001992,C-00854,BRAF,cell_viability,32.7,2,true
OBS-001993,C-02397,KRAS-G12C,biochemical_ic50,2.5,1,true
OBS-001994,C-02020,CDK4,cell_viability,36.9,1,true
OBS-001995,C-00331,MEK1,cell_viability,9455.1,3,true
OBS-001996,C-00172,MEK1,cell_viability,438.2,1,true
OBS-001997,C-00181,JAK2,cell_viability,14643.9,3,true
OBS-001998,C-01933,PIK3CA,biochemical_ic50,129.5,2,true
OBS-001999,C-00825,KRAS-G12C,biochemical_ic50,7423.0,3,true
OBS-002000,C-01285,CDK4,cell_viability,11.8,2,true
OBS-002001,C-01096,BRAF,cell_viability,2.5,2,true
OBS-002002,C-00717,JAK2,biochemical_ic50,3664.2,3,true
OBS-002003,C-00004,BRAF,biochemical_ic50,19648.7,1,true
OBS-002004,C-00577,CDK4,cell_viability,942.3,2,true
OBS-002005,C-01941,EGFR,cell_viability,144.0,2,true
OBS-002006,C-01834,EGFR,biochemical_ic50,35.5,3,true
OBS-002007,C-00277,JAK2,cell_viability,10.9,3,true
OBS-002008,C-01249,KRAS-G12C,cell_viability,53.2,3,true
OBS-002009,C-00035,BRAF,cell_viability,1090.3,2,true
OBS-002010,C-01552,JAK2,cell_viability,21807.0,3,true
OBS-002011,C-00716,ALK,cell_viability,29.0,2,true
OBS-002012,C-00887,BRAF,cell_viability,7114.7,2,true
OBS-002013,C-01327,ALK,biochemical_ic50,33731.5,3,true
OBS-002014,C-00769,EGFR,biochemical_ic50,9.8,2,true
OBS-002015,C-00055,BRAF,biochemical_ic50,13101.7,3,true
OBS-002016,C-02378,ALK,cell_viability,56.0,2,true
OBS-002017,C-00503,JAK2,biochemical_ic50,2.1,3,true
OBS-002018,C-00756,CDK4,biochemical_ic50,21.5,3,true
OBS-002019,C-00440,CDK4,biochemical_ic50,25054.1,2,true
OBS-002020,C-01923,KRAS-G12C,cell_viability,16.6,1,true
OBS-002021,C-02307,BRAF,biochemical_ic50,3.4,3,true
OBS-002022,C-00704,KRAS-G12C,cell_viability,783.3,2,true
OBS-002023,C-00235,EGFR,cell_viability,11269.7,2,true
OBS-002024,C-01748,MEK1,biochemical_ic50,36.5,1,true
OBS-002025,C-01785,EGFR,biochemical_ic50,654.0,3,true
OBS-002026,C-01635,CDK4,cell_viability,1527.3,3,true
OBS-002027,C-00073,MEK1,cell_viability,18.4,1,true
OBS-002028,C-02256,EGFR,biochemical_ic50,258.8,1,true
OBS-002029,C-02051,JAK2,cell_viability,12694.0,2,true
OBS-002030,C-00731,MEK1,biochemical_ic50,467.2,1,true
OBS-002031,C-02123,ALK,cell_viability,6.4,1,true
OBS-002032,C-01781,ALK,biochemical_ic50,4576.6,3,true
OBS-002033,C-01684,ALK,biochemical_ic50,148.6,3,true
OBS-002034,C-00571,PIK3CA,cell_viability,3075.5,2,true
OBS-002035,C-02280,PIK3CA,biochemical_ic50,10.1,3,true
OBS-002036,C-00995,PIK3CA,biochemical_ic50,14.6,3,true
OBS-002037,C-02238,MEK1,cell_viability,9.1,1,true
OBS-002038,C-01836,JAK2,biochemical_ic50,26.9,1,true
OBS-002039,C-00800,CDK4,biochemical_ic50,1.5,1,true
OBS-002040,C-02282,KRAS-G12C,biochemical_ic50,3.3,2,true
OBS-002041,C-01271,MEK1,cell_viability,267.2,1,true
OBS-002042,C-00325,BRAF,cell_viability,26.5,3,true
OBS-002043,C-01491,BRAF,cell_viability,21452.5,3,true
OBS-002044,C-02400,CDK4,biochemical_ic50,82.4,3,true
OBS-002045,C-01680,JAK2,biochemical_ic50,11489.2,1,true
OBS-002046,C-00644,CDK4,cell_viability,864.3,1,true
OBS-002047,C-01173,KRAS-G12C,biochemical_ic50,7.5,1,true
OBS-002048,C-01295,MEK1,cell_viability,41.5,2,true
OBS-002049,C-01902,PIK3CA,cell_viability,2.8,1,true
OBS-002050,C-02350,BRAF,cell_viability,8227.9,2,true
OBS-002051,C-00576,KRAS-G12C,cell_viability,79.9,2,true
OBS-002052,C-01461,PIK3CA,biochemical_ic50,4267.5,3,true
OBS-002053,C-02044,JAK2,cell_viability,13584.8,1,true
OBS-002054,C-00567,PIK3CA,biochemical_ic50,28864.7,3,true
OBS-002055,C-01251,MEK1,biochemical_ic50,8473.2,2,true
OBS-002056,C-01097,PIK3CA,biochemical_ic50,3.6,2,true
OBS-002057,C-02104,KRAS-G12C,cell_viability,458.5,2,true
OBS-002058,C-02341,MEK1,cell_viability,3.2,3,true
OBS-002059,C-00039,MEK1,cell_viability,933.0,1,true
OBS-002060,C-01229,KRAS-G12C,biochemical_ic50,48.3,1,true
OBS-002061,C-00438,EGFR,biochemical_ic50,31.9,3,true
OBS-002062,C-02114,JAK2,biochemical_ic50,53.4,2,true
OBS-002063,C-02121,PIK3CA,biochemical_ic50,433.3,3,true
OBS-002064,C-01428,EGFR,biochemical_ic50,11498.1,3,true
OBS-002065,C-00979,EGFR,biochemical_ic50,11.2,3,true
OBS-002066,C-02112,CDK4,cell_viability,2.5,2,true
OBS-002067,C-00256,CDK4,cell_viability,25056.6,3,true
OBS-002068,C-01613,MEK1,biochemical_ic50,1.1,1,true
OBS-002069,C-00017,JAK2,biochemical_ic50,5.6,1,true
OBS-002070,C-00123,MEK1,biochemical_ic50,328.2,2,true
OBS-002071,C-00490,ALK,biochemical_ic50,7641.6,1,true
OBS-002072,C-00493,EGFR,biochemical_ic50,2.6,2,true
OBS-002073,C-01331,BRAF,biochemical_ic50,9244.5,3,true
OBS-002074,C-01557,ALK,biochemical_ic50,21783.3,2,true
OBS-002075,C-01868,BRAF,cell_viability,12.6,1,true
OBS-002076,C-00153,BRAF,biochemical_ic50,818.6,1,true
OBS-002077,C-00867,KRAS-G12C,cell_viability,774.9,1,true
OBS-002078,C-00990,KRAS-G12C,cell_viability,205.9,2,true
OBS-002079,C-01680,EGFR,cell_viability,4539.1,2,true
OBS-002080,C-01180,CDK4,cell_viability,2649.3,1,true
OBS-002081,C-01367,JAK2,cell_viability,57.6,1,true
OBS-002082,C-01681,KRAS-G12C,biochemical_ic50,4333.1,3,true
OBS-002083,C-00039,JAK2,cell_viability,2.2,2,true
OBS-002084,C-01335,MEK1,cell_viability,85.5,2,true
OBS-002085,C-01918,PIK3CA,cell_viability,15994.6,1,true
OBS-002086,C-01563,KRAS-G12C,biochemical_ic50,2179.2,1,true
OBS-002087,C-01642,JAK2,cell_viability,11399.5,1,true
OBS-002088,C-01816,KRAS-G12C,cell_viability,10.3,2,true
OBS-002089,C-00728,PIK3CA,biochemical_ic50,2.8,3,true
OBS-002090,C-01864,PIK3CA,cell_viability,33289.3,3,true
OBS-002091,C-02019,BRAF,cell_viability,1068.3,3,true
OBS-002092,C-01205,MEK1,biochemical_ic50,173.6,2,true
OBS-002093,C-00844,PIK3CA,cell_viability,118.7,3,true
OBS-002094,C-01464,MEK1,biochemical_ic50,122.0,1,true
OBS-002095,C-02346,ALK,cell_viability,2.9,3,true
OBS-002096,C-02160,MEK1,biochemical_ic50,351.0,3,true
OBS-002097,C-00619,CDK4,cell_viability,1369.2,1,true
OBS-002098,C-00276,CDK4,cell_viability,90.8,2,true
OBS-002099,C-00728,ALK,biochemical_ic50,21.5,2,true
OBS-002100,C-00207,KRAS-G12C,biochemical_ic50,1533.4,3,true
OBS-002101,C-01222,KRAS-G12C,cell_viability,27.9,2,true
OBS-002102,C-00401,MEK1,biochemical_ic50,62.2,2,true
OBS-002103,C-01652,CDK4,cell_viability,29864.4,3,true
OBS-002104,C-01122,MEK1,cell_viability,3380.8,3,true
OBS-002105,C-02107,EGFR,cell_viability,278.6,2,true
OBS-002106,C-00981,BRAF,cell_viability,16.8,3,true
OBS-002107,C-00169,MEK1,biochemical_ic50,351.2,3,true
OBS-002108,C-01331,JAK2,biochemical_ic50,117.4,2,true
OBS-002109,C-01983,KRAS-G12C,biochemical_ic50,144.0,1,true
OBS-002110,C-02124,EGFR,cell_viability,8.4,1,true
OBS-002111,C-02168,PIK3CA,biochemical_ic50,945.3,2,true
OBS-002112,C-00736,ALK,biochemical_ic50,5133.5,2,true
OBS-002113,C-01804,KRAS-G12C,cell_viability,195.8,1,true
OBS-002114,C-02153,MEK1,biochemical_ic50,55.7,1,true
OBS-002115,C-01331,EGFR,biochemical_ic50,3.5,1,true
OBS-002116,C-01286,ALK,cell_viability,39269.5,3,true
OBS-002117,C-02166,MEK1,biochemical_ic50,1.9,3,true
OBS-002118,C-01276,EGFR,cell_viability,4888.7,2,true
OBS-002119,C-01168,CDK4,biochemical_ic50,32.7,3,true
OBS-002120,C-00953,PIK3CA,cell_viability,8336.8,1,true
OBS-002121,C-00997,KRAS-G12C,biochemical_ic50,1.9,1,true
OBS-002122,C-00139,PIK3CA,cell_viability,10.9,3,true
OBS-002123,C-01915,BRAF,cell_viability,108.1,3,true
OBS-002124,C-01047,MEK1,cell_viability,18748.9,1,true
OBS-002125,C-01758,PIK3CA,biochemical_ic50,27.8,1,true
OBS-002126,C-00591,JAK2,cell_viability,79.5,3,true
OBS-002127,C-01303,CDK4,biochemical_ic50,1017.4,2,true
OBS-002128,C-01974,BRAF,cell_viability,1.3,1,true
OBS-002129,C-02094,MEK1,cell_viability,1074.5,3,true
OBS-002130,C-01621,JAK2,biochemical_ic50,201.1,2,true
OBS-002131,C-00620,BRAF,cell_viability,79.2,3,true
OBS-002132,C-00895,MEK1,cell_viability,47.0,3,true
OBS-002133,C-02125,ALK,cell_viability,67.5,1,true
OBS-002134,C-01414,BRAF,cell_viability,1165.2,2,true
OBS-002135,C-01204,KRAS-G12C,biochemical_ic50,27.2,3,true
OBS-002136,C-01689,MEK1,cell_viability,16424.8,1,true
OBS-002137,C-00712,CDK4,biochemical_ic50,1526.3,3,true
OBS-002138,C-01945,JAK2,cell_viability,497.9,1,true
OBS-002139,C-01977,EGFR,biochemical_ic50,9.9,1,true
OBS-002140,C-02063,PIK3CA,cell_viability,434.0,2,true
OBS-002141,C-01426,JAK2,cell_viability,1.6,2,true
OBS-002142,C-00542,EGFR,biochemical_ic50,6526.4,2,true
OBS-002143,C-00964,CDK4,cell_viability,1.3,2,true
OBS-002144,C-00023,BRAF,biochemical_ic50,120.7,2,true
OBS-002145,C-00881,CDK4,cell_viability,777.4,2,true
OBS-002146,C-01174,EGFR,cell_viability,26965.0,2,true
OBS-002147,C-00872,MEK1,biochemical_ic50,1.8,3,true
OBS-002148,C-00447,EGFR,cell_viability,9033.7,1,true
OBS-002149,C-02054,BRAF,biochemical_ic50,11.1,1,true
OBS-002150,C-00193,KRAS-G12C,cell_viability,215.8,1,true
OBS-002151,C-00858,KRAS-G12C,cell_viability,43.0,2,true
OBS-002152,C-01934,ALK,cell_viability,21371.6,1,true
OBS-002153,C-01079,MEK1,cell_viability,16.7,2,true
OBS-002154,C-01764,MEK1,biochemical_ic50,623.9,3,true
OBS-002155,C-00422,BRAF,biochemical_ic50,1.8,2,true
OBS-002156,C-02236,ALK,cell_viability,706.6,3,true
OBS-002157,C-00263,BRAF,cell_viability,30.1,1,true
OBS-002158,C-02242,EGFR,biochemical_ic50,282.0,2,true
OBS-002159,C-00215,MEK1,cell_viability,127.5,2,true
OBS-002160,C-01251,JAK2,cell_viability,1.1,2,true
OBS-002161,C-01723,MEK1,biochemical_ic50,14.1,2,true
OBS-002162,C-00619,MEK1,biochemical_ic50,4533.7,1,true
OBS-002163,C-00504,ALK,cell_viability,6.7,1,true
OBS-002164,C-01717,BRAF,biochemical_ic50,19095.1,3,true
OBS-002165,C-01717,BRAF,cell_viability,824.3,2,true
OBS-002166,C-01399,PIK3CA,cell_viability,116.9,1,true
OBS-002167,C-01835,BRAF,cell_viability,17.9,3,true
OBS-002168,C-00696,BRAF,biochemical_ic50,339.1,1,true
OBS-002169,C-01873,MEK1,biochemical_ic50,1.1,3,true
OBS-002170,C-01872,JAK2,cell_viability,9.3,1,true
OBS-002171,C-00416,EGFR,cell_viability,1674.6,2,true
OBS-002172,C-02270,ALK,biochemical_ic50,68.3,3,true
OBS-002173,C-00465,CDK4,cell_viability,3.6,3,true
OBS-002174,C-00553,ALK,biochemical_ic50,2843.4,3,true
OBS-002175,C-00752,JAK2,biochemical_ic50,2.4,1,true
OBS-002176,C-01046,BRAF,biochemical_ic50,1117.9,2,true
OBS-002177,C-00289,EGFR,biochemical_ic50,40674.4,3,true
OBS-002178,C-01132,KRAS-G12C,cell_viability,361.4,2,true
OBS-002179,C-01764,CDK4,cell_viability,2013.1,2,true
OBS-002180,C-01694,CDK4,cell_viability,4.1,2,true
OBS-002181,C-00775,JAK2,cell_viability,6807.9,1,true
OBS-002182,C-01860,CDK4,cell_viability,20525.0,1,true
OBS-002183,C-02269,JAK2,cell_viability,243.8,2,true
OBS-002184,C-00548,JAK2,biochemical_ic50,4.4,1,true
OBS-002185,C-02258,MEK1,cell_viability,1062.9,3,true
OBS-002186,C-00908,JAK2,biochemical_ic50,1.7,3,true
OBS-002187,C-02241,JAK2,biochemical_ic50,66.6,3,true
OBS-002188,C-01265,KRAS-G12C,biochemical_ic50,280.6,3,true
OBS-002189,C-00206,KRAS-G12C,cell_viability,38660.5,2,true
OBS-002190,C-02037,PIK3CA,cell_viability,6.8,1,true
OBS-002191,C-02308,CDK4,biochemical_ic50,91.8,3,true
OBS-002192,C-00297,JAK2,biochemical_ic50,1.1,2,true
OBS-002193,C-00498,BRAF,biochemical_ic50,2.8,3,true
OBS-002194,C-01101,CDK4,biochemical_ic50,1.9,1,true
OBS-002195,C-00582,ALK,cell_viability,69.9,1,true
OBS-002196,C-00864,KRAS-G12C,biochemical_ic50,3745.6,2,true
OBS-002197,C-01453,CDK4,biochemical_ic50,93.6,3,true
OBS-002198,C-01263,JAK2,biochemical_ic50,4.6,3,true
OBS-002199,C-00704,ALK,cell_viability,2.3,3,true
OBS-002200,C-00286,JAK2,biochemical_ic50,1023.5,3,true
OBS-002201,C-01828,BRAF,biochemical_ic50,13.3,2,true
OBS-002202,C-00191,JAK2,cell_viability,17771.9,2,true
OBS-002203,C-00356,KRAS-G12C,cell_viability,391.0,2,true
OBS-002204,C-01248,EGFR,cell_viability,5676.1,1,true
OBS-002205,C-02006,JAK2,cell_viability,178.9,1,true
OBS-002206,C-01590,KRAS-G12C,biochemical_ic50,3.1,3,true
OBS-002207,C-00916,EGFR,cell_viability,3.4,2,true
OBS-002208,C-00298,BRAF,biochemical_ic50,31.7,2,true
OBS-002209,C-01138,PIK3CA,cell_viability,7558.9,2,true
OBS-002210,C-01928,CDK4,biochemical_ic50,4.4,2,true
OBS-002211,C-00513,CDK4,biochemical_ic50,2497.6,1,true
OBS-002212,C-00893,ALK,biochemical_ic50,9150.1,1,true
OBS-002213,C-01440,CDK4,biochemical_ic50,26.5,2,true
OBS-002214,C-00795,CDK4,cell_viability,2054.1,2,true
OBS-002215,C-00482,EGFR,biochemical_ic50,31.3,2,true
OBS-002216,C-01124,JAK2,cell_viability,157.4,1,true
OBS-002217,C-01257,JAK2,biochemical_ic50,23.4,2,true
OBS-002218,C-01742,MEK1,biochemical_ic50,47553.8,1,true
OBS-002219,C-00077,CDK4,biochemical_ic50,14324.9,3,true
OBS-002220,C-01218,KRAS-G12C,biochemical_ic50,7.6,2,true
OBS-002221,C-02121,MEK1,cell_viability,8.0,3,true
OBS-002222,C-00686,BRAF,biochemical_ic50,17291.1,1,true
OBS-002223,C-01407,JAK2,biochemical_ic50,1.9,3,true
OBS-002224,C-00966,BRAF,cell_viability,94.5,2,true
OBS-002225,C-00876,CDK4,biochemical_ic50,294.9,3,true
OBS-002226,C-01226,ALK,cell_viability,1.8,1,true
OBS-002227,C-00186,ALK,cell_viability,49236.7,1,true
OBS-002228,C-00007,PIK3CA,biochemical_ic50,902.8,2,true
OBS-002229,C-02364,KRAS-G12C,biochemical_ic50,32.5,3,true
OBS-002230,C-00069,BRAF,cell_viability,37.0,2,true
OBS-002231,C-01199,PIK3CA,cell_viability,4.4,2,true
OBS-002232,C-01786,CDK4,cell_viability,3.7,2,true
OBS-002233,C-00856,PIK3CA,cell_viability,31.1,2,true
OBS-002234,C-01446,PIK3CA,biochemical_ic50,249.5,3,true
OBS-002235,C-00070,KRAS-G12C,biochemical_ic50,12036.3,1,true
OBS-002236,C-02012,MEK1,biochemical_ic50,48460.6,2,true
OBS-002237,C-00794,KRAS-G12C,biochemical_ic50,32910.2,3,true
OBS-002238,C-00739,PIK3CA,biochemical_ic50,18901.7,2,true
OBS-002239,C-00905,CDK4,cell_viability,687.7,3,true
OBS-002240,C-00013,JAK2,biochemical_ic50,17245.6,2,true
OBS-002241,C-01017,BRAF,cell_viability,3253.5,2,true
OBS-002242,C-02310,EGFR,biochemical_ic50,2188.1,3,true
OBS-002243,C-02177,JAK2,biochemical_ic50,12527.7,1,true
OBS-002244,C-02251,BRAF,biochemical_ic50,6.4,3,true
OBS-002245,C-01819,MEK1,cell_viability,50.1,2,true
OBS-002246,C-00565,PIK3CA,biochemical_ic50,14649.6,3,true
OBS-002247,C-00403,PIK3CA,cell_viability,5.8,2,true
OBS-002248,C-02031,ALK,biochemical_ic50,1.4,1,true
OBS-002249,C-01227,PIK3CA,biochemical_ic50,2797.0,3,true
OBS-002250,C-00675,PIK3CA,cell_viability,53.2,2,true
OBS-002251,C-01883,ALK,cell_viability,1453.7,1,true
OBS-002252,C-01567,PIK3CA,biochemical_ic50,45.9,3,true
OBS-002253,C-02054,PIK3CA,cell_viability,44.9,2,true
OBS-002254,C-00199,KRAS-G12C,biochemical_ic50,27504.3,3,true
OBS-002255,C-01148,JAK2,biochemical_ic50,7445.3,2,true
OBS-002256,C-01705,JAK2,cell_viability,28.6,3,true
OBS-002257,C-01816,PIK3CA,biochemical_ic50,6.1,2,true
OBS-002258,C-00564,EGFR,biochemical_ic50,1157.0,1,true
OBS-002259,C-00288,MEK1,biochemical_ic50,46465.0,1,true
OBS-002260,C-01055,PIK3CA,biochemical_ic50,1025.7,1,true
OBS-002261,C-01977,KRAS-G12C,biochemical_ic50,6823.7,1,true
OBS-002262,C-01729,CDK4,biochemical_ic50,40.3,2,true
OBS-002263,C-01240,EGFR,cell_viability,3.3,1,true
OBS-002264,C-01195,MEK1,cell_viability,14.3,2,true
OBS-002265,C-00546,ALK,cell_viability,6.6,1,true
OBS-002266,C-00285,KRAS-G12C,biochemical_ic50,92.9,3,true
OBS-002267,C-01090,CDK4,biochemical_ic50,30366.2,2,true
OBS-002268,C-01105,JAK2,biochemical_ic50,21336.5,3,true
OBS-002269,C-01420,KRAS-G12C,biochemical_ic50,8.1,3,true
OBS-002270,C-01422,CDK4,cell_viability,381.0,1,true
OBS-002271,C-00475,KRAS-G12C,cell_viability,27.3,1,true
OBS-002272,C-01000,JAK2,biochemical_ic50,160.8,1,true
OBS-002273,C-01477,CDK4,cell_viability,1443.5,2,true
OBS-002274,C-00496,ALK,biochemical_ic50,38672.9,1,true
OBS-002275,C-01626,EGFR,cell_viability,1.9,3,true
OBS-002276,C-02192,JAK2,cell_viability,7540.2,3,true
OBS-002277,C-01730,PIK3CA,biochemical_ic50,48.3,2,true
OBS-002278,C-01989,PIK3CA,biochemical_ic50,315.1,2,true
OBS-002279,C-01322,MEK1,cell_viability,11775.5,3,true
OBS-002280,C-01612,BRAF,biochemical_ic50,833.5,1,true
OBS-002281,C-01404,BRAF,cell_viability,2360.3,1,true
OBS-002282,C-00776,BRAF,cell_viability,99.5,2,true
OBS-002283,C-00187,ALK,cell_viability,421.3,1,true
OBS-002284,C-02263,KRAS-G12C,cell_viability,174.8,1,true
OBS-002285,C-02081,MEK1,biochemical_ic50,2.2,2,true
OBS-002286,C-01001,ALK,biochemical_ic50,487.8,2,true
OBS-002287,C-01619,CDK4,cell_viability,2337.8,3,true
OBS-002288,C-01058,ALK,cell_viability,1031.4,2,true
OBS-002289,C-00921,PIK3CA,biochemical_ic50,21.8,2,true
OBS-002290,C-00779,KRAS-G12C,cell_viability,9.7,1,true
OBS-002291,C-00924,MEK1,cell_viability,3905.6,1,true
OBS-002292,C-01806,MEK1,cell_viability,110.2,1,true
OBS-002293,C-01712,MEK1,cell_viability,8.1,3,true
OBS-002294,C-00116,EGFR,cell_viability,18.3,3,true
OBS-002295,C-00991,MEK1,cell_viability,174.0,3,true
OBS-002296,C-01593,PIK3CA,biochemical_ic50,10.8,1,true
OBS-002297,C-02356,EGFR,biochemical_ic50,55.0,1,true
OBS-002298,C-00921,KRAS-G12C,cell_viability,430.3,2,true
OBS-002299,C-01625,CDK4,biochemical_ic50,1.0,3,true
OBS-002300,C-01985,EGFR,biochemical_ic50,11.5,1,true
OBS-002301,C-01778,BRAF,biochemical_ic50,2188.6,3,true
OBS-002302,C-00107,EGFR,cell_viability,4.1,1,true
OBS-002303,C-01811,ALK,cell_viability,12144.0,3,true
OBS-002304,C-00422,KRAS-G12C,cell_viability,3572.2,1,true
OBS-002305,C-01753,KRAS-G12C,cell_viability,37.3,2,true
OBS-002306,C-02343,PIK3CA,biochemical_ic50,314.9,2,true
OBS-002307,C-00207,PIK3CA,cell_viability,17298.9,1,true
OBS-002308,C-00085,KRAS-G12C,cell_viability,375.0,3,true
OBS-002309,C-02044,EGFR,biochemical_ic50,36423.0,3,true
OBS-002310,C-02045,MEK1,cell_viability,71.0,3,true
OBS-002311,C-02261,KRAS-G12C,biochemical_ic50,148.5,3,true
OBS-002312,C-01769,JAK2,cell_viability,5.1,3,true
OBS-002313,C-01902,MEK1,biochemical_ic50,16735.5,1,true
OBS-002314,C-00565,BRAF,cell_viability,2242.3,3,true
OBS-002315,C-00871,JAK2,cell_viability,1.6,1,true
OBS-002316,C-00241,ALK,cell_viability,6707.4,2,true
OBS-002317,C-01873,ALK,cell_viability,55.5,1,true
OBS-002318,C-00408,BRAF,biochemical_ic50,1235.5,2,true
OBS-002319,C-00235,EGFR,cell_viability,193.4,2,true
OBS-002320,C-02066,JAK2,biochemical_ic50,21019.2,1,true
OBS-002321,C-00296,MEK1,biochemical_ic50,419.4,2,true
OBS-002322,C-00449,CDK4,cell_viability,5.0,1,true
OBS-002323,C-01197,JAK2,biochemical_ic50,2.0,2,true
OBS-002324,C-00865,CDK4,biochemical_ic50,20209.2,1,true
OBS-002325,C-01111,EGFR,biochemical_ic50,7.9,3,true
OBS-002326,C-01194,EGFR,cell_viability,9817.8,1,true
OBS-002327,C-01261,JAK2,biochemical_ic50,31796.1,2,true
OBS-002328,C-00069,BRAF,cell_viability,8216.2,2,true
OBS-002329,C-02319,KRAS-G12C,cell_viability,286.9,3,true
OBS-002330,C-02277,MEK1,biochemical_ic50,10.2,3,true
OBS-002331,C-02022,BRAF,cell_viability,538.6,2,true
OBS-002332,C-02283,ALK,cell_viability,29450.4,3,true
OBS-002333,C-01492,EGFR,cell_viability,27.1,1,true
OBS-002334,C-01450,CDK4,cell_viability,1.7,3,true
OBS-002335,C-02332,BRAF,cell_viability,7429.3,2,true
OBS-002336,C-00796,MEK1,cell_viability,2448.8,2,true
OBS-002337,C-01541,EGFR,biochemical_ic50,1105.8,2,true
OBS-002338,C-00778,ALK,biochemical_ic50,152.2,1,true
OBS-002339,C-00378,PIK3CA,biochemical_ic50,6.9,2,true
OBS-002340,C-00422,JAK2,cell_viability,32873.1,2,true
OBS-002341,C-00793,CDK4,cell_viability,1438.3,2,true
OBS-002342,C-01606,KRAS-G12C,cell_viability,3523.4,3,true
OBS-002343,C-01556,EGFR,biochemical_ic50,208.1,1,true
OBS-002344,C-01025,EGFR,cell_viability,3.5,2,true
OBS-002345,C-01452,CDK4,biochemical_ic50,17778.5,1,true
OBS-002346,C-00878,BRAF,biochemical_ic50,6.9,1,true
OBS-002347,C-01856,MEK1,cell_viability,158.3,1,true
OBS-002348,C-00959,KRAS-G12C,cell_viability,264.9,1,true
OBS-002349,C-00253,BRAF,cell_viability,4523.7,3,true
OBS-002350,C-02048,ALK,cell_viability,17318.1,2,true
OBS-002351,C-01439,MEK1,biochemical_ic50,16.5,3,true
OBS-002352,C-01910,MEK1,cell_viability,1.1,2,true
OBS-002353,C-00404,EGFR,biochemical_ic50,568.9,1,true
OBS-002354,C-01672,JAK2,cell_viability,487.1,1,true
OBS-002355,C-00246,ALK,cell_viability,2.1,1,true
OBS-002356,C-01161,EGFR,cell_viability,203.9,3,true
OBS-002357,C-01538,KRAS-G12C,biochemical_ic50,5097.8,2,true
OBS-002358,C-02004,MEK1,biochemical_ic50,13798.5,3,true
OBS-002359,C-00308,MEK1,biochemical_ic50,185.2,3,true
OBS-002360,C-01343,MEK1,biochemical_ic50,3.0,1,true
OBS-002361,C-02219,EGFR,cell_viability,512.4,1,true
OBS-002362,C-00148,BRAF,cell_viability,5.0,3,true
OBS-002363,C-00441,MEK1,biochemical_ic50,40385.4,3,true
OBS-002364,C-01958,CDK4,cell_viability,288.0,3,true
OBS-002365,C-00838,KRAS-G12C,cell_viability,47891.7,3,true
OBS-002366,C-00038,ALK,cell_viability,1426.9,2,true
OBS-002367,C-01562,EGFR,biochemical_ic50,177.2,1,true
OBS-002368,C-01777,JAK2,cell_viability,1226.1,1,true
OBS-002369,C-00582,PIK3CA,cell_viability,1191.9,2,true
OBS-002370,C-02081,BRAF,cell_viability,5.4,2,true
OBS-002371,C-02221,ALK,cell_viability,723.1,1,true
OBS-002372,C-01304,EGFR,biochemical_ic50,46213.2,3,true
OBS-002373,C-01564,CDK4,biochemical_ic50,141.5,1,true
OBS-002374,C-00261,CDK4,biochemical_ic50,46485.2,3,true
OBS-002375,C-00761,PIK3CA,cell_viability,414.0,1,true
OBS-002376,C-00301,KRAS-G12C,cell_viability,808.0,1,true
OBS-002377,C-01352,KRAS-G12C,cell_viability,3983.2,1,true
OBS-002378,C-00769,MEK1,biochemical_ic50,6.9,2,true
OBS-002379,C-00122,CDK4,cell_viability,401.7,3,true
OBS-002380,C-01366,EGFR,biochemical_ic50,125.2,2,true
OBS-002381,C-00068,PIK3CA,biochemical_ic50,729.5,1,true
OBS-002382,C-00792,ALK,biochemical_ic50,17.8,2,true
OBS-002383,C-00887,ALK,cell_viability,14511.8,1,true
OBS-002384,C-01316,CDK4,biochemical_ic50,21.2,1,true
OBS-002385,C-01772,BRAF,cell_viability,1.0,3,true
OBS-002386,C-00527,EGFR,cell_viability,20.7,3,true
OBS-002387,C-01667,JAK2,cell_viability,5492.7,2,true
OBS-002388,C-02352,KRAS-G12C,cell_viability,4.6,1,true
OBS-002389,C-00351,CDK4,cell_viability,4605.8,1,true
OBS-002390,C-00636,ALK,biochemical_ic50,2.4,3,true
OBS-002391,C-01613,JAK2,cell_viability,315.7,1,true
OBS-002392,C-00770,EGFR,cell_viability,3.0,2,true
OBS-002393,C-01880,ALK,cell_viability,212.7,3,true
OBS-002394,C-01240,JAK2,biochemical_ic50,1.2,2,true
OBS-002395,C-01797,MEK1,biochemical_ic50,41002.3,2,true
OBS-002396,C-00200,MEK1,cell_viability,302.8,1,true
OBS-002397,C-01938,BRAF,biochemical_ic50,15887.0,2,true
OBS-002398,C-00599,PIK3CA,cell_viability,9615.9,1,true
OBS-002399,C-00731,JAK2,biochemical_ic50,273.6,3,true
OBS-002400,C-01032,PIK3CA,cell_viability,7.5,1,true
OBS-002401,C-00290,PIK3CA,cell_viability,3.9,3,true
OBS-002402,C-02226,PIK3CA,biochemical_ic50,2770.6,3,true
OBS-002403,C-01834,BRAF,cell_viability,47134.8,3,true
OBS-002404,C-00715,BRAF,biochemical_ic50,327.2,1,true
OBS-002405,C-00355,MEK1,cell_viability,4.7,3,true
OBS-002406,C-01296,JAK2,biochemical_ic50,717.7,3,true
OBS-002407,C-01408,ALK,biochemical_ic50,3.8,3,true
OBS-002408,C-02300,MEK1,cell_viability,5716.5,1,true
OBS-002409,C-00137,EGFR,cell_viability,392.4,1,true
OBS-002410,C-00299,EGFR,cell_viability,1124.7,3,true
OBS-002411,C-01685,JAK2,biochemical_ic50,2278.7,1,true
OBS-002412,C-00336,MEK1,cell_viability,3344.5,2,true
OBS-002413,C-01688,MEK1,cell_viability,6.1,3,true
OBS-002414,C-01840,MEK1,cell_viability,19.8,3,true
OBS-002415,C-00001,MEK1,biochemical_ic50,19.0,1,true
OBS-002416,C-00747,MEK1,biochemical_ic50,6.7,1,true
OBS-002417,C-01673,KRAS-G12C,biochemical_ic50,14.3,1,true
OBS-002418,C-02300,BRAF,biochemical_ic50,144.8,2,true
OBS-002419,C-01172,BRAF,biochemical_ic50,3626.1,2,true
OBS-002420,C-02356,BRAF,biochemical_ic50,62.3,3,true
OBS-002421,C-00782,KRAS-G12C,cell_viability,1.4,3,true
OBS-002422,C-00335,ALK,cell_viability,382.6,1,true
OBS-002423,C-02387,EGFR,biochemical_ic50,17.7,2,true
OBS-002424,C-00931,JAK2,cell_viability,47.3,3,true
OBS-002425,C-02205,PIK3CA,cell_viability,179.5,3,true
OBS-002426,C-01464,EGFR,biochemical_ic50,1599.3,3,true
OBS-002427,C-01764,BRAF,cell_viability,3.6,1,true
OBS-002428,C-01219,PIK3CA,cell_viability,5371.5,2,true
OBS-002429,C-00875,MEK1,biochemical_ic50,1.1,3,true
OBS-002430,C-02328,KRAS-G12C,biochemical_ic50,47874.6,2,true
OBS-002431,C-02360,PIK3CA,cell_viability,34273.4,1,true
OBS-002432,C-00839,KRAS-G12C,cell_viability,74.1,3,true
OBS-002433,C-00144,JAK2,biochemical_ic50,63.4,3,true
OBS-002434,C-00839,MEK1,cell_viability,8.4,2,true
OBS-002435,C-00077,BRAF,biochemical_ic50,4.0,3,true
OBS-002436,C-00461,BRAF,cell_viability,18.6,1,true
OBS-002437,C-01565,KRAS-G12C,cell_viability,202.3,2,true
OBS-002438,C-00395,CDK4,cell_viability,8.2,2,true
OBS-002439,C-02032,MEK1,biochemical_ic50,10.7,2,true
OBS-002440,C-02247,PIK3CA,cell_viability,664.4,3,true
OBS-002441,C-02023,KRAS-G12C,biochemical_ic50,2.5,1,true
OBS-002442,C-00525,PIK3CA,biochemical_ic50,12.5,2,true
OBS-002443,C-01557,JAK2,biochemical_ic50,686.7,2,true
OBS-002444,C-01515,JAK2,biochemical_ic50,1894.7,1,true
OBS-002445,C-00479,EGFR,biochemical_ic50,1.2,3,true
OBS-002446,C-01509,MEK1,biochemical_ic50,58.6,3,true
OBS-002447,C-02106,MEK1,cell_viability,151.7,1,true
OBS-002448,C-01165,EGFR,cell_viability,6815.8,1,true
OBS-002449,C-00020,EGFR,cell_viability,12.8,1,true
OBS-002450,C-00804,EGFR,cell_viability,2096.7,1,true
OBS-002451,C-01265,MEK1,cell_viability,13489.1,3,true
OBS-002452,C-01556,KRAS-G12C,cell_viability,235.5,3,true
OBS-002453,C-00910,EGFR,biochemical_ic50,10.6,3,true
OBS-002454,C-01855,JAK2,biochemical_ic50,13.2,1,true
OBS-002455,C-01939,PIK3CA,cell_viability,26.9,3,true
OBS-002456,C-00029,PIK3CA,biochemical_ic50,1.2,1,true
OBS-002457,C-01360,ALK,biochemical_ic50,749.0,2,true
OBS-002458,C-01839,MEK1,cell_viability,43297.6,3,true
OBS-002459,C-01563,ALK,biochemical_ic50,1451.0,2,true
OBS-002460,C-01886,PIK3CA,biochemical_ic50,1213.4,1,true
OBS-002461,C-00266,MEK1,cell_viability,25304.0,1,true
OBS-002462,C-01397,BRAF,cell_viability,666.4,3,true
OBS-002463,C-02368,BRAF,biochemical_ic50,21.0,3,true
OBS-002464,C-01393,PIK3CA,cell_viability,33.5,1,true
OBS-002465,C-01643,PIK3CA,biochemical_ic50,2973.3,1,true
OBS-002466,C-02016,ALK,biochemical_ic50,4123.3,3,true
OBS-002467,C-01604,EGFR,biochemical_ic50,512.7,2,true
OBS-002468,C-01497,JAK2,biochemical_ic50,32486.5,1,true
OBS-002469,C-00134,KRAS-G12C,cell_viability,302.0,1,true
OBS-002470,C-00846,PIK3CA,biochemical_ic50,2951.9,2,true
OBS-002471,C-01735,CDK4,cell_viability,48064.3,3,true
OBS-002472,C-00791,KRAS-G12C,cell_viability,11637.8,2,true
OBS-002473,C-00736,JAK2,biochemical_ic50,187.0,2,true
OBS-002474,C-01776,EGFR,biochemical_ic50,272.1,1,true
OBS-002475,C-01133,EGFR,cell_viability,9.5,2,true
OBS-002476,C-01085,JAK2,cell_viability,3.5,1,true
OBS-002477,C-01405,CDK4,biochemical_ic50,2.2,2,true
OBS-002478,C-00831,CDK4,cell_viability,17.9,2,true
OBS-002479,C-02069,KRAS-G12C,cell_viability,67.2,2,true
OBS-002480,C-01373,CDK4,biochemical_ic50,2.5,1,true
OBS-002481,C-01522,KRAS-G12C,biochemical_ic50,321.4,2,true
OBS-002482,C-02274,EGFR,cell_viability,2500.3,2,true
OBS-002483,C-01166,MEK1,cell_viability,3337.1,3,true
OBS-002484,C-01252,BRAF,cell_viability,887.4,3,true
OBS-002485,C-01534,EGFR,cell_viability,48015.3,3,true
OBS-002486,C-01817,BRAF,cell_viability,246.8,1,true
OBS-002487,C-01117,JAK2,biochemical_ic50,191.0,2,true
OBS-002488,C-01845,EGFR,cell_viability,116.5,1,true
OBS-002489,C-02341,CDK4,cell_viability,1614.5,1,true
OBS-002490,C-01287,PIK3CA,cell_viability,1392.6,2,true
OBS-002491,C-02135,CDK4,biochemical_ic50,1.6,2,true
OBS-002492,C-02255,BRAF,biochemical_ic50,147.9,3,true
OBS-002493,C-02321,JAK2,biochemical_ic50,11810.2,3,true
OBS-002494,C-01253,BRAF,biochemical_ic50,1377.8,2,true
OBS-002495,C-01898,EGFR,biochemical_ic50,2103.3,3,true
OBS-002496,C-01293,KRAS-G12C,biochemical_ic50,32223.8,3,true
OBS-002497,C-02089,MEK1,cell_viability,1.5,2,true
OBS-002498,C-01627,BRAF,cell_viability,19951.2,3,true
OBS-002499,C-01334,CDK4,cell_viability,24.3,2,true
OBS-002500,C-01052,KRAS-G12C,biochemical_ic50,23026.6,2,true
OBS-002501,C-00443,KRAS-G12C,biochemical_ic50,873.2,2,true
OBS-002502,C-01094,PIK3CA,biochemical_ic50,524.0,2,true
OBS-002503,C-02255,CDK4,biochemical_ic50,3276.9,1,true
OBS-002504,C-01194,PIK3CA,biochemical_ic50,154.0,3,true
OBS-002505,C-01813,PIK3CA,cell_viability,1373.5,2,true
OBS-002506,C-01408,ALK,cell_viability,16.8,3,true
OBS-002507,C-02224,BRAF,cell_viability,34230.7,2,true
OBS-002508,C-01880,ALK,cell_viability,19860.5,2,true
OBS-002509,C-00910,EGFR,cell_viability,4.4,3,true
OBS-002510,C-00311,JAK2,biochemical_ic50,1354.2,2,true
OBS-002511,C-01568,EGFR,biochemical_ic50,865.9,3,true
OBS-002512,C-00279,JAK2,biochemical_ic50,6667.0,3,true
OBS-002513,C-01359,PIK3CA,biochemical_ic50,1.9,1,true
OBS-002514,C-00791,BRAF,biochemical_ic50,429.7,3,true
OBS-002515,C-02231,PIK3CA,biochemical_ic50,24399.2,1,true
OBS-002516,C-01038,EGFR,cell_viability,427.5,1,true
OBS-002517,C-01492,MEK1,biochemical_ic50,21221.2,1,true
OBS-002518,C-01905,BRAF,cell_viability,503.8,2,true
OBS-002519,C-01144,MEK1,cell_viability,2408.2,2,true
OBS-002520,C-01063,BRAF,cell_viability,2.0,2,true
OBS-002521,C-00365,PIK3CA,cell_viability,2973.2,3,true
OBS-002522,C-01134,MEK1,cell_viability,5.0,1,true
OBS-002523,C-02061,ALK,biochemical_ic50,1619.6,3,true
OBS-002524,C-00127,EGFR,biochemical_ic50,5.6,2,true
OBS-002525,C-01437,MEK1,cell_viability,618.6,2,true
OBS-002526,C-01780,ALK,cell_viability,10638.6,3,true
OBS-002527,C-01187,ALK,cell_viability,2653.4,1,true
OBS-002528,C-00562,MEK1,cell_viability,1197.8,3,true
OBS-002529,C-01381,ALK,biochemical_ic50,4733.7,1,true
OBS-002530,C-02016,BRAF,biochemical_ic50,64.7,3,true
OBS-002531,C-00899,JAK2,cell_viability,8239.4,1,true
OBS-002532,C-00902,KRAS-G12C,cell_viability,16.6,2,true
OBS-002533,C-01572,PIK3CA,biochemical_ic50,599.6,1,true
OBS-002534,C-00922,BRAF,biochemical_ic50,1.2,3,true
OBS-002535,C-00871,MEK1,cell_viability,8.1,2,true
OBS-002536,C-00191,EGFR,cell_viability,69.4,3,true
OBS-002537,C-01608,KRAS-G12C,cell_viability,897.5,1,true
OBS-002538,C-02095,PIK3CA,biochemical_ic50,24.9,1,true
OBS-002539,C-01656,KRAS-G12C,biochemical_ic50,1237.4,2,true
OBS-002540,C-00229,MEK1,biochemical_ic50,5716.3,3,true
OBS-002541,C-00633,KRAS-G12C,biochemical_ic50,1005.6,1,true
OBS-002542,C-00889,MEK1,cell_viability,2695.6,1,true
OBS-002543,C-00223,PIK3CA,cell_viability,30855.6,3,true
OBS-002544,C-02098,CDK4,cell_viability,10.2,3,true
OBS-002545,C-01876,CDK4,cell_viability,3657.0,2,true
OBS-002546,C-00106,KRAS-G12C,cell_viability,24992.1,2,true
OBS-002547,C-01792,KRAS-G12C,cell_viability,8611.5,3,true
OBS-002548,C-02256,ALK,biochemical_ic50,16.3,2,true
OBS-002549,C-01692,ALK,biochemical_ic50,150.2,1,true
OBS-002550,C-01341,BRAF,cell_viability,1208.9,1,true
OBS-002551,C-01048,BRAF,cell_viability,25.2,1,true
OBS-002552,C-00877,ALK,cell_viability,44.4,3,true
OBS-002553,C-01920,PIK3CA,biochemical_ic50,2.4,3,true
OBS-002554,C-01763,KRAS-G12C,biochemical_ic50,16.2,2,true
OBS-002555,C-00528,JAK2,cell_viability,4798.6,2,true
OBS-002556,C-02162,CDK4,biochemical_ic50,10.1,1,true
OBS-002557,C-00389,JAK2,biochemical_ic50,1743.0,1,true
OBS-002558,C-00074,EGFR,cell_viability,47.1,2,true
OBS-002559,C-00810,JAK2,biochemical_ic50,15.1,3,true
OBS-002560,C-01013,PIK3CA,cell_viability,5.2,1,true
OBS-002561,C-00387,CDK4,biochemical_ic50,50.8,1,true
OBS-002562,C-00623,ALK,cell_viability,658.5,2,true
OBS-002563,C-00667,PIK3CA,cell_viability,3.1,2,true
OBS-002564,C-00702,CDK4,cell_viability,4.7,2,true
OBS-002565,C-00758,BRAF,cell_viability,4642.7,3,true
OBS-002566,C-02105,PIK3CA,biochemical_ic50,1464.3,2,true
OBS-002567,C-02162,MEK1,cell_viability,5332.5,2,true
OBS-002568,C-01711,MEK1,cell_viability,10982.0,3,true
OBS-002569,C-00517,PIK3CA,biochemical_ic50,10553.1,2,true
OBS-002570,C-01465,BRAF,biochemical_ic50,40411.2,1,true
OBS-002571,C-00582,ALK,cell_viability,918.8,1,true
OBS-002572,C-02337,JAK2,cell_viability,9.6,2,true
OBS-002573,C-00853,EGFR,cell_viability,1143.5,3,true
OBS-002574,C-00768,KRAS-G12C,cell_viability,27.5,2,true
OBS-002575,C-01680,JAK2,cell_viability,1.5,3,true
OBS-002576,C-00034,KRAS-G12C,biochemical_ic50,3598.3,2,true
OBS-002577,C-00552,JAK2,cell_viability,4658.7,2,true
OBS-002578,C-00661,PIK3CA,biochemical_ic50,2591.2,3,true
OBS-002579,C-02390,PIK3CA,cell_viability,448.3,3,true
OBS-002580,C-02381,JAK2,biochemical_ic50,5.2,2,true
OBS-002581,C-01317,BRAF,biochemical_ic50,37472.0,1,true
OBS-002582,C-02138,JAK2,cell_viability,6657.9,1,true
OBS-002583,C-00569,ALK,cell_viability,24757.0,3,true
OBS-002584,C-02132,EGFR,biochemical_ic50,2477.8,1,true
OBS-002585,C-01736,CDK4,cell_viability,478.0,2,true
OBS-002586,C-02102,KRAS-G12C,cell_viability,684.4,2,true
OBS-002587,C-01170,MEK1,biochemical_ic50,9341.2,3,true
OBS-002588,C-01724,PIK3CA,biochemical_ic50,2952.4,3,true
OBS-002589,C-02232,MEK1,cell_viability,12.2,1,true
OBS-002590,C-00675,JAK2,cell_viability,3.4,2,true
OBS-002591,C-02096,BRAF,biochemical_ic50,24.0,1,true
OBS-002592,C-00714,ALK,biochemical_ic50,2.8,3,true
OBS-002593,C-00446,EGFR,biochemical_ic50,13060.2,2,true
OBS-002594,C-01283,JAK2,cell_viability,561.1,2,true
OBS-002595,C-00667,MEK1,biochemical_ic50,102.9,1,true
OBS-002596,C-00315,ALK,biochemical_ic50,52.7,1,true
OBS-002597,C-00113,KRAS-G12C,biochemical_ic50,871.6,1,true
OBS-002598,C-02011,ALK,biochemical_ic50,22.2,3,true
OBS-002599,C-02192,PIK3CA,cell_viability,1274.0,1,true
OBS-002600,C-00310,MEK1,cell_viability,319.4,3,true
OBS-002601,C-02148,EGFR,biochemical_ic50,12503.9,1,true
OBS-002602,C-00440,MEK1,cell_viability,647.8,1,true
OBS-002603,C-00493,ALK,biochemical_ic50,41.3,1,true
OBS-002604,C-01395,EGFR,biochemical_ic50,6.1,1,true
OBS-002605,C-01139,KRAS-G12C,biochemical_ic50,4.3,2,true
OBS-002606,C-01942,CDK4,biochemical_ic50,94.8,3,true
OBS-002607,C-00996,KRAS-G12C,biochemical_ic50,119.3,3,true
OBS-002608,C-01960,ALK,biochemical_ic50,1.1,3,true
OBS-002609,C-01418,BRAF,biochemical_ic50,11270.3,3,true
OBS-002610,C-00006,ALK,cell_viability,9.8,3,true
OBS-002611,C-01492,BRAF,biochemical_ic50,13.5,1,true
OBS-002612,C-01615,PIK3CA,biochemical_ic50,28917.4,2,true
OBS-002613,C-02080,ALK,cell_viability,44.8,1,true
OBS-002614,C-00168,BRAF,biochemical_ic50,13.7,1,true
OBS-002615,C-01167,EGFR,biochemical_ic50,1111.6,3,true
OBS-002616,C-01397,PIK3CA,cell_viability,9269.0,1,true
OBS-002617,C-00950,BRAF,biochemical_ic50,5.6,2,true
OBS-002618,C-00696,MEK1,biochemical_ic50,832.7,1,true
OBS-002619,C-01786,KRAS-G12C,cell_viability,23617.9,1,true
OBS-002620,C-00684,KRAS-G12C,biochemical_ic50,196.6,1,true
OBS-002621,C-01023,MEK1,biochemical_ic50,311.5,3,true
OBS-002622,C-01702,KRAS-G12C,cell_viability,15486.6,3,true
OBS-002623,C-01778,BRAF,biochemical_ic50,1691.2,2,true
OBS-002624,C-01563,PIK3CA,cell_viability,424.2,3,true
OBS-002625,C-01206,EGFR,biochemical_ic50,24997.7,2,true
OBS-002626,C-00025,MEK1,cell_viability,2.0,1,true
OBS-002627,C-00706,KRAS-G12C,biochemical_ic50,42.5,1,true
OBS-002628,C-01552,ALK,biochemical_ic50,115.9,1,true
OBS-002629,C-02076,JAK2,biochemical_ic50,47619.4,3,true
OBS-002630,C-01896,KRAS-G12C,biochemical_ic50,6090.2,1,true
OBS-002631,C-01779,BRAF,biochemical_ic50,34.1,1,true
OBS-002632,C-01146,JAK2,biochemical_ic50,6.9,1,true
OBS-002633,C-01812,ALK,cell_viability,416.1,2,true
OBS-002634,C-01688,MEK1,cell_viability,176.6,3,true
OBS-002635,C-02397,CDK4,biochemical_ic50,1.3,2,true
OBS-002636,C-00707,CDK4,cell_viability,3.4,1,true
OBS-002637,C-00429,ALK,cell_viability,1271.3,3,true
OBS-002638,C-02238,PIK3CA,cell_viability,2.7,2,true
OBS-002639,C-00433,EGFR,biochemical_ic50,57.5,3,true
OBS-002640,C-00300,ALK,biochemical_ic50,1307.5,2,true
OBS-002641,C-02234,JAK2,biochemical_ic50,28.7,3,true
OBS-002642,C-02174,MEK1,biochemical_ic50,178.9,1,true
OBS-002643,C-01326,PIK3CA,biochemical_ic50,1814.7,3,true
OBS-002644,C-01322,BRAF,biochemical_ic50,114.0,3,true
OBS-002645,C-01446,MEK1,biochemical_ic50,1.1,2,true
OBS-002646,C-00083,EGFR,cell_viability,247.7,2,true
OBS-002647,C-00186,EGFR,biochemical_ic50,2968.8,3,true
OBS-002648,C-00123,EGFR,cell_viability,25.8,2,true
OBS-002649,C-02240,PIK3CA,biochemical_ic50,3488.8,2,true
OBS-002650,C-00721,BRAF,biochemical_ic50,32.0,1,true
OBS-002651,C-01379,KRAS-G12C,biochemical_ic50,386.5,1,true
OBS-002652,C-01442,ALK,biochemical_ic50,40586.2,2,true
OBS-002653,C-00113,BRAF,biochemical_ic50,46595.3,1,true
OBS-002654,C-02271,JAK2,cell_viability,81.6,2,true
OBS-002655,C-00375,MEK1,biochemical_ic50,29.9,3,true
OBS-002656,C-01867,JAK2,cell_viability,1.8,1,true
OBS-002657,C-01672,CDK4,biochemical_ic50,945.6,1,true
OBS-002658,C-00114,MEK1,cell_viability,6.9,1,true
OBS-002659,C-02129,KRAS-G12C,biochemical_ic50,202.3,3,true
OBS-002660,C-01189,EGFR,cell_viability,51.9,2,true
OBS-002661,C-01271,BRAF,biochemical_ic50,18161.5,1,true
OBS-002662,C-00040,ALK,biochemical_ic50,25.5,3,true
OBS-002663,C-02222,PIK3CA,biochemical_ic50,338.0,2,true
OBS-002664,C-00009,PIK3CA,biochemical_ic50,334.7,3,true
OBS-002665,C-01551,MEK1,cell_viability,119.1,3,true
OBS-002666,C-00689,BRAF,cell_viability,67.8,1,true
OBS-002667,C-02328,KRAS-G12C,biochemical_ic50,1.6,1,true
OBS-002668,C-01137,MEK1,cell_viability,11419.0,1,true
OBS-002669,C-00687,MEK1,cell_viability,6.3,3,true
OBS-002670,C-00370,MEK1,cell_viability,38081.7,2,true
OBS-002671,C-00477,JAK2,biochemical_ic50,3.8,2,true
OBS-002672,C-01955,KRAS-G12C,biochemical_ic50,18.2,3,true
OBS-002673,C-01138,MEK1,cell_viability,2791.1,1,true
OBS-002674,C-00131,CDK4,cell_viability,327.4,3,true
OBS-002675,C-02202,CDK4,biochemical_ic50,97.3,1,true
OBS-002676,C-02044,JAK2,cell_viability,102.8,1,true
OBS-002677,C-02381,KRAS-G12C,biochemical_ic50,513.4,2,true
OBS-002678,C-00012,PIK3CA,cell_viability,46825.7,2,true
OBS-002679,C-01003,MEK1,cell_viability,18.5,1,true
OBS-002680,C-01293,JAK2,cell_viability,1326.0,3,true
OBS-002681,C-00443,KRAS-G12C,biochemical_ic50,260.0,2,true
OBS-002682,C-00108,MEK1,biochemical_ic50,3644.9,1,true
OBS-002683,C-00262,ALK,biochemical_ic50,16.5,1,true
OBS-002684,C-00392,CDK4,cell_viability,69.0,1,true
OBS-002685,C-02073,MEK1,cell_viability,1.0,1,true
OBS-002686,C-01608,CDK4,cell_viability,13.7,2,true
OBS-002687,C-01762,KRAS-G12C,biochemical_ic50,1727.6,1,true
OBS-002688,C-02281,PIK3CA,cell_viability,2693.3,1,true
OBS-002689,C-01056,BRAF,cell_viability,43035.9,2,true
OBS-002690,C-02264,ALK,biochemical_ic50,5241.7,2,true
OBS-002691,C-02072,CDK4,biochemical_ic50,41824.8,3,true
OBS-002692,C-00944,CDK4,biochemical_ic50,888.9,1,true
OBS-002693,C-00332,PIK3CA,biochemical_ic50,45798.1,2,true
OBS-002694,C-00385,CDK4,biochemical_ic50,1507.4,3,true
OBS-002695,C-01136,EGFR,cell_viability,23.9,2,true
OBS-002696,C-01591,CDK4,biochemical_ic50,160.5,3,true
OBS-002697,C-01268,CDK4,cell_viability,8.0,3,true
OBS-002698,C-00084,JAK2,cell_viability,20.1,3,true
OBS-002699,C-01945,ALK,biochemical_ic50,15891.8,2,true
OBS-002700,C-01873,KRAS-G12C,biochemical_ic50,7.9,3,true
OBS-002701,C-01220,KRAS-G12C,cell_viability,1.7,1,true
OBS-002702,C-00627,KRAS-G12C,cell_viability,8139.0,1,true
OBS-002703,C-01573,PIK3CA,biochemical_ic50,2.1,1,true
OBS-002704,C-00512,CDK4,biochemical_ic50,5.6,1,true
OBS-002705,C-01989,BRAF,biochemical_ic50,544.2,2,true
OBS-002706,C-01363,KRAS-G12C,cell_viability,13.0,2,true
OBS-002707,C-02003,KRAS-G12C,biochemical_ic50,125.1,2,true
OBS-002708,C-00889,KRAS-G12C,cell_viability,8754.6,2,true
OBS-002709,C-02251,MEK1,biochemical_ic50,1372.8,1,true
OBS-002710,C-01601,KRAS-G12C,biochemical_ic50,295.5,1,true
OBS-002711,C-01758,EGFR,biochemical_ic50,30282.5,3,true
OBS-002712,C-00096,KRAS-G12C,cell_viability,8.1,1,true
OBS-002713,C-01786,BRAF,biochemical_ic50,1.0,1,true
OBS-002714,C-00259,BRAF,cell_viability,34882.8,1,true
OBS-002715,C-01499,ALK,cell_viability,29831.9,2,true
OBS-002716,C-00980,KRAS-G12C,cell_viability,1.2,1,true
OBS-002717,C-01785,PIK3CA,cell_viability,85.9,2,true
OBS-002718,C-00367,MEK1,biochemical_ic50,249.7,1,true
OBS-002719,C-00467,CDK4,cell_viability,17.8,2,true
OBS-002720,C-02285,EGFR,biochemical_ic50,5.7,1,true
OBS-002721,C-01492,CDK4,cell_viability,59.3,1,true
OBS-002722,C-00546,JAK2,cell_viability,2410.9,1,true
OBS-002723,C-00075,KRAS-G12C,cell_viability,10.9,1,true
OBS-002724,C-00947,JAK2,cell_viability,27.6,3,true
OBS-002725,C-02024,KRAS-G12C,cell_viability,58.1,1,true
OBS-002726,C-01668,EGFR,cell_viability,16029.2,2,true
OBS-002727,C-00852,BRAF,cell_viability,6111.9,1,true
OBS-002728,C-00801,ALK,biochemical_ic50,1.9,2,true
OBS-002729,C-00754,JAK2,cell_viability,997.5,2,true
OBS-002730,C-01802,BRAF,biochemical_ic50,25.9,3,true
OBS-002731,C-00749,PIK3CA,biochemical_ic50,25.9,3,true
OBS-002732,C-01484,ALK,cell_viability,1156.7,2,true
OBS-002733,C-00674,ALK,biochemical_ic50,212.5,3,true
OBS-002734,C-01732,MEK1,cell_viability,7670.8,1,true
OBS-002735,C-01013,EGFR,biochemical_ic50,245.5,2,true
OBS-002736,C-01094,JAK2,biochemical_ic50,15672.3,1,true
OBS-002737,C-02102,PIK3CA,biochemical_ic50,76.9,1,true
OBS-002738,C-00214,EGFR,biochemical_ic50,1.1,1,true
OBS-002739,C-01680,BRAF,cell_viability,9423.8,3,true
OBS-002740,C-01433,KRAS-G12C,biochemical_ic50,1.2,1,true
OBS-002741,C-01302,PIK3CA,biochemical_ic50,10.8,1,true
OBS-002742,C-01317,CDK4,biochemical_ic50,1.4,1,true
OBS-002743,C-01989,BRAF,biochemical_ic50,7682.0,3,true
OBS-002744,C-01217,ALK,cell_viability,25.7,1,true
OBS-002745,C-00221,MEK1,biochemical_ic50,15627.1,3,true
OBS-002746,C-00352,KRAS-G12C,cell_viability,2.0,1,true
OBS-002747,C-00028,BRAF,cell_viability,2602.7,1,true
OBS-002748,C-01293,CDK4,cell_viability,1908.9,2,true
OBS-002749,C-00681,PIK3CA,biochemical_ic50,18.5,2,true
OBS-002750,C-01486,CDK4,biochemical_ic50,715.2,3,true
OBS-002751,C-00241,ALK,cell_viability,999.7,3,true
OBS-002752,C-01761,EGFR,biochemical_ic50,461.7,1,true
OBS-002753,C-01358,BRAF,cell_viability,6.3,3,true
OBS-002754,C-01667,BRAF,cell_viability,51.3,1,true
OBS-002755,C-01507,CDK4,cell_viability,15280.9,2,true
OBS-002756,C-01173,MEK1,cell_viability,1476.3,2,true
OBS-002757,C-00814,CDK4,biochemical_ic50,437.2,2,true
OBS-002758,C-01751,EGFR,cell_viability,15.9,1,true
OBS-002759,C-00235,KRAS-G12C,cell_viability,227.6,1,true
OBS-002760,C-01088,JAK2,biochemical_ic50,27774.4,3,true
OBS-002761,C-00204,ALK,biochemical_ic50,1.4,1,true
OBS-002762,C-02328,ALK,biochemical_ic50,461.8,1,true
OBS-002763,C-00393,BRAF,cell_viability,11170.3,3,true
OBS-002764,C-00997,KRAS-G12C,biochemical_ic50,1048.2,3,true
OBS-002765,C-01455,MEK1,biochemical_ic50,653.3,3,true
OBS-002766,C-00451,JAK2,cell_viability,15795.7,2,true
OBS-002767,C-01006,CDK4,biochemical_ic50,22694.6,3,true
OBS-002768,C-00610,JAK2,cell_viability,207.9,1,true
OBS-002769,C-00308,BRAF,biochemical_ic50,714.3,2,true
OBS-002770,C-00018,ALK,cell_viability,9941.6,1,true
OBS-002771,C-02294,BRAF,cell_viability,1.0,3,true
OBS-002772,C-01059,ALK,cell_viability,133.1,2,true
OBS-002773,C-01661,EGFR,biochemical_ic50,543.1,2,true
OBS-002774,C-01285,MEK1,cell_viability,8427.9,1,true
OBS-002775,C-00403,JAK2,cell_viability,34.8,3,true
OBS-002776,C-00156,MEK1,biochemical_ic50,7288.8,1,true
OBS-002777,C-01073,CDK4,biochemical_ic50,3.4,3,true
OBS-002778,C-02256,ALK,cell_viability,1004.5,2,true
OBS-002779,C-00180,BRAF,biochemical_ic50,368.2,1,true
OBS-002780,C-01351,EGFR,biochemical_ic50,1318.7,2,true
OBS-002781,C-00904,BRAF,biochemical_ic50,8.3,3,true
OBS-002782,C-01655,PIK3CA,biochemical_ic50,174.5,3,true
OBS-002783,C-01852,MEK1,biochemical_ic50,1811.5,2,true
OBS-002784,C-01355,EGFR,cell_viability,753.4,3,true
OBS-002785,C-02024,KRAS-G12C,cell_viability,962.2,3,true
OBS-002786,C-01073,MEK1,biochemical_ic50,44.2,2,true
OBS-002787,C-00064,BRAF,biochemical_ic50,6.2,2,true
OBS-002788,C-01152,KRAS-G12C,biochemical_ic50,259.9,3,true
OBS-002789,C-00227,MEK1,biochemical_ic50,229.0,1,true
OBS-002790,C-02255,PIK3CA,cell_viability,8.9,1,true
OBS-002791,C-02329,BRAF,biochemical_ic50,475.4,3,true
OBS-002792,C-01211,ALK,biochemical_ic50,35.9,2,true
OBS-002793,C-00145,ALK,cell_viability,360.7,3,true
OBS-002794,C-02372,JAK2,cell_viability,20.7,3,true
OBS-002795,C-00788,ALK,cell_viability,55.3,2,true
OBS-002796,C-02190,KRAS-G12C,biochemical_ic50,1.4,1,true
OBS-002797,C-01682,PIK3CA,biochemical_ic50,1.5,3,true
OBS-002798,C-02066,KRAS-G12C,biochemical_ic50,31747.4,1,true
OBS-002799,C-00752,KRAS-G12C,cell_viability,346.3,1,true
OBS-002800,C-01777,EGFR,cell_viability,56.5,2,true
OBS-002801,C-00902,JAK2,cell_viability,2160.1,1,true
OBS-002802,C-00777,MEK1,biochemical_ic50,1751.6,2,true
OBS-002803,C-02049,EGFR,biochemical_ic50,13.0,3,true
OBS-002804,C-02108,EGFR,biochemical_ic50,522.0,3,true
OBS-002805,C-00428,MEK1,biochemical_ic50,43.5,1,true
OBS-002806,C-00569,CDK4,cell_viability,42682.5,2,true
OBS-002807,C-01831,BRAF,biochemical_ic50,1249.9,2,true
OBS-002808,C-00511,PIK3CA,cell_viability,5.1,3,true
OBS-002809,C-01567,PIK3CA,biochemical_ic50,8816.8,1,true
OBS-002810,C-01049,MEK1,biochemical_ic50,4.4,3,true
OBS-002811,C-01753,BRAF,biochemical_ic50,32.1,1,true
OBS-002812,C-01880,PIK3CA,cell_viability,36153.2,2,true
OBS-002813,C-01302,PIK3CA,cell_viability,3.8,3,true
OBS-002814,C-00992,BRAF,biochemical_ic50,12291.5,3,true
OBS-002815,C-01048,MEK1,biochemical_ic50,385.6,1,true
OBS-002816,C-01620,CDK4,biochemical_ic50,1.5,2,true
OBS-002817,C-00503,KRAS-G12C,cell_viability,2946.6,3,true
OBS-002818,C-01471,JAK2,biochemical_ic50,16.2,2,true
OBS-002819,C-00017,JAK2,cell_viability,1.1,3,true
OBS-002820,C-00171,KRAS-G12C,biochemical_ic50,5686.7,3,true
OBS-002821,C-00478,JAK2,biochemical_ic50,1543.3,1,true
OBS-002822,C-01857,MEK1,biochemical_ic50,313.4,3,true
OBS-002823,C-01895,EGFR,cell_viability,11445.6,3,true
OBS-002824,C-00008,MEK1,cell_viability,9.3,2,true
OBS-002825,C-02088,BRAF,biochemical_ic50,3204.1,1,true
OBS-002826,C-00252,JAK2,cell_viability,8757.0,3,true
OBS-002827,C-00896,MEK1,cell_viability,47.9,2,true
OBS-002828,C-00141,BRAF,biochemical_ic50,4490.4,2,true
OBS-002829,C-00434,JAK2,biochemical_ic50,4.7,3,true
OBS-002830,C-00707,PIK3CA,biochemical_ic50,45833.1,2,true
OBS-002831,C-00650,BRAF,cell_viability,251.9,2,true
OBS-002832,C-00992,KRAS-G12C,biochemical_ic50,115.3,2,true
OBS-002833,C-01359,KRAS-G12C,cell_viability,46.3,1,true
OBS-002834,C-01377,BRAF,biochemical_ic50,24455.0,2,true
OBS-002835,C-01236,ALK,biochemical_ic50,60.2,3,true
OBS-002836,C-01164,ALK,cell_viability,3.1,1,true
OBS-002837,C-00436,CDK4,biochemical_ic50,4.8,2,true
OBS-002838,C-02112,CDK4,biochemical_ic50,2866.9,1,true
OBS-002839,C-01759,EGFR,biochemical_ic50,502.1,1,true
OBS-002840,C-00991,ALK,cell_viability,1.3,2,true
OBS-002841,C-01868,JAK2,biochemical_ic50,1697.3,1,true
OBS-002842,C-02182,JAK2,cell_viability,8.3,2,true
OBS-002843,C-01687,KRAS-G12C,biochemical_ic50,15.2,2,true
OBS-002844,C-01865,MEK1,cell_viability,100.5,2,true
OBS-002845,C-00699,CDK4,cell_viability,9694.5,3,true
OBS-002846,C-01453,KRAS-G12C,biochemical_ic50,505.5,2,true
OBS-002847,C-02166,PIK3CA,cell_viability,1.8,1,true
OBS-002848,C-00302,CDK4,cell_viability,174.7,2,true
OBS-002849,C-00908,KRAS-G12C,cell_viability,101.1,3,true
OBS-002850,C-00320,MEK1,cell_viability,1314.1,2,true
OBS-002851,C-00878,MEK1,cell_viability,673.2,2,true
OBS-002852,C-01370,JAK2,biochemical_ic50,40.4,2,true
OBS-002853,C-00761,ALK,cell_viability,3959.2,1,true
OBS-002854,C-02227,PIK3CA,cell_viability,11350.8,2,true
OBS-002855,C-01528,EGFR,biochemical_ic50,2.3,1,true
OBS-002856,C-01233,CDK4,biochemical_ic50,65.3,2,true
OBS-002857,C-01011,CDK4,cell_viability,26.2,1,true
OBS-002858,C-00411,MEK1,biochemical_ic50,1788.6,1,true
OBS-002859,C-00595,EGFR,biochemical_ic50,16.4,3,true
OBS-002860,C-01142,ALK,cell_viability,31.7,3,true
OBS-002861,C-01914,BRAF,cell_viability,9.1,1,true
OBS-002862,C-01265,BRAF,biochemical_ic50,72.2,3,true
OBS-002863,C-00016,KRAS-G12C,biochemical_ic50,4.7,2,true
OBS-002864,C-01021,MEK1,cell_viability,7873.9,1,true
OBS-002865,C-00211,MEK1,cell_viability,5.8,1,true
OBS-002866,C-00815,JAK2,cell_viability,10957.1,1,true
OBS-002867,C-00367,MEK1,cell_viability,8630.0,3,true
OBS-002868,C-01518,PIK3CA,biochemical_ic50,1843.4,1,true
OBS-002869,C-00396,KRAS-G12C,cell_viability,6.8,3,true
OBS-002870,C-00538,BRAF,biochemical_ic50,19826.1,1,true
OBS-002871,C-00151,MEK1,biochemical_ic50,1612.6,1,true
OBS-002872,C-01130,ALK,cell_viability,828.7,1,true
OBS-002873,C-01578,PIK3CA,biochemical_ic50,34865.2,2,true
OBS-002874,C-00720,KRAS-G12C,cell_viability,7.6,3,true
OBS-002875,C-01303,ALK,cell_viability,16829.3,3,true
OBS-002876,C-01268,MEK1,biochemical_ic50,3093.3,2,true
OBS-002877,C-00210,BRAF,cell_viability,5.8,1,true
OBS-002878,C-01324,JAK2,cell_viability,4171.1,3,true
OBS-002879,C-00492,CDK4,biochemical_ic50,2.1,1,true
OBS-002880,C-01171,JAK2,biochemical_ic50,15805.5,2,true
OBS-002881,C-00274,EGFR,biochemical_ic50,416.7,3,true
OBS-002882,C-01903,KRAS-G12C,cell_viability,1996.4,1,true
OBS-002883,C-01898,JAK2,cell_viability,169.7,3,true
OBS-002884,C-00560,ALK,cell_viability,3.1,3,true
OBS-002885,C-01456,JAK2,biochemical_ic50,1391.3,3,true
OBS-002886,C-01906,MEK1,cell_viability,1774.9,1,true
OBS-002887,C-02266,EGFR,cell_viability,1.1,1,true
OBS-002888,C-02242,KRAS-G12C,biochemical_ic50,1.4,2,true
OBS-002889,C-00457,ALK,biochemical_ic50,7.8,1,true
OBS-002890,C-02331,ALK,biochemical_ic50,34564.4,3,true
OBS-002891,C-01857,PIK3CA,cell_viability,1757.2,3,true
OBS-002892,C-01206,EGFR,cell_viability,262.2,1,true
OBS-002893,C-02111,BRAF,cell_viability,959.3,2,true
OBS-002894,C-00703,PIK3CA,cell_viability,478.0,3,true
OBS-002895,C-00876,CDK4,cell_viability,1873.6,2,true
OBS-002896,C-00896,CDK4,cell_viability,881.7,1,true
OBS-002897,C-01183,CDK4,cell_viability,14.5,1,true
OBS-002898,C-00024,PIK3CA,biochemical_ic50,7.3,1,true
OBS-002899,C-00898,JAK2,cell_viability,32202.3,2,true
OBS-002900,C-00554,BRAF,cell_viability,67.8,1,true
OBS-002901,C-02318,BRAF,biochemical_ic50,3.1,3,true
OBS-002902,C-01345,KRAS-G12C,biochemical_ic50,1160.8,2,true
OBS-002903,C-01120,BRAF,cell_viability,1218.7,1,true
OBS-002904,C-01701,ALK,biochemical_ic50,1573.4,3,true
OBS-002905,C-01297,BRAF,cell_viability,642.9,1,true
OBS-002906,C-00699,ALK,cell_viability,1188.7,3,true
OBS-002907,C-01055,ALK,cell_viability,13454.4,1,true
OBS-002908,C-00687,JAK2,cell_viability,490.5,3,true
OBS-002909,C-02311,PIK3CA,biochemical_ic50,24188.5,3,true
OBS-002910,C-00233,JAK2,cell_viability,19.4,2,true
OBS-002911,C-00989,MEK1,cell_viability,27201.3,2,true
OBS-002912,C-01775,CDK4,cell_viability,130.7,1,true
OBS-002913,C-02072,EGFR,cell_viability,423.4,3,true
OBS-002914,C-00458,MEK1,cell_viability,75.6,2,true
OBS-002915,C-00454,EGFR,cell_viability,30379.2,3,true
OBS-002916,C-01785,ALK,cell_viability,6.1,2,true
OBS-002917,C-01877,EGFR,cell_viability,2671.6,2,true
OBS-002918,C-02343,MEK1,cell_viability,3033.1,2,true
OBS-002919,C-00748,EGFR,biochemical_ic50,160.0,2,true
OBS-002920,C-00948,CDK4,biochemical_ic50,1138.4,1,true
OBS-002921,C-01639,BRAF,biochemical_ic50,77.3,3,true
OBS-002922,C-00481,KRAS-G12C,biochemical_ic50,26.1,3,true
OBS-002923,C-01221,MEK1,biochemical_ic50,95.1,2,true
OBS-002924,C-01310,PIK3CA,biochemical_ic50,391.5,2,true
OBS-002925,C-01041,CDK4,cell_viability,1073.7,1,true
OBS-002926,C-00785,PIK3CA,cell_viability,1464.5,1,true
OBS-002927,C-01510,JAK2,biochemical_ic50,1435.0,1,true
OBS-002928,C-01257,BRAF,biochemical_ic50,2811.5,2,true
OBS-002929,C-01559,KRAS-G12C,cell_viability,1.1,3,true
OBS-002930,C-01686,MEK1,biochemical_ic50,36.3,2,true
OBS-002931,C-01938,CDK4,cell_viability,3.3,2,true
OBS-002932,C-02035,PIK3CA,biochemical_ic50,38872.5,3,true
OBS-002933,C-01888,BRAF,biochemical_ic50,149.1,1,true
OBS-002934,C-01742,ALK,cell_viability,48.4,2,true
OBS-002935,C-02057,KRAS-G12C,biochemical_ic50,21436.6,2,true
OBS-002936,C-00438,ALK,cell_viability,6202.1,1,true
OBS-002937,C-01512,EGFR,biochemical_ic50,143.8,3,true
OBS-002938,C-01293,MEK1,biochemical_ic50,901.9,1,true
OBS-002939,C-00497,JAK2,biochemical_ic50,1154.8,1,true
OBS-002940,C-01672,EGFR,cell_viability,3.0,2,true
OBS-002941,C-01377,BRAF,biochemical_ic50,13.4,2,true
OBS-002942,C-00685,JAK2,biochemical_ic50,31333.6,3,true
OBS-002943,C-01750,ALK,biochemical_ic50,5.5,1,true
OBS-002944,C-01816,MEK1,biochemical_ic50,40071.8,1,true
OBS-002945,C-00465,MEK1,cell_viability,3.6,1,true
OBS-002946,C-01123,KRAS-G12C,biochemical_ic50,1174.6,3,true
OBS-002947,C-02361,BRAF,biochemical_ic50,7.2,3,true
OBS-002948,C-00229,ALK,biochemical_ic50,5.9,2,true
OBS-002949,C-02263,JAK2,cell_viability,2847.1,1,true
OBS-002950,C-00264,ALK,cell_viability,6.6,3,true
OBS-002951,C-02076,KRAS-G12C,cell_viability,1.7,1,true
OBS-002952,C-00375,KRAS-G12C,biochemical_ic50,4057.4,2,true
OBS-002953,C-02388,BRAF,cell_viability,175.9,1,true
OBS-002954,C-01285,MEK1,biochemical_ic50,14.5,3,true
OBS-002955,C-02078,KRAS-G12C,cell_viability,9434.6,3,true
OBS-002956,C-01806,PIK3CA,biochemical_ic50,1.5,1,true
OBS-002957,C-02099,MEK1,cell_viability,1181.8,2,true
OBS-002958,C-01151,BRAF,biochemical_ic50,8.1,3,true
OBS-002959,C-01691,JAK2,cell_viability,52.6,2,true
OBS-002960,C-01515,EGFR,cell_viability,938.1,3,true
OBS-002961,C-00200,JAK2,biochemical_ic50,95.1,2,true
OBS-002962,C-01002,ALK,cell_viability,1131.3,3,true
OBS-002963,C-01397,JAK2,cell_viability,9.6,3,true
OBS-002964,C-00488,PIK3CA,cell_viability,27.9,1,true
OBS-002965,C-00290,ALK,biochemical_ic50,989.8,1,true
OBS-002966,C-02157,BRAF,cell_viability,1936.5,3,true
OBS-002967,C-02099,CDK4,biochemical_ic50,1011.9,3,true
OBS-002968,C-02084,ALK,biochemical_ic50,8.1,1,true
OBS-002969,C-02111,MEK1,cell_viability,125.2,3,true
OBS-002970,C-00841,BRAF,biochemical_ic50,184.5,1,true
OBS-002971,C-01088,EGFR,biochemical_ic50,1066.6,2,true
OBS-002972,C-00590,JAK2,biochemical_ic50,2202.5,1,true
OBS-002973,C-01114,CDK4,biochemical_ic50,13.4,3,true
OBS-002974,C-00245,MEK1,cell_viability,32.4,2,true
OBS-002975,C-01411,ALK,biochemical_ic50,23.8,3,true
OBS-002976,C-01711,PIK3CA,biochemical_ic50,23.2,3,true
OBS-002977,C-00006,JAK2,biochemical_ic50,10461.9,3,true
OBS-002978,C-00002,KRAS-G12C,cell_viability,4880.1,2,true
OBS-002979,C-01593,ALK,cell_viability,63.5,3,true
OBS-002980,C-02040,JAK2,cell_viability,13319.2,2,true
OBS-002981,C-01068,BRAF,biochemical_ic50,8807.9,2,true
OBS-002982,C-01969,ALK,biochemical_ic50,1972.5,3,true
OBS-002983,C-01425,KRAS-G12C,biochemical_ic50,25.7,3,true
OBS-002984,C-02036,PIK3CA,biochemical_ic50,23.7,2,true
OBS-002985,C-02168,PIK3CA,cell_viability,1156.3,1,true
OBS-002986,C-01770,JAK2,cell_viability,6.2,1,true
OBS-002987,C-01090,ALK,cell_viability,78.5,1,true
OBS-002988,C-00834,PIK3CA,cell_viability,1.4,2,true
OBS-002989,C-02170,JAK2,biochemical_ic50,1398.8,3,true
OBS-002990,C-00505,BRAF,cell_viability,636.6,1,true
OBS-002991,C-00076,KRAS-G12C,biochemical_ic50,209.4,3,true
OBS-002992,C-01806,MEK1,biochemical_ic50,2068.4,2,true
OBS-002993,C-00753,EGFR,biochemical_ic50,24.0,1,true
OBS-002994,C-00319,MEK1,biochemical_ic50,213.9,3,true
OBS-002995,C-00324,MEK1,biochemical_ic50,25.1,2,true
OBS-002996,C-02188,PIK3CA,cell_viability,385.6,1,true
OBS-002997,C-01708,JAK2,biochemical_ic50,9652.0,3,true
OBS-002998,C-00427,ALK,cell_viability,393.7,2,true
OBS-002999,C-00834,PIK3CA,cell_viability,4.5,2,true
OBS-003000,C-00261,EGFR,cell_viability,42.5,3,true
OBS-003001,C-01522,MEK1,cell_viability,23.1,3,true
OBS-003002,C-00190,JAK2,cell_viability,11.5,1,true
OBS-003003,C-01007,ALK,cell_viability,1306.3,3,true
OBS-003004,C-00105,EGFR,biochemical_ic50,3722.1,3,true
OBS-003005,C-01715,JAK2,cell_viability,51.4,1,true
OBS-003006,C-02276,KRAS-G12C,cell_viability,1.3,3,true
OBS-003007,C-00697,EGFR,cell_viability,12.5,1,true
OBS-003008,C-00080,EGFR,biochemical_ic50,21.8,3,true
OBS-003009,C-01297,CDK4,cell_viability,4027.0,1,true
OBS-003010,C-01613,EGFR,cell_viability,1.6,3,true
OBS-003011,C-00496,KRAS-G12C,biochemical_ic50,24.1,1,true
OBS-003012,C-00484,MEK1,cell_viability,166.0,1,true
OBS-003013,C-00544,JAK2,cell_viability,4088.8,1,true
OBS-003014,C-01826,CDK4,biochemical_ic50,1323.4,1,true
OBS-003015,C-00251,KRAS-G12C,biochemical_ic50,209.8,1,true
OBS-003016,C-01613,KRAS-G12C,biochemical_ic50,10.8,2,true
OBS-003017,C-00492,PIK3CA,biochemical_ic50,20.0,2,true
OBS-003018,C-02052,MEK1,cell_viability,17.0,3,true
OBS-003019,C-00086,ALK,biochemical_ic50,19304.7,3,true
OBS-003020,C-01399,PIK3CA,biochemical_ic50,5.7,1,true
OBS-003021,C-01502,MEK1,cell_viability,92.5,1,true
OBS-003022,C-01175,ALK,biochemical_ic50,1236.3,2,true
OBS-003023,C-01541,EGFR,biochemical_ic50,2.1,1,true
OBS-003024,C-01856,JAK2,biochemical_ic50,3870.1,1,true
OBS-003025,C-02017,EGFR,cell_viability,4157.6,2,true
OBS-003026,C-01368,KRAS-G12C,biochemical_ic50,780.0,1,true
OBS-003027,C-01271,PIK3CA,cell_viability,3.4,1,true
OBS-003028,C-00465,JAK2,cell_viability,6366.9,1,true
OBS-003029,C-01354,MEK1,biochemical_ic50,27407.5,2,true
OBS-003030,C-00083,MEK1,biochemical_ic50,4.4,2,true
OBS-003031,C-00967,MEK1,cell_viability,16.8,2,true
OBS-003032,C-02041,ALK,cell_viability,17437.3,2,true
OBS-003033,C-02272,EGFR,cell_viability,2203.8,3,true
OBS-003034,C-01564,EGFR,biochemical_ic50,360.1,3,true
OBS-003035,C-00890,KRAS-G12C,biochemical_ic50,3.6,3,true
OBS-003036,C-01086,JAK2,cell_viability,899.8,1,true
OBS-003037,C-00778,ALK,biochemical_ic50,1322.6,2,true
OBS-003038,C-01884,MEK1,cell_viability,2481.1,1,true
OBS-003039,C-02033,KRAS-G12C,cell_viability,10.4,1,true
OBS-003040,C-01230,ALK,biochemical_ic50,7.2,3,true
OBS-003041,C-01066,BRAF,cell_viability,1.5,2,true
OBS-003042,C-01500,BRAF,cell_viability,455.7,3,true
OBS-003043,C-01801,ALK,biochemical_ic50,12.0,1,true
OBS-003044,C-00749,KRAS-G12C,biochemical_ic50,214.6,3,true
OBS-003045,C-02360,ALK,cell_viability,20.2,1,true
OBS-003046,C-00257,PIK3CA,biochemical_ic50,60.4,1,true
OBS-003047,C-02148,MEK1,cell_viability,1845.1,1,true
OBS-003048,C-02131,KRAS-G12C,biochemical_ic50,23.6,2,true
OBS-003049,C-01269,JAK2,biochemical_ic50,43797.8,2,true
OBS-003050,C-02082,PIK3CA,cell_viability,2954.8,3,true
OBS-003051,C-00833,EGFR,biochemical_ic50,1.3,2,true
OBS-003052,C-00011,MEK1,cell_viability,3.0,2,true
OBS-003053,C-00941,KRAS-G12C,biochemical_ic50,3.3,2,true
OBS-003054,C-00382,JAK2,biochemical_ic50,3.4,2,true
OBS-003055,C-01658,PIK3CA,cell_viability,29772.1,2,true
OBS-003056,C-00051,PIK3CA,cell_viability,2.3,1,true
OBS-003057,C-00960,BRAF,cell_viability,78.6,2,true
OBS-003058,C-01959,ALK,biochemical_ic50,46.8,1,true
OBS-003059,C-00740,JAK2,biochemical_ic50,120.9,3,true
OBS-003060,C-01453,PIK3CA,cell_viability,8908.9,3,true
OBS-003061,C-01351,BRAF,cell_viability,266.5,1,true
OBS-003062,C-01740,ALK,cell_viability,37861.3,1,true
OBS-003063,C-01030,MEK1,cell_viability,1.0,2,true
OBS-003064,C-01722,BRAF,biochemical_ic50,1.8,3,true
OBS-003065,C-02079,JAK2,biochemical_ic50,14.4,2,true
OBS-003066,C-01876,JAK2,biochemical_ic50,4345.6,3,true
OBS-003067,C-00876,JAK2,biochemical_ic50,2.4,2,true
OBS-003068,C-00688,EGFR,biochemical_ic50,2377.3,3,true
OBS-003069,C-00338,PIK3CA,biochemical_ic50,1557.6,3,true
OBS-003070,C-01857,PIK3CA,cell_viability,212.8,3,true
OBS-003071,C-00534,MEK1,cell_viability,1.1,1,true
OBS-003072,C-00740,MEK1,biochemical_ic50,1.2,2,true
OBS-003073,C-02343,EGFR,biochemical_ic50,32705.6,2,true
OBS-003074,C-02127,ALK,biochemical_ic50,110.3,1,true
OBS-003075,C-02209,EGFR,biochemical_ic50,169.4,1,true
OBS-003076,C-01206,JAK2,cell_viability,8114.3,3,true
OBS-003077,C-00598,EGFR,cell_viability,90.4,2,true
OBS-003078,C-02350,BRAF,biochemical_ic50,26.1,3,true
OBS-003079,C-00603,MEK1,cell_viability,6.0,3,true
OBS-003080,C-00017,PIK3CA,biochemical_ic50,692.9,3,true
OBS-003081,C-00835,JAK2,cell_viability,6.3,2,true
OBS-003082,C-01779,PIK3CA,biochemical_ic50,5.7,3,true
OBS-003083,C-00177,ALK,cell_viability,2278.9,1,true
OBS-003084,C-00694,BRAF,biochemical_ic50,1068.7,3,true
OBS-003085,C-01936,CDK4,cell_viability,49.8,3,true
OBS-003086,C-02327,EGFR,cell_viability,4254.9,3,true
OBS-003087,C-00198,CDK4,biochemical_ic50,47969.6,2,true
OBS-003088,C-01621,CDK4,biochemical_ic50,10912.9,1,true
OBS-003089,C-01352,CDK4,biochemical_ic50,5.4,2,true
OBS-003090,C-01941,CDK4,biochemical_ic50,116.7,2,true
OBS-003091,C-00526,MEK1,cell_viability,10.5,2,true
OBS-003092,C-02321,MEK1,cell_viability,13372.0,1,true
OBS-003093,C-02387,ALK,cell_viability,1.1,1,true
OBS-003094,C-02071,BRAF,biochemical_ic50,195.0,3,true
OBS-003095,C-02067,KRAS-G12C,biochemical_ic50,1103.1,2,true
OBS-003096,C-01230,BRAF,cell_viability,4.6,3,true
OBS-003097,C-00212,PIK3CA,cell_viability,183.4,3,true
OBS-003098,C-00986,KRAS-G12C,cell_viability,7794.4,3,true
OBS-003099,C-02309,CDK4,biochemical_ic50,150.7,1,true
OBS-003100,C-02122,KRAS-G12C,biochemical_ic50,15.5,3,true
OBS-003101,C-00293,EGFR,biochemical_ic50,1.2,1,true
OBS-003102,C-02335,EGFR,biochemical_ic50,98.6,1,true
OBS-003103,C-01469,JAK2,cell_viability,19.0,3,true
OBS-003104,C-00915,CDK4,cell_viability,6561.4,2,true
OBS-003105,C-00662,EGFR,biochemical_ic50,830.3,3,true
OBS-003106,C-01042,JAK2,biochemical_ic50,81.9,2,true
OBS-003107,C-02383,KRAS-G12C,biochemical_ic50,1409.5,2,true
OBS-003108,C-01614,BRAF,cell_viability,1.2,2,true
OBS-003109,C-01251,CDK4,cell_viability,158.0,1,true
OBS-003110,C-00574,KRAS-G12C,biochemical_ic50,61.2,2,true
OBS-003111,C-01565,ALK,biochemical_ic50,16795.0,3,true
OBS-003112,C-00680,EGFR,cell_viability,1.8,2,true
OBS-003113,C-01879,PIK3CA,cell_viability,4613.1,2,true
OBS-003114,C-02098,BRAF,cell_viability,297.6,1,true
OBS-003115,C-01018,KRAS-G12C,biochemical_ic50,1822.6,3,true
OBS-003116,C-00132,CDK4,biochemical_ic50,22.4,2,true
OBS-003117,C-00922,JAK2,cell_viability,442.4,3,true
OBS-003118,C-01163,MEK1,biochemical_ic50,1117.4,3,true
OBS-003119,C-01594,MEK1,biochemical_ic50,13539.6,3,true
OBS-003120,C-01547,ALK,cell_viability,14.5,3,true
OBS-003121,C-00956,MEK1,cell_viability,2257.6,1,true
OBS-003122,C-01163,MEK1,cell_viability,154.5,2,true
OBS-003123,C-02292,JAK2,cell_viability,108.8,1,true
OBS-003124,C-01897,MEK1,cell_viability,12.0,2,true
OBS-003125,C-01811,PIK3CA,biochemical_ic50,1858.3,2,true
OBS-003126,C-00401,BRAF,cell_viability,1037.1,1,true
OBS-003127,C-00382,BRAF,biochemical_ic50,57.3,1,true
OBS-003128,C-00426,CDK4,biochemical_ic50,13.5,1,true
OBS-003129,C-01872,BRAF,biochemical_ic50,229.2,2,true
OBS-003130,C-00623,PIK3CA,cell_viability,47219.6,3,true
OBS-003131,C-02038,CDK4,cell_viability,17161.8,2,true
OBS-003132,C-02077,ALK,biochemical_ic50,1.3,1,true
OBS-003133,C-01002,ALK,biochemical_ic50,27660.9,2,true
OBS-003134,C-00725,KRAS-G12C,cell_viability,2064.3,2,true
OBS-003135,C-02334,ALK,cell_viability,6906.3,3,true
OBS-003136,C-01077,MEK1,biochemical_ic50,5.9,2,true
OBS-003137,C-01412,MEK1,cell_viability,260.2,3,true
OBS-003138,C-01764,JAK2,biochemical_ic50,18462.1,1,true
OBS-003139,C-01576,BRAF,biochemical_ic50,345.6,2,true
OBS-003140,C-01486,KRAS-G12C,biochemical_ic50,167.6,2,true
OBS-003141,C-01959,MEK1,biochemical_ic50,341.5,1,true
OBS-003142,C-00300,PIK3CA,cell_viability,640.2,3,true
OBS-003143,C-01517,JAK2,cell_viability,1.2,3,true
OBS-003144,C-00463,BRAF,biochemical_ic50,3955.1,2,true
OBS-003145,C-00447,KRAS-G12C,cell_viability,7144.0,1,true
OBS-003146,C-01989,BRAF,biochemical_ic50,1075.5,3,true
OBS-003147,C-00629,BRAF,biochemical_ic50,126.2,1,true
OBS-003148,C-01635,BRAF,biochemical_ic50,20165.0,2,true
OBS-003149,C-02124,CDK4,cell_viability,2944.3,2,true
OBS-003150,C-01587,JAK2,biochemical_ic50,24.2,1,true
OBS-003151,C-01705,CDK4,biochemical_ic50,1186.2,3,true
OBS-003152,C-00724,ALK,cell_viability,51.0,1,true
OBS-003153,C-01417,PIK3CA,cell_viability,421.7,1,true
OBS-003154,C-00545,CDK4,biochemical_ic50,647.8,2,true
OBS-003155,C-01453,BRAF,biochemical_ic50,8.1,3,true
OBS-003156,C-00541,JAK2,biochemical_ic50,103.5,3,true
OBS-003157,C-01690,MEK1,cell_viability,2380.6,2,true
OBS-003158,C-02262,EGFR,cell_viability,4.7,2,true
OBS-003159,C-01476,CDK4,biochemical_ic50,1.8,3,true
OBS-003160,C-00569,JAK2,biochemical_ic50,865.9,1,true
OBS-003161,C-01043,EGFR,biochemical_ic50,6.6,2,true
OBS-003162,C-00494,EGFR,cell_viability,1.4,3,true
OBS-003163,C-01581,PIK3CA,biochemical_ic50,22.9,1,true
OBS-003164,C-01841,KRAS-G12C,biochemical_ic50,13.5,1,true
OBS-003165,C-00857,PIK3CA,biochemical_ic50,168.4,2,true
OBS-003166,C-01025,CDK4,cell_viability,4.8,1,true
OBS-003167,C-01258,KRAS-G12C,biochemical_ic50,10138.2,3,true
OBS-003168,C-01630,PIK3CA,cell_viability,711.2,3,true
OBS-003169,C-01030,BRAF,cell_viability,5411.4,1,true
OBS-003170,C-00879,JAK2,cell_viability,5964.7,2,true
OBS-003171,C-01623,ALK,cell_viability,19671.7,2,true
OBS-003172,C-00537,BRAF,biochemical_ic50,2132.1,3,true
OBS-003173,C-00611,JAK2,biochemical_ic50,2.6,2,true
OBS-003174,C-01455,ALK,biochemical_ic50,48669.1,3,true
OBS-003175,C-02209,ALK,cell_viability,13450.8,3,true
OBS-003176,C-01852,JAK2,biochemical_ic50,1031.5,1,true
OBS-003177,C-01738,KRAS-G12C,cell_viability,434.9,2,true
OBS-003178,C-00560,JAK2,biochemical_ic50,5.8,2,true
OBS-003179,C-01720,KRAS-G12C,cell_viability,12472.4,2,true
OBS-003180,C-02305,EGFR,cell_viability,6699.4,3,true
OBS-003181,C-01369,KRAS-G12C,biochemical_ic50,1478.8,2,true
OBS-003182,C-00859,EGFR,biochemical_ic50,29.9,2,true
OBS-003183,C-00344,KRAS-G12C,biochemical_ic50,332.8,3,true
OBS-003184,C-00375,JAK2,cell_viability,334.9,3,true
OBS-003185,C-01140,MEK1,cell_viability,7.9,1,true
OBS-003186,C-00077,CDK4,biochemical_ic50,1.6,2,true
OBS-003187,C-01590,CDK4,cell_viability,182.8,1,true
OBS-003188,C-00952,MEK1,cell_viability,78.5,3,true
OBS-003189,C-00529,ALK,biochemical_ic50,7.9,1,true
OBS-003190,C-01045,EGFR,biochemical_ic50,494.8,3,true
OBS-003191,C-01155,MEK1,biochemical_ic50,3.2,2,true
OBS-003192,C-00035,EGFR,cell_viability,3196.8,2,true
OBS-003193,C-01779,BRAF,cell_viability,12.8,3,true
OBS-003194,C-02276,BRAF,biochemical_ic50,11224.1,1,true
OBS-003195,C-00726,JAK2,biochemical_ic50,1678.9,2,true
OBS-003196,C-00227,CDK4,cell_viability,1190.0,2,true
OBS-003197,C-00345,ALK,biochemical_ic50,530.4,3,true
OBS-003198,C-00069,KRAS-G12C,biochemical_ic50,6346.1,3,true
OBS-003199,C-00431,MEK1,biochemical_ic50,3.7,2,true
OBS-003200,C-02194,JAK2,biochemical_ic50,1398.1,2,true
OBS-003201,C-01160,MEK1,biochemical_ic50,1.9,3,true
OBS-003202,C-02272,BRAF,biochemical_ic50,30705.7,2,true
OBS-003203,C-00025,BRAF,cell_viability,82.8,2,true
OBS-003204,C-01604,EGFR,biochemical_ic50,13574.6,3,true
OBS-003205,C-00054,PIK3CA,biochemical_ic50,33.5,3,true
OBS-003206,C-00580,EGFR,biochemical_ic50,27828.4,3,true
OBS-003207,C-00343,CDK4,cell_viability,701.8,2,true
OBS-003208,C-02058,EGFR,cell_viability,4079.0,3,true
OBS-003209,C-01992,MEK1,cell_viability,1085.2,2,true
OBS-003210,C-00076,EGFR,cell_viability,2.9,3,true
OBS-003211,C-01726,BRAF,cell_viability,4653.9,2,true
OBS-003212,C-01604,MEK1,cell_viability,2570.2,1,true
OBS-003213,C-01075,CDK4,cell_viability,9032.5,3,true
OBS-003214,C-02040,EGFR,cell_viability,26.9,1,true
OBS-003215,C-00843,EGFR,cell_viability,81.4,2,true
OBS-003216,C-01584,EGFR,cell_viability,3.4,1,true
OBS-003217,C-00015,CDK4,cell_viability,1.6,1,true
OBS-003218,C-00383,PIK3CA,biochemical_ic50,8672.6,2,true
OBS-003219,C-01079,CDK4,biochemical_ic50,790.1,1,true
OBS-003220,C-01025,ALK,biochemical_ic50,1.8,2,true
OBS-003221,C-00359,EGFR,cell_viability,221.1,1,true
OBS-003222,C-00045,BRAF,biochemical_ic50,11865.3,3,true
OBS-003223,C-01566,MEK1,cell_viability,46.6,1,true
OBS-003224,C-00893,KRAS-G12C,biochemical_ic50,397.8,1,true
OBS-003225,C-02356,KRAS-G12C,cell_viability,56.3,2,true
OBS-003226,C-02102,JAK2,biochemical_ic50,43.6,3,true
OBS-003227,C-00140,PIK3CA,biochemical_ic50,250.6,1,true
OBS-003228,C-01635,CDK4,cell_viability,2515.1,1,true
OBS-003229,C-00767,MEK1,biochemical_ic50,9.5,2,true
OBS-003230,C-01672,JAK2,biochemical_ic50,737.0,3,true
OBS-003231,C-01931,ALK,cell_viability,30.0,3,true
OBS-003232,C-02265,ALK,cell_viability,1.9,1,true
OBS-003233,C-00401,MEK1,biochemical_ic50,32.7,2,true
OBS-003234,C-00144,MEK1,cell_viability,10215.8,2,true
OBS-003235,C-02304,JAK2,cell_viability,55.5,2,true
OBS-003236,C-01478,ALK,biochemical_ic50,26.3,1,true
OBS-003237,C-01617,JAK2,cell_viability,49095.1,1,true
OBS-003238,C-00191,KRAS-G12C,biochemical_ic50,14513.4,2,true
OBS-003239,C-01820,MEK1,biochemical_ic50,20787.7,3,true
OBS-003240,C-00754,BRAF,cell_viability,19.4,2,true
OBS-003241,C-01823,CDK4,cell_viability,2.8,1,true
OBS-003242,C-00017,KRAS-G12C,biochemical_ic50,3.0,1,true
OBS-003243,C-00838,PIK3CA,cell_viability,48719.3,3,true
OBS-003244,C-00379,CDK4,biochemical_ic50,8699.3,1,true
OBS-003245,C-00526,CDK4,biochemical_ic50,5.6,1,true
OBS-003246,C-01914,KRAS-G12C,cell_viability,81.9,2,true
OBS-003247,C-01501,KRAS-G12C,cell_viability,3.0,2,true
OBS-003248,C-01343,MEK1,biochemical_ic50,77.3,3,true
OBS-003249,C-00443,EGFR,biochemical_ic50,485.2,2,true
OBS-003250,C-02224,PIK3CA,biochemical_ic50,3735.9,3,true
OBS-003251,C-01567,CDK4,biochemical_ic50,4360.3,1,true
OBS-003252,C-01868,JAK2,cell_viability,3020.0,3,true
OBS-003253,C-00925,JAK2,cell_viability,7876.0,2,true
OBS-003254,C-01491,BRAF,biochemical_ic50,126.9,2,true
OBS-003255,C-01227,JAK2,cell_viability,126.3,3,true
OBS-003256,C-00871,BRAF,biochemical_ic50,3.5,1,true
OBS-003257,C-01469,BRAF,cell_viability,77.9,2,true
OBS-003258,C-00807,PIK3CA,cell_viability,17750.8,1,true
OBS-003259,C-00748,JAK2,biochemical_ic50,2019.2,2,true
OBS-003260,C-01984,PIK3CA,biochemical_ic50,305.4,2,true
OBS-003261,C-01787,MEK1,cell_viability,6398.2,1,true
OBS-003262,C-02334,PIK3CA,biochemical_ic50,186.6,2,true
OBS-003263,C-00368,EGFR,biochemical_ic50,205.3,1,true
OBS-003264,C-02021,MEK1,cell_viability,141.3,1,true
OBS-003265,C-01510,KRAS-G12C,biochemical_ic50,510.0,3,true
OBS-003266,C-01919,CDK4,cell_viability,1398.2,2,true
OBS-003267,C-01035,CDK4,biochemical_ic50,30.5,1,true
OBS-003268,C-00880,JAK2,cell_viability,292.7,2,true
OBS-003269,C-01147,CDK4,cell_viability,4.4,3,true
OBS-003270,C-00495,MEK1,cell_viability,3870.6,1,true
OBS-003271,C-01909,MEK1,cell_viability,37252.6,3,true
OBS-003272,C-00838,MEK1,cell_viability,1.4,1,true
OBS-003273,C-01186,KRAS-G12C,cell_viability,2.3,2,true
OBS-003274,C-00573,KRAS-G12C,biochemical_ic50,4.0,3,true
OBS-003275,C-01306,KRAS-G12C,cell_viability,1.3,3,true
OBS-003276,C-02335,JAK2,biochemical_ic50,18807.0,1,true
OBS-003277,C-00194,PIK3CA,biochemical_ic50,3.3,3,true
OBS-003278,C-00038,JAK2,biochemical_ic50,13832.3,2,true
OBS-003279,C-01009,PIK3CA,biochemical_ic50,8681.0,2,true
OBS-003280,C-00734,CDK4,cell_viability,14264.1,1,true
OBS-003281,C-01616,MEK1,cell_viability,4544.2,2,true
OBS-003282,C-01674,MEK1,cell_viability,1.8,2,true
OBS-003283,C-01012,KRAS-G12C,biochemical_ic50,187.7,1,true
OBS-003284,C-02018,JAK2,biochemical_ic50,27236.6,1,true
OBS-003285,C-02292,BRAF,cell_viability,44.5,3,true
OBS-003286,C-02241,ALK,biochemical_ic50,2.0,2,true
OBS-003287,C-00281,PIK3CA,cell_viability,3028.8,1,true
OBS-003288,C-02155,CDK4,biochemical_ic50,136.9,1,true
OBS-003289,C-00187,MEK1,cell_viability,31.0,3,true
OBS-003290,C-00689,BRAF,cell_viability,13.2,2,true
OBS-003291,C-00692,JAK2,biochemical_ic50,720.6,1,true
OBS-003292,C-01472,EGFR,biochemical_ic50,7.4,3,true
OBS-003293,C-00368,JAK2,cell_viability,134.5,1,true
OBS-003294,C-00907,CDK4,cell_viability,28.2,1,true
OBS-003295,C-00842,JAK2,biochemical_ic50,9.5,2,true
OBS-003296,C-01723,CDK4,cell_viability,5259.6,3,true
OBS-003297,C-00218,ALK,cell_viability,19542.4,2,true
OBS-003298,C-01719,CDK4,cell_viability,204.6,1,true
OBS-003299,C-00920,BRAF,cell_viability,2.4,2,true
OBS-003300,C-02007,MEK1,biochemical_ic50,284.1,3,true
OBS-003301,C-02321,KRAS-G12C,cell_viability,4.9,2,true
OBS-003302,C-02202,MEK1,biochemical_ic50,150.8,3,true
OBS-003303,C-01387,ALK,biochemical_ic50,1840.6,2,true
OBS-003304,C-00540,MEK1,biochemical_ic50,25.6,1,true
OBS-003305,C-01590,BRAF,biochemical_ic50,17.0,2,true
OBS-003306,C-01399,EGFR,cell_viability,1712.6,3,true
OBS-003307,C-01125,JAK2,cell_viability,30.8,3,true
OBS-003308,C-02215,MEK1,cell_viability,3572.8,3,true
OBS-003309,C-01564,EGFR,biochemical_ic50,791.6,2,true
OBS-003310,C-00050,PIK3CA,biochemical_ic50,84.1,2,true
OBS-003311,C-01443,EGFR,cell_viability,191.0,1,true
OBS-003312,C-00948,CDK4,cell_viability,19322.0,1,true
OBS-003313,C-01403,KRAS-G12C,cell_viability,46662.9,3,true
OBS-003314,C-02071,MEK1,cell_viability,26.6,2,true
OBS-003315,C-01843,CDK4,biochemical_ic50,4.6,1,true
OBS-003316,C-00090,ALK,cell_viability,16.1,3,true
OBS-003317,C-01089,ALK,cell_viability,45375.4,2,true
OBS-003318,C-00737,PIK3CA,biochemical_ic50,18346.0,1,true
OBS-003319,C-01761,JAK2,cell_viability,51.5,3,true
OBS-003320,C-00947,MEK1,cell_viability,3.7,3,true
OBS-003321,C-00836,BRAF,biochemical_ic50,25435.4,2,true
OBS-003322,C-00497,EGFR,cell_viability,8444.2,2,true
OBS-003323,C-01520,EGFR,cell_viability,2.6,3,true
OBS-003324,C-01478,PIK3CA,cell_viability,1.5,2,true
OBS-003325,C-01225,PIK3CA,cell_viability,82.9,3,true
OBS-003326,C-00436,MEK1,cell_viability,19205.3,1,true
OBS-003327,C-01783,PIK3CA,biochemical_ic50,251.0,1,true
OBS-003328,C-00634,ALK,biochemical_ic50,195.5,3,true
OBS-003329,C-00049,MEK1,cell_viability,730.4,3,true
OBS-003330,C-01323,EGFR,cell_viability,237.5,2,true
OBS-003331,C-02212,BRAF,biochemical_ic50,5902.9,3,true
OBS-003332,C-01641,JAK2,cell_viability,62.8,1,true
OBS-003333,C-01517,PIK3CA,cell_viability,20097.9,1,true
OBS-003334,C-00159,JAK2,cell_viability,3035.8,3,true
OBS-003335,C-00933,KRAS-G12C,cell_viability,10264.2,1,true
OBS-003336,C-01033,BRAF,biochemical_ic50,2.7,3,true
OBS-003337,C-01510,KRAS-G12C,cell_viability,30.6,1,true
OBS-003338,C-01399,MEK1,biochemical_ic50,1095.7,3,true
OBS-003339,C-01179,ALK,biochemical_ic50,198.8,2,true
OBS-003340,C-00311,ALK,cell_viability,16.8,2,true
OBS-003341,C-01340,PIK3CA,biochemical_ic50,43510.3,2,true
OBS-003342,C-01856,MEK1,cell_viability,20763.6,1,true
OBS-003343,C-00522,MEK1,biochemical_ic50,15126.3,1,true
OBS-003344,C-00177,MEK1,cell_viability,12.0,2,true
OBS-003345,C-00358,CDK4,cell_viability,3380.1,1,true
OBS-003346,C-01108,PIK3CA,biochemical_ic50,41.2,3,true
OBS-003347,C-02007,MEK1,cell_viability,4.3,1,true
OBS-003348,C-02330,CDK4,cell_viability,8.5,3,true
OBS-003349,C-01670,BRAF,cell_viability,22561.7,1,true
OBS-003350,C-02261,EGFR,cell_viability,1435.6,3,true
OBS-003351,C-00360,PIK3CA,biochemical_ic50,574.0,2,true
OBS-003352,C-01918,MEK1,biochemical_ic50,28218.0,3,true
OBS-003353,C-00045,BRAF,biochemical_ic50,17.7,1,true
OBS-003354,C-00880,BRAF,biochemical_ic50,1101.3,3,true
OBS-003355,C-00807,EGFR,biochemical_ic50,34021.3,3,true
OBS-003356,C-01700,CDK4,cell_viability,1330.4,3,true
OBS-003357,C-01564,EGFR,biochemical_ic50,3.1,2,true
OBS-003358,C-01082,BRAF,biochemical_ic50,654.3,3,true
OBS-003359,C-00350,ALK,cell_viability,282.0,3,true
OBS-003360,C-00124,EGFR,cell_viability,8611.9,3,true
OBS-003361,C-01618,KRAS-G12C,cell_viability,2012.2,2,true
OBS-003362,C-02308,EGFR,cell_viability,2323.6,3,true
OBS-003363,C-01882,BRAF,biochemical_ic50,24170.6,1,true
OBS-003364,C-01762,ALK,cell_viability,18537.2,3,true
OBS-003365,C-00400,MEK1,biochemical_ic50,1.1,1,true
OBS-003366,C-02159,EGFR,biochemical_ic50,4.8,2,true
OBS-003367,C-02158,CDK4,cell_viability,1.1,3,true
OBS-003368,C-00288,EGFR,cell_viability,3.3,3,true
OBS-003369,C-01751,CDK4,cell_viability,10925.8,1,true
OBS-003370,C-00023,ALK,biochemical_ic50,13.0,2,true
OBS-003371,C-01991,CDK4,cell_viability,1.0,3,true
OBS-003372,C-02362,PIK3CA,cell_viability,846.4,3,true
OBS-003373,C-02400,CDK4,cell_viability,796.1,3,true
OBS-003374,C-01209,BRAF,cell_viability,10.7,2,true
OBS-003375,C-01482,JAK2,biochemical_ic50,990.2,3,true
OBS-003376,C-01433,EGFR,cell_viability,2032.4,3,true
OBS-003377,C-00330,ALK,cell_viability,117.2,3,true
OBS-003378,C-02347,PIK3CA,biochemical_ic50,1302.2,2,true
OBS-003379,C-02309,MEK1,cell_viability,19.7,1,true
OBS-003380,C-02304,PIK3CA,cell_viability,5.0,3,true
OBS-003381,C-00202,JAK2,biochemical_ic50,2.5,2,true
OBS-003382,C-01151,KRAS-G12C,biochemical_ic50,101.4,3,true
OBS-003383,C-00492,JAK2,cell_viability,3.6,2,true
OBS-003384,C-01992,BRAF,biochemical_ic50,6401.0,3,true
OBS-003385,C-01337,EGFR,cell_viability,1.2,3,true
OBS-003386,C-01341,MEK1,biochemical_ic50,138.0,2,true
OBS-003387,C-00266,MEK1,cell_viability,27955.2,3,true
OBS-003388,C-01784,MEK1,cell_viability,91.1,3,true
OBS-003389,C-00267,JAK2,biochemical_ic50,2.7,2,true
OBS-003390,C-01450,EGFR,cell_viability,6623.3,1,true
OBS-003391,C-00554,EGFR,cell_viability,1537.9,2,true
OBS-003392,C-01478,PIK3CA,biochemical_ic50,274.8,2,true
OBS-003393,C-01179,KRAS-G12C,cell_viability,50.1,3,true
OBS-003394,C-02192,CDK4,biochemical_ic50,931.9,1,true
OBS-003395,C-02273,BRAF,biochemical_ic50,8.7,3,true
OBS-003396,C-01578,BRAF,cell_viability,109.7,2,true
OBS-003397,C-00804,ALK,biochemical_ic50,22.2,2,true
OBS-003398,C-00608,BRAF,biochemical_ic50,3.9,3,true
OBS-003399,C-01285,MEK1,biochemical_ic50,5.4,1,true
OBS-003400,C-01064,ALK,biochemical_ic50,34736.9,2,true
OBS-003401,C-02331,MEK1,cell_viability,104.0,1,true
OBS-003402,C-00270,PIK3CA,biochemical_ic50,11.9,1,true
OBS-003403,C-01860,BRAF,cell_viability,4.8,2,true
OBS-003404,C-00788,EGFR,cell_viability,16178.2,2,true
OBS-003405,C-01378,BRAF,biochemical_ic50,90.0,3,true
OBS-003406,C-02368,ALK,cell_viability,1142.8,2,true
OBS-003407,C-01489,JAK2,biochemical_ic50,13.8,2,true
OBS-003408,C-00323,MEK1,biochemical_ic50,29.7,3,true
OBS-003409,C-02264,PIK3CA,biochemical_ic50,5.3,1,true
OBS-003410,C-01608,ALK,biochemical_ic50,6904.1,1,true
OBS-003411,C-01931,PIK3CA,cell_viability,513.2,2,true
OBS-003412,C-01242,KRAS-G12C,biochemical_ic50,2.3,2,true
OBS-003413,C-02012,JAK2,biochemical_ic50,3.3,2,true
OBS-003414,C-00375,MEK1,biochemical_ic50,1.5,1,true
OBS-003415,C-00001,CDK4,cell_viability,11.0,3,true
OBS-003416,C-02290,JAK2,cell_viability,45.4,3,true
OBS-003417,C-00694,BRAF,cell_viability,3081.3,2,true
OBS-003418,C-02270,BRAF,biochemical_ic50,1573.5,2,true
OBS-003419,C-01940,CDK4,biochemical_ic50,1.4,3,true
OBS-003420,C-01725,PIK3CA,cell_viability,396.8,3,true
OBS-003421,C-00410,MEK1,biochemical_ic50,12.2,3,true
OBS-003422,C-01316,MEK1,biochemical_ic50,67.2,1,true
OBS-003423,C-01900,JAK2,biochemical_ic50,1209.6,2,true
OBS-003424,C-00964,EGFR,biochemical_ic50,3.1,1,true
OBS-003425,C-01627,MEK1,cell_viability,64.7,2,true
OBS-003426,C-00049,EGFR,biochemical_ic50,14532.7,3,true
OBS-003427,C-00131,PIK3CA,biochemical_ic50,23.7,1,true
OBS-003428,C-00176,PIK3CA,biochemical_ic50,43214.2,1,true
OBS-003429,C-00444,EGFR,cell_viability,51.9,3,true
OBS-003430,C-02239,PIK3CA,biochemical_ic50,65.6,2,true
OBS-003431,C-01244,PIK3CA,cell_viability,496.9,2,true
OBS-003432,C-01827,MEK1,cell_viability,191.3,3,true
OBS-003433,C-01305,JAK2,cell_viability,56.9,1,true
OBS-003434,C-01978,KRAS-G12C,cell_viability,2.3,3,true
OBS-003435,C-01305,CDK4,cell_viability,45967.3,3,true
OBS-003436,C-00751,KRAS-G12C,biochemical_ic50,161.5,1,true
OBS-003437,C-01165,MEK1,biochemical_ic50,77.0,2,true
OBS-003438,C-00858,EGFR,cell_viability,5820.1,2,true
OBS-003439,C-02365,KRAS-G12C,cell_viability,382.8,3,true
OBS-003440,C-01317,CDK4,cell_viability,7.1,1,true
OBS-003441,C-00791,MEK1,biochemical_ic50,3.5,2,true
OBS-003442,C-00685,ALK,biochemical_ic50,7030.9,2,true
OBS-003443,C-00008,KRAS-G12C,biochemical_ic50,1.1,2,true
OBS-003444,C-02133,PIK3CA,biochemical_ic50,62.3,3,true
OBS-003445,C-00612,MEK1,biochemical_ic50,4685.2,2,true
OBS-003446,C-01639,BRAF,biochemical_ic50,550.3,3,true
OBS-003447,C-00189,MEK1,cell_viability,5378.3,2,true
OBS-003448,C-01483,KRAS-G12C,cell_viability,34.9,3,true
OBS-003449,C-01999,CDK4,biochemical_ic50,179.9,3,true
OBS-003450,C-02212,ALK,cell_viability,30412.7,2,true
OBS-003451,C-00734,ALK,biochemical_ic50,764.5,1,true
OBS-003452,C-01848,EGFR,biochemical_ic50,32.6,2,true
OBS-003453,C-00688,MEK1,cell_viability,1692.3,1,true
OBS-003454,C-00048,ALK,cell_viability,21466.8,1,true
OBS-003455,C-00413,ALK,cell_viability,116.4,2,true
OBS-003456,C-00425,ALK,cell_viability,1895.7,3,true
OBS-003457,C-00919,CDK4,cell_viability,37332.5,2,true
OBS-003458,C-00992,EGFR,cell_viability,153.9,3,true
OBS-003459,C-00657,PIK3CA,cell_viability,440.6,2,true
OBS-003460,C-01090,KRAS-G12C,biochemical_ic50,76.1,1,true
OBS-003461,C-01058,PIK3CA,biochemical_ic50,62.3,1,true
OBS-003462,C-02133,JAK2,cell_viability,1.4,1,true
OBS-003463,C-01071,ALK,cell_viability,1170.8,2,true
OBS-003464,C-02279,KRAS-G12C,cell_viability,2015.0,2,true
OBS-003465,C-00016,BRAF,biochemical_ic50,149.8,3,true
OBS-003466,C-01764,EGFR,biochemical_ic50,81.7,2,true
OBS-003467,C-00770,EGFR,cell_viability,9.7,2,true
OBS-003468,C-02226,ALK,biochemical_ic50,5749.6,1,true
OBS-003469,C-01826,CDK4,cell_viability,7.8,3,true
OBS-003470,C-02105,ALK,cell_viability,71.3,2,true
OBS-003471,C-00335,EGFR,cell_viability,1.0,3,true
OBS-003472,C-01042,EGFR,cell_viability,12.5,2,true
OBS-003473,C-02139,BRAF,cell_viability,1.5,2,true
OBS-003474,C-00291,MEK1,cell_viability,2.0,1,true
OBS-003475,C-01394,MEK1,biochemical_ic50,216.6,2,true
OBS-003476,C-01923,EGFR,cell_viability,14225.7,1,true
OBS-003477,C-02342,EGFR,biochemical_ic50,9858.0,1,true
OBS-003478,C-01251,PIK3CA,biochemical_ic50,1452.4,2,true
OBS-003479,C-01312,PIK3CA,biochemical_ic50,7.7,1,true
OBS-003480,C-02256,CDK4,cell_viability,12.9,1,true
OBS-003481,C-02118,CDK4,biochemical_ic50,10685.2,1,true
OBS-003482,C-01977,PIK3CA,cell_viability,420.3,1,true
OBS-003483,C-02019,EGFR,cell_viability,4849.5,3,true
OBS-003484,C-01699,JAK2,biochemical_ic50,5.8,3,true
OBS-003485,C-01515,BRAF,biochemical_ic50,19653.3,3,true
OBS-003486,C-02313,KRAS-G12C,biochemical_ic50,40.6,1,true
OBS-003487,C-00705,PIK3CA,cell_viability,3451.4,1,true
OBS-003488,C-00286,KRAS-G12C,cell_viability,8650.0,1,true
OBS-003489,C-00106,KRAS-G12C,cell_viability,5.3,3,true
OBS-003490,C-01613,CDK4,cell_viability,343.1,2,true
OBS-003491,C-02296,PIK3CA,biochemical_ic50,2.2,2,true
OBS-003492,C-00927,EGFR,biochemical_ic50,12438.8,1,true
OBS-003493,C-00524,CDK4,biochemical_ic50,17976.5,3,true
OBS-003494,C-00654,BRAF,biochemical_ic50,4775.1,1,true
OBS-003495,C-02298,CDK4,cell_viability,3.5,3,true
OBS-003496,C-00715,BRAF,biochemical_ic50,75.9,3,true
OBS-003497,C-00353,EGFR,biochemical_ic50,158.8,1,true
OBS-003498,C-01606,ALK,cell_viability,29.8,1,true
OBS-003499,C-01358,ALK,cell_viability,64.8,3,true
OBS-003500,C-02388,CDK4,cell_viability,14225.0,3,true
OBS-003501,C-02368,BRAF,biochemical_ic50,3897.0,1,true
OBS-003502,C-01077,EGFR,cell_viability,267.2,2,true
OBS-003503,C-00774,CDK4,biochemical_ic50,2692.5,2,true
OBS-003504,C-01063,BRAF,cell_viability,326.4,2,true
OBS-003505,C-00393,EGFR,biochemical_ic50,30820.2,2,true
OBS-003506,C-00890,BRAF,biochemical_ic50,251.7,1,true
OBS-003507,C-01061,PIK3CA,cell_viability,28.5,3,true
OBS-003508,C-01997,ALK,biochemical_ic50,23067.8,2,true
OBS-003509,C-00592,CDK4,cell_viability,6.6,3,true
OBS-003510,C-02293,JAK2,cell_viability,4241.4,3,true
OBS-003511,C-00101,ALK,biochemical_ic50,144.1,1,true
OBS-003512,C-00076,CDK4,biochemical_ic50,123.0,3,true
OBS-003513,C-01809,ALK,biochemical_ic50,9.6,3,true
OBS-003514,C-01961,KRAS-G12C,cell_viability,1.8,3,true
OBS-003515,C-01464,EGFR,biochemical_ic50,1926.4,3,true
OBS-003516,C-01729,JAK2,cell_viability,163.8,1,true
OBS-003517,C-01049,PIK3CA,biochemical_ic50,5409.4,3,true
OBS-003518,C-01424,EGFR,cell_viability,9076.5,1,true
OBS-003519,C-01910,BRAF,biochemical_ic50,3161.0,2,true
OBS-003520,C-00786,KRAS-G12C,biochemical_ic50,32977.4,1,true
OBS-003521,C-01097,KRAS-G12C,cell_viability,2284.1,3,true
OBS-003522,C-00499,CDK4,biochemical_ic50,226.5,2,true
OBS-003523,C-00627,JAK2,cell_viability,551.1,2,true
OBS-003524,C-00629,MEK1,biochemical_ic50,420.3,1,true
OBS-003525,C-00111,PIK3CA,cell_viability,5.3,3,true
OBS-003526,C-01326,MEK1,biochemical_ic50,18475.4,1,true
OBS-003527,C-02070,EGFR,cell_viability,205.7,3,true
OBS-003528,C-01149,ALK,cell_viability,179.9,2,true
OBS-003529,C-02246,ALK,biochemical_ic50,781.5,1,true
OBS-003530,C-00274,MEK1,biochemical_ic50,44.0,2,true
OBS-003531,C-01222,CDK4,cell_viability,299.7,1,true
OBS-003532,C-01112,JAK2,biochemical_ic50,126.9,2,true
OBS-003533,C-02328,BRAF,biochemical_ic50,5.5,3,true
OBS-003534,C-01963,CDK4,cell_viability,3277.5,3,true
OBS-003535,C-00528,KRAS-G12C,cell_viability,4884.5,3,true
OBS-003536,C-01673,PIK3CA,cell_viability,3.3,1,true
OBS-003537,C-01726,EGFR,cell_viability,538.7,3,true
OBS-003538,C-00957,PIK3CA,biochemical_ic50,29669.0,1,true
OBS-003539,C-01072,PIK3CA,cell_viability,1380.3,2,true
OBS-003540,C-01774,MEK1,biochemical_ic50,15.8,1,true
OBS-003541,C-00856,PIK3CA,cell_viability,1.9,3,true
OBS-003542,C-00934,PIK3CA,cell_viability,1.8,2,true
OBS-003543,C-00729,KRAS-G12C,biochemical_ic50,53.5,2,true
OBS-003544,C-01821,KRAS-G12C,biochemical_ic50,23.4,3,true
OBS-003545,C-00341,JAK2,biochemical_ic50,3.6,3,true
OBS-003546,C-02245,MEK1,cell_viability,1436.3,1,true
OBS-003547,C-00772,JAK2,biochemical_ic50,16584.0,3,true
OBS-003548,C-01140,KRAS-G12C,biochemical_ic50,4.0,3,true
OBS-003549,C-00606,ALK,biochemical_ic50,80.8,1,true
OBS-003550,C-01320,CDK4,cell_viability,34867.5,1,true
OBS-003551,C-01348,JAK2,cell_viability,80.2,3,true
OBS-003552,C-01707,JAK2,cell_viability,38586.9,2,true
OBS-003553,C-02305,BRAF,biochemical_ic50,4228.0,2,true
OBS-003554,C-01457,EGFR,cell_viability,3.9,3,true
OBS-003555,C-00457,JAK2,biochemical_ic50,18226.5,1,true
OBS-003556,C-01317,MEK1,cell_viability,173.5,1,true
OBS-003557,C-00594,CDK4,biochemical_ic50,124.6,3,true
OBS-003558,C-01988,JAK2,cell_viability,41065.6,3,true
OBS-003559,C-02029,BRAF,biochemical_ic50,1.4,1,true
OBS-003560,C-02302,JAK2,biochemical_ic50,235.3,2,true
OBS-003561,C-01669,CDK4,cell_viability,30.0,2,true
OBS-003562,C-02212,JAK2,biochemical_ic50,9836.0,1,true
OBS-003563,C-01522,CDK4,biochemical_ic50,16480.8,1,true
OBS-003564,C-02292,ALK,biochemical_ic50,1.1,1,true
OBS-003565,C-01065,BRAF,cell_viability,22495.0,3,true
OBS-003566,C-00171,CDK4,biochemical_ic50,6057.0,1,true
OBS-003567,C-01096,MEK1,biochemical_ic50,45.4,1,true
OBS-003568,C-01215,CDK4,cell_viability,187.8,1,true
OBS-003569,C-00584,BRAF,cell_viability,3.4,1,true
OBS-003570,C-00113,KRAS-G12C,biochemical_ic50,15897.5,3,true
OBS-003571,C-00056,CDK4,biochemical_ic50,3023.3,1,true
OBS-003572,C-01638,JAK2,biochemical_ic50,8.2,3,true
OBS-003573,C-01811,PIK3CA,biochemical_ic50,27918.8,2,true
OBS-003574,C-00298,CDK4,cell_viability,4.9,1,true
OBS-003575,C-00035,PIK3CA,cell_viability,2796.5,3,true
OBS-003576,C-01427,PIK3CA,cell_viability,1.0,3,true
OBS-003577,C-01329,EGFR,cell_viability,1678.0,1,true
OBS-003578,C-01312,BRAF,cell_viability,10477.9,3,true
OBS-003579,C-00459,BRAF,biochemical_ic50,5570.0,2,true
OBS-003580,C-00719,MEK1,cell_viability,6410.1,1,true
OBS-003581,C-02272,MEK1,biochemical_ic50,1.2,3,true
OBS-003582,C-00940,ALK,cell_viability,541.1,3,true
OBS-003583,C-00276,KRAS-G12C,biochemical_ic50,557.4,2,true
OBS-003584,C-02064,ALK,biochemical_ic50,3.0,2,true
OBS-003585,C-02038,CDK4,biochemical_ic50,41232.7,1,true
OBS-003586,C-01404,MEK1,biochemical_ic50,31002.2,2,true
OBS-003587,C-00795,CDK4,biochemical_ic50,19521.8,2,true
OBS-003588,C-01539,JAK2,cell_viability,4493.5,3,true
OBS-003589,C-01226,ALK,cell_viability,4867.6,3,true
OBS-003590,C-00064,KRAS-G12C,cell_viability,187.6,1,true
OBS-003591,C-01892,EGFR,cell_viability,1085.8,3,true
OBS-003592,C-00841,CDK4,cell_viability,142.3,1,true
OBS-003593,C-01525,MEK1,biochemical_ic50,1.7,1,true
OBS-003594,C-01106,MEK1,cell_viability,47880.2,1,true
OBS-003595,C-00111,BRAF,cell_viability,274.1,2,true
OBS-003596,C-02017,KRAS-G12C,biochemical_ic50,10.2,2,true
OBS-003597,C-02073,BRAF,biochemical_ic50,11.0,1,true
OBS-003598,C-00390,EGFR,cell_viability,12.6,3,true
OBS-003599,C-01960,ALK,cell_viability,20.2,2,true
OBS-003600,C-01311,JAK2,cell_viability,128.9,1,true
OBS-003601,C-00729,BRAF,cell_viability,18868.9,2,true
OBS-003602,C-01207,KRAS-G12C,cell_viability,1.2,2,true
OBS-003603,C-01520,ALK,cell_viability,154.1,2,true
OBS-003604,C-00464,PIK3CA,biochemical_ic50,459.7,2,true
OBS-003605,C-01360,JAK2,cell_viability,277.7,2,true
OBS-003606,C-00735,JAK2,biochemical_ic50,153.2,1,true
OBS-003607,C-01706,PIK3CA,biochemical_ic50,7.2,3,true
OBS-003608,C-01164,BRAF,biochemical_ic50,5088.9,3,true
OBS-003609,C-01330,CDK4,biochemical_ic50,7.0,1,true
OBS-003610,C-01498,BRAF,biochemical_ic50,6632.6,1,true
OBS-003611,C-00771,PIK3CA,cell_viability,4361.8,3,true
OBS-003612,C-01402,BRAF,cell_viability,1.8,3,true
OBS-003613,C-02073,KRAS-G12C,cell_viability,11725.9,2,true
OBS-003614,C-00215,KRAS-G12C,biochemical_ic50,1.1,1,true
OBS-003615,C-01672,JAK2,biochemical_ic50,4977.5,1,true
OBS-003616,C-00772,CDK4,biochemical_ic50,939.8,1,true
OBS-003617,C-01854,CDK4,biochemical_ic50,101.7,2,true
OBS-003618,C-00045,EGFR,biochemical_ic50,34.2,2,true
OBS-003619,C-00898,PIK3CA,biochemical_ic50,1.1,1,true
OBS-003620,C-00556,PIK3CA,biochemical_ic50,5.0,1,true
OBS-003621,C-01705,CDK4,biochemical_ic50,2967.5,2,true
OBS-003622,C-01401,EGFR,biochemical_ic50,7.7,2,true
OBS-003623,C-01632,PIK3CA,biochemical_ic50,1400.1,1,true
OBS-003624,C-00688,JAK2,biochemical_ic50,4459.0,1,true
OBS-003625,C-02283,CDK4,biochemical_ic50,66.6,2,true
OBS-003626,C-00231,BRAF,biochemical_ic50,6938.8,2,true
OBS-003627,C-02102,CDK4,biochemical_ic50,15.2,1,true
OBS-003628,C-02190,MEK1,biochemical_ic50,1.1,3,true
OBS-003629,C-01706,MEK1,biochemical_ic50,3.4,3,true
OBS-003630,C-01505,JAK2,cell_viability,44916.6,1,true
OBS-003631,C-00664,MEK1,biochemical_ic50,1.6,2,true
OBS-003632,C-01508,JAK2,biochemical_ic50,94.2,2,true
OBS-003633,C-01836,KRAS-G12C,biochemical_ic50,11616.6,2,true
OBS-003634,C-00710,CDK4,biochemical_ic50,175.5,2,true
OBS-003635,C-00218,MEK1,biochemical_ic50,14125.4,3,true
OBS-003636,C-00171,PIK3CA,biochemical_ic50,96.8,2,true
OBS-003637,C-01538,MEK1,cell_viability,22.0,1,true
OBS-003638,C-01507,PIK3CA,cell_viability,1.7,2,true
OBS-003639,C-02067,BRAF,biochemical_ic50,2.8,1,true
OBS-003640,C-01355,BRAF,biochemical_ic50,42919.5,2,true
OBS-003641,C-02026,KRAS-G12C,biochemical_ic50,1.0,2,true
OBS-003642,C-00575,PIK3CA,biochemical_ic50,519.5,3,true
OBS-003643,C-00434,ALK,biochemical_ic50,15571.2,1,true
OBS-003644,C-02376,EGFR,biochemical_ic50,24803.0,3,true
OBS-003645,C-00466,JAK2,biochemical_ic50,13.9,1,true
OBS-003646,C-00778,MEK1,biochemical_ic50,4309.1,1,true
OBS-003647,C-00170,ALK,cell_viability,7.8,2,true
OBS-003648,C-02010,ALK,biochemical_ic50,612.4,2,true
OBS-003649,C-01810,CDK4,biochemical_ic50,2642.6,2,true
OBS-003650,C-01208,BRAF,biochemical_ic50,114.8,3,true
OBS-003651,C-01513,BRAF,biochemical_ic50,24.8,3,true
OBS-003652,C-00148,CDK4,biochemical_ic50,159.6,1,true
OBS-003653,C-01654,EGFR,biochemical_ic50,4507.4,2,true
OBS-003654,C-00197,EGFR,biochemical_ic50,26.6,3,true
OBS-003655,C-01651,BRAF,cell_viability,197.7,3,true
OBS-003656,C-02062,KRAS-G12C,cell_viability,132.6,3,true
OBS-003657,C-00631,CDK4,biochemical_ic50,35.4,2,true
OBS-003658,C-01744,BRAF,cell_viability,8.3,1,true
OBS-003659,C-02008,KRAS-G12C,cell_viability,13.6,3,true
OBS-003660,C-01106,PIK3CA,cell_viability,3111.7,3,true
OBS-003661,C-01720,EGFR,biochemical_ic50,191.5,2,true
OBS-003662,C-00600,PIK3CA,cell_viability,13400.7,1,true
OBS-003663,C-00023,ALK,cell_viability,1684.0,2,true
OBS-003664,C-00809,JAK2,biochemical_ic50,188.5,1,true
OBS-003665,C-00331,BRAF,cell_viability,5644.8,3,true
OBS-003666,C-02337,BRAF,cell_viability,2.8,3,true
OBS-003667,C-00697,KRAS-G12C,biochemical_ic50,5011.4,2,true
OBS-003668,C-01331,KRAS-G12C,biochemical_ic50,3969.4,2,true
OBS-003669,C-01174,EGFR,cell_viability,2.9,3,true
OBS-003670,C-01723,CDK4,biochemical_ic50,76.9,3,true
OBS-003671,C-01199,EGFR,biochemical_ic50,1.5,2,true
OBS-003672,C-01403,EGFR,biochemical_ic50,12047.7,3,true
OBS-003673,C-02087,BRAF,cell_viability,21548.3,2,true
OBS-003674,C-00698,EGFR,biochemical_ic50,28.4,1,true
OBS-003675,C-00363,PIK3CA,cell_viability,9.4,1,true
OBS-003676,C-01446,MEK1,cell_viability,6640.6,3,true
OBS-003677,C-02014,CDK4,cell_viability,1.5,3,true
OBS-003678,C-00997,KRAS-G12C,biochemical_ic50,44403.7,2,true
OBS-003679,C-01921,PIK3CA,cell_viability,8438.6,3,true
OBS-003680,C-01960,ALK,biochemical_ic50,14560.9,1,true
OBS-003681,C-01799,KRAS-G12C,cell_viability,7.3,2,true
OBS-003682,C-00258,JAK2,cell_viability,1782.3,1,true
OBS-003683,C-00903,MEK1,biochemical_ic50,19149.4,3,true
OBS-003684,C-01544,EGFR,cell_viability,114.8,3,true
OBS-003685,C-00813,BRAF,biochemical_ic50,119.0,2,true
OBS-003686,C-00389,ALK,biochemical_ic50,57.8,3,true
OBS-003687,C-01020,MEK1,biochemical_ic50,1205.3,2,true
OBS-003688,C-01636,CDK4,biochemical_ic50,15.8,3,true
OBS-003689,C-02321,EGFR,biochemical_ic50,409.8,3,true
OBS-003690,C-00577,MEK1,biochemical_ic50,1268.9,2,true
OBS-003691,C-01160,BRAF,biochemical_ic50,20189.8,1,true
OBS-003692,C-00190,KRAS-G12C,cell_viability,556.9,2,true
OBS-003693,C-02301,JAK2,cell_viability,4934.4,3,true
OBS-003694,C-01202,JAK2,cell_viability,553.3,1,true
OBS-003695,C-02271,KRAS-G12C,biochemical_ic50,36.4,2,true
OBS-003696,C-01458,CDK4,cell_viability,2710.1,1,true
OBS-003697,C-02218,KRAS-G12C,biochemical_ic50,66.7,2,true
OBS-003698,C-00727,JAK2,biochemical_ic50,2.2,3,true
OBS-003699,C-00667,CDK4,biochemical_ic50,5.3,2,true
OBS-003700,C-00297,MEK1,biochemical_ic50,694.3,2,true
OBS-003701,C-01372,MEK1,biochemical_ic50,75.4,1,true
OBS-003702,C-00785,EGFR,cell_viability,11.0,1,true
OBS-003703,C-01369,MEK1,biochemical_ic50,323.7,3,true
OBS-003704,C-00607,KRAS-G12C,cell_viability,112.5,1,true
OBS-003705,C-02225,MEK1,cell_viability,19474.7,2,true
OBS-003706,C-01284,BRAF,cell_viability,2.3,3,true
OBS-003707,C-01111,CDK4,biochemical_ic50,27.7,2,true
OBS-003708,C-00656,BRAF,biochemical_ic50,6461.7,2,true
OBS-003709,C-01455,ALK,biochemical_ic50,27004.2,1,true
OBS-003710,C-00283,JAK2,biochemical_ic50,187.3,1,true
OBS-003711,C-00317,PIK3CA,cell_viability,242.4,2,true
OBS-003712,C-00333,EGFR,biochemical_ic50,26.9,2,true
OBS-003713,C-00923,CDK4,biochemical_ic50,41.8,2,true
OBS-003714,C-02347,EGFR,biochemical_ic50,576.1,1,true
OBS-003715,C-01648,JAK2,cell_viability,1727.4,1,true
OBS-003716,C-02055,EGFR,biochemical_ic50,10606.0,1,true
OBS-003717,C-00836,KRAS-G12C,biochemical_ic50,12.1,1,true
OBS-003718,C-01569,BRAF,biochemical_ic50,30.7,2,true
OBS-003719,C-00765,CDK4,cell_viability,5.2,3,true
OBS-003720,C-00936,MEK1,cell_viability,1614.1,2,true
OBS-003721,C-00657,ALK,biochemical_ic50,1.3,3,true
OBS-003722,C-00745,EGFR,biochemical_ic50,1207.0,3,true
OBS-003723,C-01543,PIK3CA,cell_viability,1.2,1,true
OBS-003724,C-00885,KRAS-G12C,cell_viability,108.2,2,true
OBS-003725,C-01857,MEK1,cell_viability,1.2,1,true
OBS-003726,C-00490,PIK3CA,cell_viability,640.2,1,true
OBS-003727,C-01382,BRAF,biochemical_ic50,9951.8,3,true
OBS-003728,C-00891,BRAF,cell_viability,2.7,2,true
OBS-003729,C-00385,JAK2,biochemical_ic50,1479.8,1,true
OBS-003730,C-01994,ALK,cell_viability,5.5,1,true
OBS-003731,C-01174,JAK2,cell_viability,1230.9,1,true
OBS-003732,C-01558,BRAF,biochemical_ic50,19728.4,2,true
OBS-003733,C-00271,KRAS-G12C,cell_viability,146.7,2,true
OBS-003734,C-01744,BRAF,cell_viability,174.0,2,true
OBS-003735,C-01858,EGFR,cell_viability,3.1,2,true
OBS-003736,C-00312,JAK2,cell_viability,4.2,1,true
OBS-003737,C-01688,EGFR,cell_viability,23278.2,2,true
OBS-003738,C-01509,BRAF,biochemical_ic50,3185.1,1,true
OBS-003739,C-01129,KRAS-G12C,cell_viability,1.9,3,true
OBS-003740,C-01330,EGFR,biochemical_ic50,756.2,1,true
OBS-003741,C-00191,CDK4,cell_viability,117.3,3,true
OBS-003742,C-00716,CDK4,cell_viability,46.0,2,true
OBS-003743,C-01150,BRAF,biochemical_ic50,18.3,3,true
OBS-003744,C-02118,KRAS-G12C,cell_viability,3.6,1,true
OBS-003745,C-00601,KRAS-G12C,biochemical_ic50,1544.6,1,true
OBS-003746,C-01481,EGFR,cell_viability,14604.9,2,true
OBS-003747,C-00934,KRAS-G12C,cell_viability,75.8,3,true
OBS-003748,C-01170,JAK2,biochemical_ic50,10.2,1,true
OBS-003749,C-00108,PIK3CA,cell_viability,1.7,2,true
OBS-003750,C-01031,EGFR,biochemical_ic50,6577.7,3,true
OBS-003751,C-01719,MEK1,cell_viability,305.6,1,true
OBS-003752,C-00429,ALK,biochemical_ic50,3.1,3,true
OBS-003753,C-00658,CDK4,biochemical_ic50,1183.4,2,true
OBS-003754,C-01418,CDK4,cell_viability,2243.5,1,true
OBS-003755,C-02283,EGFR,biochemical_ic50,17.2,3,true
OBS-003756,C-01617,KRAS-G12C,cell_viability,1403.4,1,true
OBS-003757,C-00503,JAK2,cell_viability,11.4,2,true
OBS-003758,C-01734,CDK4,cell_viability,24776.6,1,true
OBS-003759,C-01963,ALK,cell_viability,7.2,2,true
OBS-003760,C-00136,ALK,biochemical_ic50,2.8,1,true
OBS-003761,C-01006,MEK1,cell_viability,42940.5,3,true
OBS-003762,C-00068,ALK,biochemical_ic50,855.7,3,true
OBS-003763,C-01951,JAK2,cell_viability,4.1,2,true
OBS-003764,C-02090,CDK4,cell_viability,10.4,2,true
OBS-003765,C-02237,JAK2,biochemical_ic50,15073.6,2,true
OBS-003766,C-01025,KRAS-G12C,cell_viability,92.9,1,true
OBS-003767,C-02343,KRAS-G12C,biochemical_ic50,13.7,1,true
OBS-003768,C-00984,KRAS-G12C,cell_viability,3064.9,2,true
OBS-003769,C-00754,PIK3CA,cell_viability,7.7,2,true
OBS-003770,C-01322,EGFR,biochemical_ic50,17.9,3,true
OBS-003771,C-01605,JAK2,cell_viability,4.4,3,true
OBS-003772,C-00299,EGFR,cell_viability,3161.0,2,true
OBS-003773,C-01579,ALK,biochemical_ic50,116.0,3,true
OBS-003774,C-00892,JAK2,biochemical_ic50,23457.9,1,true
OBS-003775,C-00756,KRAS-G12C,cell_viability,1.8,1,true
OBS-003776,C-01129,BRAF,cell_viability,38440.2,2,true
OBS-003777,C-00404,JAK2,cell_viability,15667.0,1,true
OBS-003778,C-01944,BRAF,cell_viability,42.3,1,true
OBS-003779,C-01950,EGFR,biochemical_ic50,30.0,3,true
OBS-003780,C-02356,MEK1,biochemical_ic50,1.1,3,true
OBS-003781,C-00883,BRAF,biochemical_ic50,4738.1,2,true
OBS-003782,C-01802,JAK2,cell_viability,36.1,3,true
OBS-003783,C-00885,BRAF,cell_viability,15.0,1,true
OBS-003784,C-02294,BRAF,biochemical_ic50,11.5,1,true
OBS-003785,C-00128,CDK4,biochemical_ic50,17242.2,1,true
OBS-003786,C-02253,MEK1,cell_viability,2986.3,2,true
OBS-003787,C-01571,CDK4,cell_viability,16.0,3,true
OBS-003788,C-01868,MEK1,cell_viability,880.3,2,true
OBS-003789,C-02338,BRAF,cell_viability,55.7,1,true
OBS-003790,C-01152,EGFR,cell_viability,14038.3,1,true
OBS-003791,C-01037,PIK3CA,biochemical_ic50,11393.8,1,true
OBS-003792,C-00242,KRAS-G12C,biochemical_ic50,11.9,1,true
OBS-003793,C-01585,PIK3CA,biochemical_ic50,219.0,2,true
OBS-003794,C-01012,BRAF,biochemical_ic50,6.7,1,true
OBS-003795,C-01667,BRAF,biochemical_ic50,3792.2,2,true
OBS-003796,C-00430,JAK2,biochemical_ic50,1.2,3,true
OBS-003797,C-00579,JAK2,biochemical_ic50,41.3,1,true
OBS-003798,C-02172,KRAS-G12C,biochemical_ic50,1187.4,3,true
OBS-003799,C-00320,MEK1,cell_viability,921.0,2,true
OBS-003800,C-01796,MEK1,biochemical_ic50,1.0,1,true
OBS-003801,C-00465,MEK1,cell_viability,407.3,2,true
OBS-003802,C-00678,MEK1,cell_viability,14.3,1,true
OBS-003803,C-01948,EGFR,biochemical_ic50,3.3,2,true
OBS-003804,C-01984,JAK2,biochemical_ic50,3346.7,3,true
OBS-003805,C-00924,MEK1,cell_viability,536.8,1,true
OBS-003806,C-01563,BRAF,cell_viability,360.9,2,true
OBS-003807,C-01054,KRAS-G12C,biochemical_ic50,887.4,1,true
OBS-003808,C-01557,ALK,biochemical_ic50,116.3,1,true
OBS-003809,C-01929,JAK2,biochemical_ic50,3.4,3,true
OBS-003810,C-01897,CDK4,biochemical_ic50,319.5,3,true
OBS-003811,C-01249,CDK4,biochemical_ic50,11046.4,1,true
OBS-003812,C-01482,ALK,cell_viability,24476.3,1,true
OBS-003813,C-02390,MEK1,cell_viability,1106.2,3,true
OBS-003814,C-01259,CDK4,biochemical_ic50,22346.6,3,true
OBS-003815,C-00132,PIK3CA,biochemical_ic50,51.4,3,true
OBS-003816,C-00100,ALK,biochemical_ic50,922.9,3,true
OBS-003817,C-01610,BRAF,biochemical_ic50,12509.2,1,true
OBS-003818,C-02082,KRAS-G12C,biochemical_ic50,21152.2,3,true
OBS-003819,C-00336,CDK4,cell_viability,29.4,3,true
OBS-003820,C-02248,MEK1,cell_viability,13977.4,1,true
OBS-003821,C-02193,BRAF,biochemical_ic50,37.7,2,true
OBS-003822,C-01794,EGFR,cell_viability,6.3,2,true
OBS-003823,C-00234,MEK1,biochemical_ic50,65.6,3,true
OBS-003824,C-01563,ALK,cell_viability,4.6,1,true
OBS-003825,C-00638,CDK4,cell_viability,713.1,3,true
OBS-003826,C-01911,JAK2,cell_viability,25769.2,3,true
OBS-003827,C-00535,EGFR,cell_viability,1620.5,2,true
OBS-003828,C-01478,PIK3CA,biochemical_ic50,1.4,2,true
OBS-003829,C-01288,CDK4,cell_viability,1.6,2,true
OBS-003830,C-01771,CDK4,cell_viability,19206.2,1,true
OBS-003831,C-02141,MEK1,cell_viability,609.1,1,true
OBS-003832,C-02130,EGFR,cell_viability,31.8,3,true
OBS-003833,C-01492,PIK3CA,cell_viability,232.2,3,true
OBS-003834,C-01967,ALK,biochemical_ic50,19.5,1,true
OBS-003835,C-01586,CDK4,cell_viability,388.9,1,true
OBS-003836,C-00602,EGFR,biochemical_ic50,5323.3,1,true
OBS-003837,C-02139,KRAS-G12C,biochemical_ic50,2342.2,2,true
OBS-003838,C-00141,KRAS-G12C,cell_viability,5.0,3,true
OBS-003839,C-01666,JAK2,biochemical_ic50,2321.3,2,true
OBS-003840,C-00590,ALK,cell_viability,2082.9,2,true
OBS-003841,C-01226,MEK1,biochemical_ic50,36.6,3,true
OBS-003842,C-01886,PIK3CA,cell_viability,29424.3,3,true
OBS-003843,C-00125,JAK2,cell_viability,1505.4,3,true
OBS-003844,C-01532,KRAS-G12C,cell_viability,51.4,3,true
OBS-003845,C-00044,BRAF,biochemical_ic50,9966.7,3,true
OBS-003846,C-02304,JAK2,biochemical_ic50,2511.3,2,true
OBS-003847,C-01794,EGFR,biochemical_ic50,7226.1,1,true
OBS-003848,C-01218,BRAF,cell_viability,1513.6,3,true
OBS-003849,C-00137,JAK2,cell_viability,34702.3,2,true
OBS-003850,C-00782,JAK2,cell_viability,152.5,3,true
OBS-003851,C-01041,MEK1,biochemical_ic50,3041.3,1,true
OBS-003852,C-01491,ALK,cell_viability,30341.3,1,true
OBS-003853,C-01585,EGFR,cell_viability,366.3,3,true
OBS-003854,C-00222,JAK2,cell_viability,46.4,3,true
OBS-003855,C-02177,MEK1,cell_viability,12.8,3,true
OBS-003856,C-00690,KRAS-G12C,cell_viability,200.3,2,true
OBS-003857,C-01556,EGFR,cell_viability,3503.3,3,true
OBS-003858,C-01155,MEK1,biochemical_ic50,2.4,2,true
OBS-003859,C-02163,MEK1,cell_viability,29.1,3,true
OBS-003860,C-02049,PIK3CA,biochemical_ic50,661.3,1,true
OBS-003861,C-01937,MEK1,cell_viability,11.7,3,true
OBS-003862,C-01963,BRAF,cell_viability,21.9,2,true
OBS-003863,C-00038,KRAS-G12C,biochemical_ic50,20362.5,2,true
OBS-003864,C-00914,EGFR,biochemical_ic50,535.9,3,true
OBS-003865,C-00099,BRAF,cell_viability,9.3,2,true
OBS-003866,C-00834,CDK4,cell_viability,119.0,1,true
OBS-003867,C-00063,MEK1,cell_viability,36783.5,3,true
OBS-003868,C-01438,PIK3CA,biochemical_ic50,4600.2,3,true
OBS-003869,C-00029,JAK2,biochemical_ic50,1.8,1,true
OBS-003870,C-02225,ALK,biochemical_ic50,18.8,1,true
OBS-003871,C-01576,EGFR,cell_viability,24248.6,2,true
OBS-003872,C-00282,MEK1,biochemical_ic50,25594.1,3,true
OBS-003873,C-01696,BRAF,cell_viability,64.3,3,true
OBS-003874,C-02371,PIK3CA,cell_viability,144.7,3,true
OBS-003875,C-00586,BRAF,biochemical_ic50,31.1,3,true
OBS-003876,C-02203,PIK3CA,cell_viability,15.7,2,true
OBS-003877,C-01110,MEK1,cell_viability,882.0,1,true
OBS-003878,C-00997,EGFR,biochemical_ic50,662.6,3,true
OBS-003879,C-00957,EGFR,cell_viability,9148.8,2,true
OBS-003880,C-00648,ALK,biochemical_ic50,2.8,2,true
OBS-003881,C-02081,EGFR,biochemical_ic50,85.9,3,true
OBS-003882,C-02151,PIK3CA,biochemical_ic50,15.8,2,true
OBS-003883,C-00206,MEK1,cell_viability,102.1,2,true
OBS-003884,C-01808,BRAF,biochemical_ic50,17657.4,3,true
OBS-003885,C-01151,ALK,cell_viability,24388.5,3,true
OBS-003886,C-02210,KRAS-G12C,biochemical_ic50,1.3,2,true
OBS-003887,C-02232,ALK,biochemical_ic50,20.8,3,true
OBS-003888,C-00885,EGFR,biochemical_ic50,107.8,2,true
OBS-003889,C-02381,CDK4,cell_viability,824.5,2,true
OBS-003890,C-00078,KRAS-G12C,cell_viability,7.4,1,true
OBS-003891,C-00058,CDK4,biochemical_ic50,560.9,1,true
OBS-003892,C-00522,PIK3CA,cell_viability,17.4,3,true
OBS-003893,C-01082,EGFR,cell_viability,7463.1,1,true
OBS-003894,C-00065,PIK3CA,cell_viability,15.1,1,true
OBS-003895,C-01196,BRAF,cell_viability,12749.7,1,true
OBS-003896,C-01612,PIK3CA,cell_viability,23.5,3,true
OBS-003897,C-00632,JAK2,cell_viability,1869.6,3,true
OBS-003898,C-00965,PIK3CA,biochemical_ic50,14673.8,2,true
OBS-003899,C-01810,CDK4,biochemical_ic50,835.1,2,true
OBS-003900,C-01159,JAK2,biochemical_ic50,17.9,3,true
OBS-003901,C-01878,PIK3CA,cell_viability,1890.4,1,true
OBS-003902,C-01944,JAK2,biochemical_ic50,37.3,1,true
OBS-003903,C-01495,CDK4,cell_viability,1041.1,2,true
OBS-003904,C-01134,EGFR,cell_viability,2.3,1,true
OBS-003905,C-00630,CDK4,biochemical_ic50,1173.1,1,true
OBS-003906,C-01966,PIK3CA,biochemical_ic50,4280.9,3,true
OBS-003907,C-00897,PIK3CA,biochemical_ic50,1035.7,1,true
OBS-003908,C-02316,EGFR,biochemical_ic50,2.3,3,true
OBS-003909,C-01272,CDK4,biochemical_ic50,6701.2,3,true
OBS-003910,C-01348,KRAS-G12C,biochemical_ic50,7.9,2,true
OBS-003911,C-01575,ALK,cell_viability,1421.9,2,true
OBS-003912,C-01237,ALK,biochemical_ic50,201.6,2,true
OBS-003913,C-01843,CDK4,cell_viability,5091.7,2,true
OBS-003914,C-00628,PIK3CA,biochemical_ic50,29.3,1,true
OBS-003915,C-02003,EGFR,biochemical_ic50,1.7,3,true
OBS-003916,C-01786,MEK1,cell_viability,1484.2,2,true
OBS-003917,C-00331,CDK4,biochemical_ic50,4189.1,1,true
OBS-003918,C-02222,KRAS-G12C,cell_viability,4.1,3,true
OBS-003919,C-00976,PIK3CA,biochemical_ic50,48.1,3,true
OBS-003920,C-00126,ALK,biochemical_ic50,5.9,1,true
OBS-003921,C-00843,ALK,cell_viability,3360.8,3,true
OBS-003922,C-00202,CDK4,biochemical_ic50,246.3,2,true
OBS-003923,C-00212,EGFR,cell_viability,153.6,3,true
OBS-003924,C-00886,CDK4,cell_viability,1.4,1,true
OBS-003925,C-00976,MEK1,cell_viability,3642.5,3,true
OBS-003926,C-01748,JAK2,biochemical_ic50,5.9,3,true
OBS-003927,C-02392,MEK1,biochemical_ic50,1.7,1,true
OBS-003928,C-00400,BRAF,biochemical_ic50,143.2,2,true
OBS-003929,C-00196,PIK3CA,biochemical_ic50,11164.8,3,true
OBS-003930,C-00154,KRAS-G12C,cell_viability,1.0,1,true
OBS-003931,C-00390,BRAF,biochemical_ic50,34.2,2,true
OBS-003932,C-01361,EGFR,biochemical_ic50,1102.5,1,true
OBS-003933,C-01993,PIK3CA,biochemical_ic50,44.2,2,true
OBS-003934,C-01700,ALK,biochemical_ic50,1.3,2,true
OBS-003935,C-00572,ALK,biochemical_ic50,550.3,3,true
OBS-003936,C-02130,KRAS-G12C,biochemical_ic50,1.9,2,true
OBS-003937,C-00179,ALK,cell_viability,8963.5,1,true
OBS-003938,C-01703,CDK4,cell_viability,73.9,1,true
OBS-003939,C-00853,EGFR,biochemical_ic50,29.4,3,true
OBS-003940,C-00834,MEK1,biochemical_ic50,31989.0,3,true
OBS-003941,C-00170,PIK3CA,biochemical_ic50,33010.7,1,true
OBS-003942,C-00476,BRAF,biochemical_ic50,8.1,2,true
OBS-003943,C-00979,BRAF,cell_viability,2.1,1,true
OBS-003944,C-00932,PIK3CA,cell_viability,5.4,1,true
OBS-003945,C-01073,EGFR,cell_viability,1349.0,1,true
OBS-003946,C-02385,CDK4,biochemical_ic50,171.2,3,true
OBS-003947,C-00025,JAK2,biochemical_ic50,192.2,2,true
OBS-003948,C-02209,CDK4,cell_viability,252.4,1,true
OBS-003949,C-02097,ALK,cell_viability,9090.9,3,true
OBS-003950,C-01668,EGFR,biochemical_ic50,9.6,2,true
OBS-003951,C-00421,MEK1,biochemical_ic50,17577.7,3,true
OBS-003952,C-01251,KRAS-G12C,cell_viability,2136.7,3,true
OBS-003953,C-00049,JAK2,biochemical_ic50,18805.4,3,true
OBS-003954,C-01203,ALK,cell_viability,1285.1,2,true
OBS-003955,C-00518,EGFR,biochemical_ic50,37055.1,3,true
OBS-003956,C-02291,JAK2,cell_viability,58.7,2,true
OBS-003957,C-02188,JAK2,biochemical_ic50,13.8,3,true
OBS-003958,C-01567,MEK1,cell_viability,22.4,1,true
OBS-003959,C-01782,BRAF,cell_viability,1665.9,3,true
OBS-003960,C-01901,KRAS-G12C,cell_viability,4773.8,3,true
OBS-003961,C-00413,JAK2,cell_viability,191.9,1,true
OBS-003962,C-00288,MEK1,biochemical_ic50,3.6,1,true
OBS-003963,C-02292,KRAS-G12C,biochemical_ic50,171.3,3,true
OBS-003964,C-01596,MEK1,cell_viability,3298.0,1,true
OBS-003965,C-00357,CDK4,cell_viability,12.4,3,true
OBS-003966,C-01216,ALK,cell_viability,70.3,3,true
OBS-003967,C-00330,EGFR,cell_viability,1329.4,1,true
OBS-003968,C-01423,JAK2,cell_viability,10.8,3,true
OBS-003969,C-00769,JAK2,cell_viability,149.1,1,true
OBS-003970,C-01118,BRAF,cell_viability,8.7,1,true
OBS-003971,C-01298,JAK2,biochemical_ic50,166.2,3,true
OBS-003972,C-00511,BRAF,cell_viability,8.3,1,true
OBS-003973,C-00617,CDK4,cell_viability,65.3,3,true
OBS-003974,C-01873,MEK1,biochemical_ic50,4561.0,2,true
OBS-003975,C-00967,ALK,cell_viability,4542.1,3,true
OBS-003976,C-02034,CDK4,cell_viability,10.2,3,true
OBS-003977,C-00225,EGFR,biochemical_ic50,3.6,3,true
OBS-003978,C-01683,PIK3CA,biochemical_ic50,9.7,3,true
OBS-003979,C-02020,PIK3CA,biochemical_ic50,1347.2,2,true
OBS-003980,C-00225,BRAF,cell_viability,455.8,3,true
OBS-003981,C-01584,ALK,biochemical_ic50,35.9,1,true
OBS-003982,C-02149,KRAS-G12C,cell_viability,4.9,3,true
OBS-003983,C-01570,JAK2,cell_viability,5004.1,1,true
OBS-003984,C-01729,PIK3CA,cell_viability,1818.4,3,true
OBS-003985,C-00783,ALK,cell_viability,1473.9,2,true
OBS-003986,C-00174,BRAF,cell_viability,1.5,2,true
OBS-003987,C-00624,PIK3CA,cell_viability,5170.6,2,true
OBS-003988,C-00784,EGFR,biochemical_ic50,884.3,3,true
OBS-003989,C-02241,KRAS-G12C,biochemical_ic50,662.2,2,true
OBS-003990,C-00383,CDK4,cell_viability,93.4,3,true
OBS-003991,C-01351,ALK,biochemical_ic50,453.9,1,true
OBS-003992,C-00491,EGFR,cell_viability,77.3,2,true
OBS-003993,C-01841,ALK,biochemical_ic50,142.8,1,true
OBS-003994,C-00565,EGFR,biochemical_ic50,679.0,2,true
OBS-003995,C-00734,BRAF,cell_viability,1272.2,1,true
OBS-003996,C-00886,BRAF,biochemical_ic50,156.8,2,true
OBS-003997,C-01227,MEK1,biochemical_ic50,64.8,3,true
OBS-003998,C-00639,PIK3CA,biochemical_ic50,3239.8,3,true
OBS-003999,C-01402,KRAS-G12C,cell_viability,3.1,2,true
OBS-004000,C-00311,JAK2,cell_viability,11713.7,2,true
OBS-004001,C-00947,PIK3CA,cell_viability,22.3,2,true
OBS-004002,C-02047,CDK4,cell_viability,40.8,2,true
OBS-004003,C-02163,CDK4,biochemical_ic50,327.7,3,true
OBS-004004,C-00122,JAK2,cell_viability,4.3,3,true
OBS-004005,C-01593,EGFR,biochemical_ic50,43772.8,3,true
OBS-004006,C-00845,PIK3CA,biochemical_ic50,34.1,3,true
OBS-004007,C-00625,MEK1,biochemical_ic50,93.6,3,true
OBS-004008,C-00463,JAK2,cell_viability,3646.9,3,true
OBS-004009,C-00617,JAK2,cell_viability,6319.0,1,true
OBS-004010,C-01675,JAK2,cell_viability,1.2,2,true
OBS-004011,C-00136,BRAF,cell_viability,11.0,3,true
OBS-004012,C-02370,MEK1,biochemical_ic50,95.9,1,true
OBS-004013,C-00300,BRAF,cell_viability,17707.3,2,true
OBS-004014,C-01946,BRAF,cell_viability,42.5,3,true
OBS-004015,C-02223,ALK,cell_viability,46.3,3,true
OBS-004016,C-00341,EGFR,biochemical_ic50,30714.2,1,true
OBS-004017,C-01308,JAK2,cell_viability,12856.5,2,true
OBS-004018,C-00251,BRAF,cell_viability,270.9,3,true
OBS-004019,C-01390,JAK2,biochemical_ic50,876.4,1,true
OBS-004020,C-00847,KRAS-G12C,cell_viability,63.1,1,true
OBS-004021,C-00223,MEK1,biochemical_ic50,68.3,3,true
OBS-004022,C-02048,MEK1,biochemical_ic50,12.7,2,true
OBS-004023,C-01939,PIK3CA,cell_viability,999.4,1,true
OBS-004024,C-00500,MEK1,cell_viability,1402.3,1,true
OBS-004025,C-00418,PIK3CA,biochemical_ic50,11589.8,1,true
OBS-004026,C-01283,JAK2,cell_viability,23121.9,2,true
OBS-004027,C-00827,BRAF,cell_viability,30328.4,2,true
OBS-004028,C-02187,KRAS-G12C,biochemical_ic50,130.6,2,true
OBS-004029,C-01396,CDK4,biochemical_ic50,249.0,1,true
OBS-004030,C-00057,EGFR,biochemical_ic50,431.4,2,true
OBS-004031,C-00595,PIK3CA,cell_viability,5.1,2,true
OBS-004032,C-00217,KRAS-G12C,biochemical_ic50,2.2,1,true
OBS-004033,C-00657,KRAS-G12C,cell_viability,4.5,1,true
OBS-004034,C-01397,KRAS-G12C,cell_viability,18.3,2,true
OBS-004035,C-00895,KRAS-G12C,cell_viability,4134.7,2,true
OBS-004036,C-01881,EGFR,biochemical_ic50,6879.9,2,true
OBS-004037,C-01430,CDK4,cell_viability,11.3,1,true
OBS-004038,C-01152,JAK2,cell_viability,1249.8,2,true
OBS-004039,C-00922,BRAF,biochemical_ic50,287.8,3,true
OBS-004040,C-01796,EGFR,biochemical_ic50,147.4,1,true
OBS-004041,C-01666,PIK3CA,biochemical_ic50,2687.0,1,true
OBS-004042,C-01060,CDK4,cell_viability,66.9,3,true
OBS-004043,C-00542,MEK1,biochemical_ic50,47.0,3,true
OBS-004044,C-01608,PIK3CA,cell_viability,5.7,3,true
OBS-004045,C-01431,PIK3CA,biochemical_ic50,3898.9,2,true
OBS-004046,C-02042,MEK1,cell_viability,56.1,3,true
OBS-004047,C-02159,EGFR,cell_viability,10865.8,1,true
OBS-004048,C-02243,CDK4,biochemical_ic50,1333.3,3,true
OBS-004049,C-00128,PIK3CA,biochemical_ic50,18697.2,1,true
OBS-004050,C-02018,MEK1,biochemical_ic50,9.7,2,true
OBS-004051,C-00612,MEK1,cell_viability,25.6,2,true
OBS-004052,C-00704,CDK4,cell_viability,23.5,2,true
OBS-004053,C-01377,JAK2,biochemical_ic50,13124.6,1,true
OBS-004054,C-01788,MEK1,biochemical_ic50,14.8,1,true
OBS-004055,C-02376,KRAS-G12C,cell_viability,273.1,1,true
OBS-004056,C-01123,ALK,cell_viability,19736.4,3,true
OBS-004057,C-01338,EGFR,biochemical_ic50,27.4,3,true
OBS-004058,C-00523,BRAF,biochemical_ic50,40618.6,1,true
OBS-004059,C-01279,JAK2,cell_viability,107.3,1,true
OBS-004060,C-01804,CDK4,cell_viability,1.3,2,true
OBS-004061,C-00815,CDK4,cell_viability,7887.9,2,true
OBS-004062,C-02388,ALK,biochemical_ic50,2968.5,3,true
OBS-004063,C-00820,CDK4,biochemical_ic50,77.6,3,true
OBS-004064,C-02299,BRAF,cell_viability,26810.4,3,true
OBS-004065,C-02149,ALK,biochemical_ic50,56.8,2,true
OBS-004066,C-02240,ALK,biochemical_ic50,43.4,2,true
OBS-004067,C-01176,PIK3CA,cell_viability,9.6,2,true
OBS-004068,C-00354,MEK1,cell_viability,4486.0,1,true
OBS-004069,C-00812,ALK,biochemical_ic50,386.0,1,true
OBS-004070,C-01995,JAK2,cell_viability,536.6,2,true
OBS-004071,C-00706,ALK,cell_viability,208.6,3,true
OBS-004072,C-00221,EGFR,biochemical_ic50,13.2,2,true
OBS-004073,C-00271,ALK,biochemical_ic50,16915.4,2,true
OBS-004074,C-02256,CDK4,cell_viability,18.7,3,true
OBS-004075,C-01363,PIK3CA,biochemical_ic50,2018.5,3,true
OBS-004076,C-02149,MEK1,cell_viability,60.7,2,true
OBS-004077,C-02210,JAK2,biochemical_ic50,46392.9,1,true
OBS-004078,C-02314,EGFR,biochemical_ic50,5968.8,1,true
OBS-004079,C-00091,EGFR,biochemical_ic50,257.3,2,true
OBS-004080,C-01631,EGFR,biochemical_ic50,209.2,3,true
OBS-004081,C-01043,MEK1,cell_viability,1043.7,2,true
OBS-004082,C-01820,CDK4,biochemical_ic50,3.6,2,true
OBS-004083,C-01819,BRAF,cell_viability,636.9,1,true
OBS-004084,C-00067,KRAS-G12C,biochemical_ic50,6282.4,1,true
OBS-004085,C-01692,CDK4,biochemical_ic50,482.5,2,true
OBS-004086,C-01038,MEK1,cell_viability,693.8,3,true
OBS-004087,C-00277,EGFR,cell_viability,4.7,2,true
OBS-004088,C-01462,KRAS-G12C,cell_viability,66.6,3,true
OBS-004089,C-01627,KRAS-G12C,cell_viability,2.8,2,true
OBS-004090,C-02111,CDK4,biochemical_ic50,6.4,2,true
OBS-004091,C-00016,ALK,cell_viability,808.9,2,true
OBS-004092,C-01881,CDK4,cell_viability,21094.4,3,true
OBS-004093,C-01553,MEK1,biochemical_ic50,55.8,1,true
OBS-004094,C-01773,CDK4,biochemical_ic50,14.3,3,true
OBS-004095,C-01017,EGFR,biochemical_ic50,380.0,3,true
OBS-004096,C-01257,KRAS-G12C,biochemical_ic50,47233.1,2,true
OBS-004097,C-00625,ALK,cell_viability,1.8,1,true
OBS-004098,C-01001,PIK3CA,biochemical_ic50,12578.1,2,true
OBS-004099,C-01421,BRAF,biochemical_ic50,23.3,3,true
OBS-004100,C-00964,PIK3CA,cell_viability,974.0,1,true
OBS-004101,C-00580,CDK4,biochemical_ic50,4.9,3,true
OBS-004102,C-00756,ALK,cell_viability,2510.1,1,true
OBS-004103,C-01572,KRAS-G12C,cell_viability,391.9,3,true
OBS-004104,C-01446,KRAS-G12C,cell_viability,24313.8,2,true
OBS-004105,C-00360,PIK3CA,cell_viability,1.8,1,true
OBS-004106,C-02209,MEK1,biochemical_ic50,24257.8,2,true
OBS-004107,C-00726,PIK3CA,cell_viability,3641.2,1,true
OBS-004108,C-00719,KRAS-G12C,cell_viability,2.3,2,true
OBS-004109,C-02366,KRAS-G12C,biochemical_ic50,18074.8,2,true
OBS-004110,C-00067,MEK1,cell_viability,21897.0,2,true
OBS-004111,C-01057,KRAS-G12C,biochemical_ic50,630.7,3,true
OBS-004112,C-02137,MEK1,biochemical_ic50,23860.9,3,true
OBS-004113,C-01342,BRAF,biochemical_ic50,99.7,3,true
OBS-004114,C-02218,PIK3CA,biochemical_ic50,5.4,3,true
OBS-004115,C-01723,BRAF,cell_viability,935.4,3,true
OBS-004116,C-01468,CDK4,biochemical_ic50,9.0,1,true
OBS-004117,C-01193,BRAF,biochemical_ic50,1203.7,2,true
OBS-004118,C-00478,CDK4,biochemical_ic50,288.2,1,true
OBS-004119,C-01195,BRAF,biochemical_ic50,23465.3,1,true
OBS-004120,C-01643,KRAS-G12C,cell_viability,20231.2,1,true
OBS-004121,C-02075,MEK1,cell_viability,1146.2,2,true
OBS-004122,C-02003,BRAF,biochemical_ic50,26.4,3,true
OBS-004123,C-00771,CDK4,biochemical_ic50,316.2,3,true
OBS-004124,C-01388,KRAS-G12C,biochemical_ic50,584.7,3,true
OBS-004125,C-00778,JAK2,cell_viability,3.9,1,true
OBS-004126,C-01140,KRAS-G12C,biochemical_ic50,36689.0,3,true
OBS-004127,C-01352,MEK1,biochemical_ic50,5216.8,3,true
OBS-004128,C-01431,EGFR,biochemical_ic50,114.8,1,true
OBS-004129,C-01997,ALK,biochemical_ic50,8.3,3,true
OBS-004130,C-01137,BRAF,biochemical_ic50,82.2,2,true
OBS-004131,C-01887,JAK2,biochemical_ic50,7805.5,2,true
OBS-004132,C-01129,BRAF,cell_viability,4.9,3,true
OBS-004133,C-00232,PIK3CA,biochemical_ic50,46162.0,3,true
OBS-004134,C-00127,MEK1,biochemical_ic50,49902.5,2,true
OBS-004135,C-00784,JAK2,cell_viability,604.6,2,true
OBS-004136,C-01472,MEK1,biochemical_ic50,640.1,1,true
OBS-004137,C-01742,CDK4,biochemical_ic50,24.1,2,true
OBS-004138,C-01202,MEK1,cell_viability,9112.7,1,true
OBS-004139,C-00500,ALK,cell_viability,18.0,3,true
OBS-004140,C-01147,KRAS-G12C,cell_viability,743.0,3,true
OBS-004141,C-00928,KRAS-G12C,cell_viability,88.1,1,true
OBS-004142,C-02305,EGFR,biochemical_ic50,27.1,1,true
OBS-004143,C-00310,MEK1,cell_viability,18.6,2,true
OBS-004144,C-02376,BRAF,biochemical_ic50,17.5,1,true
OBS-004145,C-00712,ALK,cell_viability,1402.6,2,true
OBS-004146,C-00018,PIK3CA,cell_viability,458.3,3,true
OBS-004147,C-02142,MEK1,biochemical_ic50,63.3,1,true
OBS-004148,C-02185,CDK4,cell_viability,568.4,3,true
OBS-004149,C-02086,JAK2,cell_viability,11.1,2,true
OBS-004150,C-00130,BRAF,cell_viability,49332.3,1,true
OBS-004151,C-01819,MEK1,cell_viability,65.1,1,true
OBS-004152,C-01716,CDK4,biochemical_ic50,5.8,2,true
OBS-004153,C-00021,JAK2,cell_viability,3.1,1,true
OBS-004154,C-00243,JAK2,biochemical_ic50,692.1,3,true
OBS-004155,C-00684,ALK,biochemical_ic50,4513.6,1,true
OBS-004156,C-02386,CDK4,cell_viability,17.5,1,true
OBS-004157,C-01687,EGFR,cell_viability,7905.5,2,true
OBS-004158,C-02048,JAK2,cell_viability,1.3,3,true
OBS-004159,C-00908,KRAS-G12C,cell_viability,481.8,1,true
OBS-004160,C-01299,EGFR,biochemical_ic50,1622.0,2,true
OBS-004161,C-00171,ALK,cell_viability,1.2,1,true
OBS-004162,C-01406,ALK,cell_viability,1.4,3,true
OBS-004163,C-00005,MEK1,biochemical_ic50,8.4,2,true
OBS-004164,C-02317,ALK,cell_viability,885.0,2,true
OBS-004165,C-02250,KRAS-G12C,cell_viability,123.7,1,true
OBS-004166,C-02060,CDK4,cell_viability,36973.5,3,true
OBS-004167,C-02206,BRAF,cell_viability,11953.4,3,true
OBS-004168,C-00378,MEK1,cell_viability,11.2,3,true
OBS-004169,C-00372,CDK4,biochemical_ic50,21.5,2,true
OBS-004170,C-02143,MEK1,cell_viability,2.1,1,true
OBS-004171,C-01459,ALK,biochemical_ic50,200.8,3,true
OBS-004172,C-00111,JAK2,cell_viability,44.5,3,true
OBS-004173,C-01311,ALK,biochemical_ic50,5.3,1,true
OBS-004174,C-00515,JAK2,cell_viability,3812.4,3,true
OBS-004175,C-00330,JAK2,cell_viability,1372.2,3,true
OBS-004176,C-00534,ALK,biochemical_ic50,236.5,1,true
OBS-004177,C-01492,BRAF,cell_viability,9451.1,2,true
OBS-004178,C-00895,PIK3CA,biochemical_ic50,1931.0,3,true
OBS-004179,C-00857,ALK,biochemical_ic50,1.6,1,true
OBS-004180,C-00768,JAK2,cell_viability,9.4,2,true
OBS-004181,C-01298,CDK4,biochemical_ic50,1113.5,1,true
OBS-004182,C-00111,BRAF,biochemical_ic50,1.4,3,true
OBS-004183,C-01750,PIK3CA,biochemical_ic50,180.8,2,true
OBS-004184,C-02036,MEK1,biochemical_ic50,5016.7,3,true
OBS-004185,C-00579,EGFR,biochemical_ic50,2.2,2,true
OBS-004186,C-02124,KRAS-G12C,cell_viability,2.9,1,true
OBS-004187,C-00792,ALK,biochemical_ic50,31542.6,1,true
OBS-004188,C-02246,EGFR,biochemical_ic50,2279.3,3,true
OBS-004189,C-00886,KRAS-G12C,cell_viability,47.8,2,true
OBS-004190,C-00999,BRAF,biochemical_ic50,2.3,2,true
OBS-004191,C-01231,CDK4,biochemical_ic50,385.1,1,true
OBS-004192,C-02125,KRAS-G12C,biochemical_ic50,1431.3,2,true
OBS-004193,C-01692,BRAF,biochemical_ic50,360.7,2,true
OBS-004194,C-00200,CDK4,cell_viability,4109.4,1,true
OBS-004195,C-00921,EGFR,biochemical_ic50,13066.7,1,true
OBS-004196,C-00730,BRAF,biochemical_ic50,25.1,2,true
OBS-004197,C-02008,PIK3CA,cell_viability,16.4,2,true
OBS-004198,C-00609,MEK1,cell_viability,187.2,2,true
OBS-004199,C-02004,KRAS-G12C,biochemical_ic50,12217.4,3,true
OBS-004200,C-01027,MEK1,biochemical_ic50,10758.8,1,true
OBS-004201,C-01293,MEK1,biochemical_ic50,59.9,1,true
OBS-004202,C-00788,CDK4,cell_viability,221.5,1,true
OBS-004203,C-01496,JAK2,cell_viability,1142.9,2,true
OBS-004204,C-02231,BRAF,cell_viability,31627.3,2,true
OBS-004205,C-00868,BRAF,biochemical_ic50,175.6,2,true
OBS-004206,C-01892,CDK4,cell_viability,5.2,2,true
OBS-004207,C-01356,MEK1,biochemical_ic50,12686.4,2,true
OBS-004208,C-00751,EGFR,biochemical_ic50,113.1,2,true
OBS-004209,C-01304,ALK,cell_viability,296.3,3,true
OBS-004210,C-00757,PIK3CA,cell_viability,3776.1,3,true
OBS-004211,C-00468,ALK,biochemical_ic50,236.0,2,true
OBS-004212,C-00648,MEK1,cell_viability,174.5,1,true
OBS-004213,C-00825,KRAS-G12C,biochemical_ic50,66.4,1,true
OBS-004214,C-01548,JAK2,cell_viability,29.9,3,true
OBS-004215,C-00533,KRAS-G12C,biochemical_ic50,948.9,1,true
OBS-004216,C-01377,JAK2,cell_viability,1033.4,2,true
OBS-004217,C-01791,BRAF,cell_viability,1.2,1,true
OBS-004218,C-00538,KRAS-G12C,cell_viability,276.7,3,true
OBS-004219,C-00907,ALK,biochemical_ic50,14.9,3,true
OBS-004220,C-02261,KRAS-G12C,cell_viability,25144.1,2,true
OBS-004221,C-01738,CDK4,biochemical_ic50,16847.0,1,true
OBS-004222,C-01878,JAK2,cell_viability,8025.1,1,true
OBS-004223,C-01191,ALK,cell_viability,11279.4,2,true
OBS-004224,C-00822,BRAF,biochemical_ic50,59.6,3,true
OBS-004225,C-01080,BRAF,cell_viability,30.6,2,true
OBS-004226,C-01973,PIK3CA,biochemical_ic50,428.1,3,true
OBS-004227,C-00768,BRAF,biochemical_ic50,22.2,3,true
OBS-004228,C-02298,BRAF,biochemical_ic50,4.5,3,true
OBS-004229,C-01773,EGFR,cell_viability,2.0,3,true
OBS-004230,C-01497,BRAF,biochemical_ic50,47.6,1,true
OBS-004231,C-00674,BRAF,biochemical_ic50,2.4,1,true
OBS-004232,C-01333,ALK,cell_viability,3.4,2,true
OBS-004233,C-01619,KRAS-G12C,biochemical_ic50,18537.1,3,true
OBS-004234,C-00719,CDK4,biochemical_ic50,292.0,3,true
OBS-004235,C-01362,EGFR,biochemical_ic50,191.7,1,true
OBS-004236,C-01274,KRAS-G12C,biochemical_ic50,204.3,2,true
OBS-004237,C-01551,PIK3CA,cell_viability,31.7,1,true
OBS-004238,C-01690,MEK1,biochemical_ic50,1015.0,3,true
OBS-004239,C-00536,KRAS-G12C,biochemical_ic50,1125.1,3,true
OBS-004240,C-01228,BRAF,cell_viability,2.4,2,true
OBS-004241,C-00461,KRAS-G12C,biochemical_ic50,29267.4,3,true
OBS-004242,C-01509,MEK1,biochemical_ic50,3970.3,1,true
OBS-004243,C-00364,EGFR,cell_viability,3053.3,3,true
OBS-004244,C-01811,ALK,cell_viability,32064.1,1,true
OBS-004245,C-01977,BRAF,cell_viability,32536.0,1,true
OBS-004246,C-02334,EGFR,biochemical_ic50,284.2,2,true
OBS-004247,C-01073,MEK1,biochemical_ic50,29324.1,3,true
OBS-004248,C-02240,KRAS-G12C,biochemical_ic50,358.9,1,true
OBS-004249,C-00103,PIK3CA,biochemical_ic50,17620.7,1,true
OBS-004250,C-01538,KRAS-G12C,biochemical_ic50,14.1,3,true
OBS-004251,C-00697,KRAS-G12C,biochemical_ic50,6533.2,1,true
OBS-004252,C-00557,JAK2,cell_viability,172.7,3,true
OBS-004253,C-00151,ALK,cell_viability,667.2,2,true
OBS-004254,C-00446,EGFR,biochemical_ic50,1661.7,3,true
OBS-004255,C-00105,KRAS-G12C,cell_viability,550.5,2,true
OBS-004256,C-00783,CDK4,biochemical_ic50,56.4,2,true
OBS-004257,C-01375,KRAS-G12C,biochemical_ic50,12.5,3,true
OBS-004258,C-01847,BRAF,biochemical_ic50,9.1,1,true
OBS-004259,C-02194,CDK4,cell_viability,53.5,1,true
OBS-004260,C-02014,ALK,biochemical_ic50,1.6,3,true
OBS-004261,C-01659,MEK1,biochemical_ic50,1.7,2,true
OBS-004262,C-01114,CDK4,biochemical_ic50,41.7,1,true
OBS-004263,C-00880,JAK2,cell_viability,416.1,3,true
OBS-004264,C-01766,PIK3CA,cell_viability,1.0,3,true
OBS-004265,C-01057,BRAF,cell_viability,362.1,2,true
OBS-004266,C-00815,PIK3CA,biochemical_ic50,26458.2,3,true
OBS-004267,C-01713,JAK2,cell_viability,15.5,2,true
OBS-004268,C-00496,BRAF,biochemical_ic50,212.4,2,true
OBS-004269,C-01740,EGFR,biochemical_ic50,7.2,1,true
OBS-004270,C-02209,MEK1,cell_viability,2806.5,2,true
OBS-004271,C-00374,MEK1,biochemical_ic50,689.8,1,true
OBS-004272,C-01371,KRAS-G12C,biochemical_ic50,1.1,3,true
OBS-004273,C-01754,PIK3CA,cell_viability,31.3,2,true
OBS-004274,C-02011,JAK2,cell_viability,11120.0,2,true
OBS-004275,C-00083,JAK2,biochemical_ic50,21.8,3,true
OBS-004276,C-00219,MEK1,cell_viability,482.7,1,true
OBS-004277,C-00513,EGFR,cell_viability,1.5,2,true
OBS-004278,C-00021,JAK2,biochemical_ic50,2.2,2,true
OBS-004279,C-02255,ALK,biochemical_ic50,3.4,3,true
OBS-004280,C-00256,ALK,cell_viability,59.4,1,true
OBS-004281,C-00214,BRAF,biochemical_ic50,8.3,3,true
OBS-004282,C-00841,JAK2,cell_viability,217.9,1,true
OBS-004283,C-01745,PIK3CA,biochemical_ic50,47.0,2,true
OBS-004284,C-00386,ALK,biochemical_ic50,490.7,3,true
OBS-004285,C-00164,ALK,cell_viability,2467.1,1,true
OBS-004286,C-01047,EGFR,biochemical_ic50,8.1,1,true
OBS-004287,C-00239,MEK1,biochemical_ic50,426.4,2,true
OBS-004288,C-02157,PIK3CA,biochemical_ic50,3520.0,1,true
OBS-004289,C-01010,PIK3CA,cell_viability,40357.0,3,true
OBS-004290,C-01067,PIK3CA,cell_viability,12.5,1,true
OBS-004291,C-01952,PIK3CA,biochemical_ic50,478.2,1,true
OBS-004292,C-00902,PIK3CA,biochemical_ic50,28.8,3,true
OBS-004293,C-01432,KRAS-G12C,biochemical_ic50,23797.7,3,true
OBS-004294,C-00607,JAK2,cell_viability,1105.3,3,true
OBS-004295,C-01954,JAK2,biochemical_ic50,39734.8,1,true
OBS-004296,C-02223,PIK3CA,biochemical_ic50,1907.8,2,true
OBS-004297,C-01497,KRAS-G12C,biochemical_ic50,1541.3,1,true
OBS-004298,C-01762,JAK2,cell_viability,298.9,3,true
OBS-004299,C-00491,BRAF,cell_viability,5853.1,3,true
OBS-004300,C-00812,KRAS-G12C,cell_viability,639.7,1,true
OBS-004301,C-01028,CDK4,biochemical_ic50,1.9,1,true
OBS-004302,C-00122,MEK1,biochemical_ic50,65.2,3,true
OBS-004303,C-00563,EGFR,cell_viability,82.6,3,true
OBS-004304,C-00382,JAK2,biochemical_ic50,138.2,2,true
OBS-004305,C-00725,JAK2,biochemical_ic50,9853.5,1,true
OBS-004306,C-00669,EGFR,cell_viability,145.0,1,true
OBS-004307,C-00903,PIK3CA,cell_viability,7840.0,3,true
OBS-004308,C-00880,MEK1,cell_viability,182.5,1,true
OBS-004309,C-02107,CDK4,cell_viability,4959.8,1,true
OBS-004310,C-00915,EGFR,biochemical_ic50,674.3,3,true
OBS-004311,C-00328,JAK2,biochemical_ic50,228.6,3,true
OBS-004312,C-02267,CDK4,biochemical_ic50,40.3,1,true
OBS-004313,C-00159,EGFR,biochemical_ic50,5.1,2,true
OBS-004314,C-00558,PIK3CA,cell_viability,4.8,1,true
OBS-004315,C-00887,PIK3CA,cell_viability,431.5,2,true
OBS-004316,C-00027,PIK3CA,biochemical_ic50,5.7,1,true
OBS-004317,C-00564,BRAF,cell_viability,2208.4,2,true
OBS-004318,C-02367,JAK2,biochemical_ic50,4141.7,1,true
OBS-004319,C-01004,MEK1,cell_viability,19995.9,1,true
OBS-004320,C-01300,KRAS-G12C,biochemical_ic50,4495.2,2,true
OBS-004321,C-01588,CDK4,biochemical_ic50,2841.4,3,true
OBS-004322,C-01298,CDK4,biochemical_ic50,14.1,2,true
OBS-004323,C-01950,ALK,biochemical_ic50,6.8,1,true
OBS-004324,C-02107,ALK,cell_viability,9712.3,2,true
OBS-004325,C-00696,JAK2,cell_viability,15.8,2,true
OBS-004326,C-01752,KRAS-G12C,cell_viability,1.0,1,true
OBS-004327,C-01409,JAK2,cell_viability,1387.9,3,true
OBS-004328,C-00082,PIK3CA,biochemical_ic50,1064.9,3,true
OBS-004329,C-01733,BRAF,biochemical_ic50,2.3,3,true
OBS-004330,C-01621,ALK,biochemical_ic50,1.2,3,true
OBS-004331,C-00841,MEK1,cell_viability,698.5,3,true
OBS-004332,C-00396,KRAS-G12C,biochemical_ic50,107.3,1,true
OBS-004333,C-00958,EGFR,biochemical_ic50,961.3,1,true
OBS-004334,C-01372,CDK4,biochemical_ic50,983.9,2,true
OBS-004335,C-00791,KRAS-G12C,biochemical_ic50,4972.6,2,true
OBS-004336,C-01049,ALK,cell_viability,2.8,3,true
OBS-004337,C-02129,EGFR,cell_viability,1188.7,2,true
OBS-004338,C-00855,JAK2,biochemical_ic50,60.9,3,true
OBS-004339,C-02302,JAK2,biochemical_ic50,1073.8,1,true
OBS-004340,C-02023,ALK,cell_viability,3.9,3,true
OBS-004341,C-02036,JAK2,biochemical_ic50,24.0,1,true
OBS-004342,C-00339,BRAF,biochemical_ic50,4870.7,3,true
OBS-004343,C-01195,MEK1,biochemical_ic50,12.0,3,true
OBS-004344,C-00461,BRAF,biochemical_ic50,30.4,3,true
OBS-004345,C-00361,KRAS-G12C,cell_viability,31871.8,3,true
OBS-004346,C-02117,PIK3CA,cell_viability,57.4,3,true
OBS-004347,C-01156,ALK,cell_viability,621.4,1,true
OBS-004348,C-02030,KRAS-G12C,biochemical_ic50,92.5,2,true
OBS-004349,C-00996,BRAF,biochemical_ic50,4974.2,2,true
OBS-004350,C-00179,MEK1,biochemical_ic50,1010.6,3,true
OBS-004351,C-01463,CDK4,biochemical_ic50,6.9,3,true
OBS-004352,C-01520,JAK2,biochemical_ic50,19345.6,1,true
OBS-004353,C-01072,MEK1,biochemical_ic50,8738.3,3,true
OBS-004354,C-00922,JAK2,biochemical_ic50,2.0,3,true
OBS-004355,C-01888,KRAS-G12C,biochemical_ic50,7984.7,3,true
OBS-004356,C-00998,MEK1,cell_viability,15853.9,1,true
OBS-004357,C-02315,PIK3CA,biochemical_ic50,2327.8,3,true
OBS-004358,C-01735,ALK,biochemical_ic50,31376.9,1,true
OBS-004359,C-01531,JAK2,cell_viability,34.7,3,true
OBS-004360,C-02108,KRAS-G12C,biochemical_ic50,10810.3,2,true
OBS-004361,C-00341,JAK2,cell_viability,11.9,1,true
OBS-004362,C-02007,KRAS-G12C,cell_viability,2.9,2,true
OBS-004363,C-00858,BRAF,cell_viability,7311.7,1,true
OBS-004364,C-01836,CDK4,biochemical_ic50,4.5,2,true
OBS-004365,C-01991,KRAS-G12C,cell_viability,1543.8,1,true
OBS-004366,C-01126,PIK3CA,biochemical_ic50,392.0,3,true
OBS-004367,C-00599,PIK3CA,cell_viability,47.8,1,true
OBS-004368,C-01645,MEK1,biochemical_ic50,1.6,3,true
OBS-004369,C-01130,BRAF,cell_viability,2824.2,2,true
OBS-004370,C-01377,KRAS-G12C,cell_viability,9466.2,3,true
OBS-004371,C-00285,MEK1,biochemical_ic50,14948.4,2,true
OBS-004372,C-02285,BRAF,cell_viability,1881.1,2,true
OBS-004373,C-00184,CDK4,cell_viability,6.0,3,true
OBS-004374,C-00747,KRAS-G12C,biochemical_ic50,9712.7,3,true
OBS-004375,C-01046,JAK2,biochemical_ic50,29139.4,3,true
OBS-004376,C-01868,PIK3CA,cell_viability,27.8,1,true
OBS-004377,C-00398,EGFR,biochemical_ic50,13913.4,1,true
OBS-004378,C-00819,ALK,cell_viability,66.1,2,true
OBS-004379,C-01382,MEK1,cell_viability,1412.1,2,true
OBS-004380,C-01460,ALK,cell_viability,266.3,2,true
OBS-004381,C-00002,CDK4,cell_viability,33.8,3,true
OBS-004382,C-00433,BRAF,cell_viability,8.1,2,true
OBS-004383,C-00583,JAK2,cell_viability,108.0,3,true
OBS-004384,C-01418,PIK3CA,cell_viability,166.1,3,true
OBS-004385,C-00277,BRAF,biochemical_ic50,6082.2,3,true
OBS-004386,C-02235,JAK2,biochemical_ic50,182.0,1,true
OBS-004387,C-01094,JAK2,cell_viability,190.2,3,true
OBS-004388,C-00788,JAK2,biochemical_ic50,2576.2,2,true
OBS-004389,C-01892,PIK3CA,biochemical_ic50,19308.9,1,true
OBS-004390,C-00321,KRAS-G12C,biochemical_ic50,4435.8,2,true
OBS-004391,C-02017,ALK,biochemical_ic50,9808.2,1,true
OBS-004392,C-01477,JAK2,cell_viability,15293.8,1,true
OBS-004393,C-01322,BRAF,cell_viability,9033.8,1,true
OBS-004394,C-00209,EGFR,biochemical_ic50,3.3,1,true
OBS-004395,C-00796,ALK,cell_viability,561.3,3,true
OBS-004396,C-01912,BRAF,biochemical_ic50,3562.6,3,true
OBS-004397,C-01130,MEK1,biochemical_ic50,17.9,3,true
OBS-004398,C-01420,CDK4,biochemical_ic50,837.3,3,true
OBS-004399,C-02043,BRAF,cell_viability,2.0,1,true
OBS-004400,C-00337,BRAF,biochemical_ic50,414.1,2,true
OBS-004401,C-00515,ALK,biochemical_ic50,100.2,3,true
OBS-004402,C-00425,EGFR,biochemical_ic50,154.9,1,true
OBS-004403,C-01531,MEK1,cell_viability,33926.6,2,true
OBS-004404,C-01124,KRAS-G12C,biochemical_ic50,91.9,3,true
OBS-004405,C-02388,PIK3CA,cell_viability,2417.0,1,true
OBS-004406,C-00954,MEK1,biochemical_ic50,97.6,2,true
OBS-004407,C-00734,BRAF,cell_viability,2.6,1,true
OBS-004408,C-00976,EGFR,biochemical_ic50,333.3,3,true
OBS-004409,C-01119,CDK4,biochemical_ic50,18.4,3,true
OBS-004410,C-01540,MEK1,cell_viability,237.8,3,true
OBS-004411,C-00481,MEK1,cell_viability,2.8,1,true
OBS-004412,C-01117,MEK1,cell_viability,6190.6,1,true
OBS-004413,C-00609,EGFR,biochemical_ic50,27.9,1,true
OBS-004414,C-00195,EGFR,biochemical_ic50,843.7,2,true
OBS-004415,C-00593,ALK,cell_viability,429.9,2,true
OBS-004416,C-00717,EGFR,biochemical_ic50,507.7,1,true
OBS-004417,C-01355,PIK3CA,biochemical_ic50,31.5,3,true
OBS-004418,C-01932,MEK1,biochemical_ic50,24360.7,1,true
OBS-004419,C-02239,EGFR,biochemical_ic50,101.1,1,true
OBS-004420,C-01939,PIK3CA,cell_viability,6.8,2,true
OBS-004421,C-01302,PIK3CA,cell_viability,3.8,2,true
OBS-004422,C-00413,EGFR,cell_viability,2311.3,3,true
OBS-004423,C-01149,CDK4,cell_viability,1635.5,3,true
OBS-004424,C-02123,BRAF,cell_viability,487.1,2,true
OBS-004425,C-01755,KRAS-G12C,biochemical_ic50,15175.2,2,true
OBS-004426,C-00899,KRAS-G12C,cell_viability,521.1,3,true
OBS-004427,C-02109,KRAS-G12C,biochemical_ic50,2.5,1,true
OBS-004428,C-00715,KRAS-G12C,biochemical_ic50,4923.8,1,true
OBS-004429,C-00936,JAK2,biochemical_ic50,19.0,2,true
OBS-004430,C-00328,EGFR,cell_viability,47245.5,2,true
OBS-004431,C-01648,MEK1,biochemical_ic50,13531.5,1,true
OBS-004432,C-00208,JAK2,cell_viability,186.8,2,true
OBS-004433,C-02018,CDK4,biochemical_ic50,188.4,1,true
OBS-004434,C-00146,MEK1,cell_viability,693.4,3,true
OBS-004435,C-00121,EGFR,cell_viability,5.8,1,true
OBS-004436,C-02123,EGFR,biochemical_ic50,27942.1,2,true
OBS-004437,C-01646,PIK3CA,cell_viability,2.0,1,true
OBS-004438,C-00859,CDK4,cell_viability,39314.3,2,true
OBS-004439,C-01168,CDK4,biochemical_ic50,1058.9,1,true
OBS-004440,C-01975,BRAF,biochemical_ic50,284.4,3,true
OBS-004441,C-00668,BRAF,biochemical_ic50,2.0,3,true
OBS-004442,C-00762,MEK1,cell_viability,3.6,2,true
OBS-004443,C-01732,EGFR,cell_viability,284.1,2,true
OBS-004444,C-01619,PIK3CA,biochemical_ic50,5825.6,2,true
OBS-004445,C-02207,JAK2,cell_viability,3.7,3,true
OBS-004446,C-00406,KRAS-G12C,cell_viability,12.3,3,true
OBS-004447,C-00002,JAK2,cell_viability,3.0,2,true
OBS-004448,C-01745,JAK2,cell_viability,6.2,2,true
OBS-004449,C-00883,PIK3CA,cell_viability,400.6,1,true
OBS-004450,C-02342,EGFR,cell_viability,1351.8,3,true
OBS-004451,C-01832,EGFR,cell_viability,1381.9,2,true
OBS-004452,C-01857,MEK1,cell_viability,18075.3,2,true
OBS-004453,C-01757,BRAF,biochemical_ic50,8176.9,2,true
OBS-004454,C-01979,MEK1,biochemical_ic50,8546.6,2,true
OBS-004455,C-02148,KRAS-G12C,cell_viability,34.1,3,true
OBS-004456,C-00481,ALK,cell_viability,27457.6,1,true
OBS-004457,C-01059,CDK4,cell_viability,728.7,3,true
OBS-004458,C-01997,BRAF,cell_viability,871.2,3,true
OBS-004459,C-00777,EGFR,biochemical_ic50,265.3,3,true
OBS-004460,C-01564,JAK2,cell_viability,8.6,2,true
OBS-004461,C-00169,EGFR,cell_viability,789.9,2,true
OBS-004462,C-01750,BRAF,cell_viability,3.2,2,true
OBS-004463,C-00456,EGFR,biochemical_ic50,8.9,1,true
OBS-004464,C-01691,KRAS-G12C,biochemical_ic50,3795.0,1,true
OBS-004465,C-02214,KRAS-G12C,biochemical_ic50,11.6,3,true
OBS-004466,C-00346,KRAS-G12C,cell_viability,2.0,3,true
OBS-004467,C-00369,CDK4,cell_viability,26177.1,1,true
OBS-004468,C-01976,MEK1,biochemical_ic50,11998.1,2,true
OBS-004469,C-00829,BRAF,biochemical_ic50,11.8,2,true
OBS-004470,C-00027,CDK4,biochemical_ic50,36208.5,1,true
OBS-004471,C-00638,CDK4,cell_viability,3958.4,2,true
OBS-004472,C-00420,CDK4,cell_viability,41016.7,1,true
OBS-004473,C-01680,BRAF,cell_viability,801.3,3,true
OBS-004474,C-01680,EGFR,cell_viability,3205.2,3,true
OBS-004475,C-00640,CDK4,biochemical_ic50,863.8,3,true
OBS-004476,C-00036,CDK4,cell_viability,2.0,2,true
OBS-004477,C-00018,MEK1,biochemical_ic50,13.8,3,true
OBS-004478,C-01270,MEK1,biochemical_ic50,296.7,1,true
OBS-004479,C-00575,EGFR,biochemical_ic50,7161.0,2,true
OBS-004480,C-01546,CDK4,cell_viability,13.8,3,true
OBS-004481,C-01422,EGFR,biochemical_ic50,29484.9,3,true
OBS-004482,C-02339,CDK4,biochemical_ic50,13.6,2,true
OBS-004483,C-01455,EGFR,cell_viability,6206.9,1,true
OBS-004484,C-02287,MEK1,cell_viability,7.6,2,true
OBS-004485,C-02120,ALK,biochemical_ic50,99.3,2,true
OBS-004486,C-02082,PIK3CA,biochemical_ic50,393.4,1,true
OBS-004487,C-00018,BRAF,cell_viability,422.9,3,true
OBS-004488,C-01758,ALK,cell_viability,402.2,3,true
OBS-004489,C-01937,EGFR,cell_viability,93.4,1,true
OBS-004490,C-01618,EGFR,biochemical_ic50,6.2,2,true
OBS-004491,C-00543,CDK4,cell_viability,15628.4,2,true
OBS-004492,C-02219,ALK,cell_viability,47.3,1,true
OBS-004493,C-00776,MEK1,biochemical_ic50,9.6,1,true
OBS-004494,C-00025,KRAS-G12C,biochemical_ic50,6473.4,1,true
OBS-004495,C-00527,BRAF,biochemical_ic50,29.0,2,true
OBS-004496,C-01105,BRAF,cell_viability,2.0,1,true
OBS-004497,C-01549,ALK,cell_viability,10917.8,1,true
OBS-004498,C-02133,JAK2,cell_viability,606.0,1,true
OBS-004499,C-00968,JAK2,biochemical_ic50,6404.7,2,true
OBS-004500,C-01886,PIK3CA,cell_viability,13.4,3,true
OBS-004501,C-01635,PIK3CA,cell_viability,94.7,1,true
OBS-004502,C-01797,ALK,cell_viability,284.4,2,true
OBS-004503,C-02249,KRAS-G12C,biochemical_ic50,528.8,1,true
OBS-004504,C-00779,PIK3CA,biochemical_ic50,4209.8,3,true
OBS-004505,C-00806,CDK4,biochemical_ic50,4609.4,1,true
OBS-004506,C-00572,MEK1,biochemical_ic50,3843.6,3,true
OBS-004507,C-00402,CDK4,cell_viability,1.3,1,true
OBS-004508,C-01477,ALK,cell_viability,33.7,1,true
OBS-004509,C-02315,JAK2,cell_viability,18.9,2,true
OBS-004510,C-00418,MEK1,biochemical_ic50,39.6,2,true
OBS-004511,C-01325,BRAF,biochemical_ic50,2.3,2,true
OBS-004512,C-01805,JAK2,biochemical_ic50,621.6,2,true
OBS-004513,C-01092,ALK,cell_viability,820.0,2,true
OBS-004514,C-01125,BRAF,cell_viability,1573.6,1,true
OBS-004515,C-01736,JAK2,cell_viability,39724.1,2,true
OBS-004516,C-00770,PIK3CA,cell_viability,19130.8,3,true
OBS-004517,C-00341,PIK3CA,biochemical_ic50,236.9,2,true
OBS-004518,C-02337,CDK4,biochemical_ic50,3475.8,1,true
OBS-004519,C-00953,KRAS-G12C,cell_viability,10166.5,1,true
OBS-004520,C-02366,JAK2,biochemical_ic50,11.6,1,true
OBS-004521,C-01358,EGFR,biochemical_ic50,1661.3,2,true
OBS-004522,C-01614,PIK3CA,biochemical_ic50,2.2,2,true
OBS-004523,C-02220,KRAS-G12C,cell_viability,35.9,1,true
OBS-004524,C-01309,KRAS-G12C,biochemical_ic50,10893.7,2,true
OBS-004525,C-00438,ALK,cell_viability,28260.0,3,true
OBS-004526,C-00418,PIK3CA,biochemical_ic50,13.7,2,true
OBS-004527,C-00544,BRAF,biochemical_ic50,1.0,3,true
OBS-004528,C-01848,ALK,cell_viability,5869.7,2,true
OBS-004529,C-00019,ALK,biochemical_ic50,22013.9,2,true
OBS-004530,C-00408,ALK,biochemical_ic50,112.0,1,true
OBS-004531,C-00651,PIK3CA,cell_viability,39.5,2,true
OBS-004532,C-00208,JAK2,cell_viability,2554.2,2,true
OBS-004533,C-00293,KRAS-G12C,biochemical_ic50,12186.2,3,true
OBS-004534,C-01758,EGFR,cell_viability,1.2,3,true
OBS-004535,C-01999,MEK1,cell_viability,48037.9,2,true
OBS-004536,C-00810,MEK1,cell_viability,77.7,2,true
OBS-004537,C-01906,BRAF,biochemical_ic50,1.2,3,true
OBS-004538,C-01253,EGFR,cell_viability,1308.7,2,true
OBS-004539,C-00897,MEK1,cell_viability,2.2,1,true
OBS-004540,C-00830,PIK3CA,biochemical_ic50,112.3,3,true
OBS-004541,C-00675,ALK,cell_viability,4.5,1,true
OBS-004542,C-01467,KRAS-G12C,biochemical_ic50,607.5,2,true
OBS-004543,C-01998,EGFR,biochemical_ic50,8357.9,3,true
OBS-004544,C-00308,KRAS-G12C,cell_viability,56.5,2,true
OBS-004545,C-00343,EGFR,biochemical_ic50,1162.0,1,true
OBS-004546,C-02192,JAK2,biochemical_ic50,90.0,3,true
OBS-004547,C-01030,KRAS-G12C,cell_viability,2289.2,2,true
OBS-004548,C-01144,JAK2,biochemical_ic50,247.7,2,true
OBS-004549,C-00529,CDK4,cell_viability,24991.6,2,true
OBS-004550,C-01802,ALK,biochemical_ic50,587.7,2,true
OBS-004551,C-00313,CDK4,biochemical_ic50,5.3,1,true
OBS-004552,C-00805,KRAS-G12C,biochemical_ic50,2.0,1,true
OBS-004553,C-01329,PIK3CA,biochemical_ic50,158.4,2,true
OBS-004554,C-00608,PIK3CA,biochemical_ic50,50.9,1,true
OBS-004555,C-00139,KRAS-G12C,cell_viability,6.9,2,true
OBS-004556,C-00309,BRAF,biochemical_ic50,5.2,1,true
OBS-004557,C-01142,KRAS-G12C,cell_viability,6.0,3,true
OBS-004558,C-01770,PIK3CA,biochemical_ic50,4776.2,1,true
OBS-004559,C-01934,CDK4,biochemical_ic50,5.8,1,true
OBS-004560,C-01141,KRAS-G12C,cell_viability,2854.4,1,true
OBS-004561,C-01140,KRAS-G12C,biochemical_ic50,3208.4,2,true
OBS-004562,C-02196,CDK4,biochemical_ic50,20550.7,1,true
OBS-004563,C-00067,KRAS-G12C,cell_viability,6.1,2,true
OBS-004564,C-01956,EGFR,cell_viability,115.4,3,true
OBS-004565,C-00970,EGFR,biochemical_ic50,24415.1,1,true
OBS-004566,C-01437,PIK3CA,cell_viability,5623.5,3,true
OBS-004567,C-01244,KRAS-G12C,biochemical_ic50,19.1,1,true
OBS-004568,C-00770,KRAS-G12C,biochemical_ic50,1002.7,3,true
OBS-004569,C-02257,PIK3CA,cell_viability,1350.6,1,true
OBS-004570,C-01311,KRAS-G12C,biochemical_ic50,25496.2,2,true
OBS-004571,C-00071,ALK,cell_viability,43675.6,1,true
OBS-004572,C-00892,EGFR,cell_viability,106.3,2,true
OBS-004573,C-01640,CDK4,biochemical_ic50,2047.5,3,true
OBS-004574,C-00086,EGFR,biochemical_ic50,1.2,1,true
OBS-004575,C-00482,ALK,biochemical_ic50,499.9,2,true
OBS-004576,C-00145,EGFR,biochemical_ic50,3972.4,2,true
OBS-004577,C-00343,JAK2,biochemical_ic50,26.1,2,true
OBS-004578,C-00585,ALK,biochemical_ic50,6616.6,2,true
OBS-004579,C-00027,JAK2,cell_viability,15686.3,1,true
OBS-004580,C-00814,KRAS-G12C,cell_viability,310.3,2,true
OBS-004581,C-00284,KRAS-G12C,biochemical_ic50,6.2,1,true
OBS-004582,C-01627,JAK2,cell_viability,29460.4,1,true
OBS-004583,C-01829,PIK3CA,biochemical_ic50,2158.3,2,true
OBS-004584,C-00106,JAK2,biochemical_ic50,2.7,2,true
OBS-004585,C-00938,ALK,biochemical_ic50,114.2,2,true
OBS-004586,C-01899,PIK3CA,biochemical_ic50,791.6,2,true
OBS-004587,C-00351,JAK2,biochemical_ic50,49.5,3,true
OBS-004588,C-01981,KRAS-G12C,biochemical_ic50,10482.2,3,true
OBS-004589,C-00689,JAK2,cell_viability,6.2,2,true
OBS-004590,C-02355,PIK3CA,cell_viability,496.3,1,true
OBS-004591,C-00285,JAK2,cell_viability,279.3,3,true
OBS-004592,C-01840,ALK,biochemical_ic50,376.0,3,true
OBS-004593,C-00354,MEK1,cell_viability,3.1,1,true
OBS-004594,C-00394,BRAF,cell_viability,11526.4,1,true
OBS-004595,C-00180,JAK2,cell_viability,3999.5,1,true
OBS-004596,C-01608,EGFR,biochemical_ic50,1869.5,3,true
OBS-004597,C-01321,JAK2,biochemical_ic50,9.0,1,true
OBS-004598,C-01127,KRAS-G12C,cell_viability,2.0,3,true
OBS-004599,C-00954,PIK3CA,biochemical_ic50,6.3,3,true
OBS-004600,C-02001,ALK,cell_viability,2609.2,2,true
OBS-004601,C-01807,KRAS-G12C,biochemical_ic50,5125.4,3,true
OBS-004602,C-01781,KRAS-G12C,biochemical_ic50,69.8,2,true
OBS-004603,C-01241,KRAS-G12C,biochemical_ic50,85.0,1,true
OBS-004604,C-01154,ALK,biochemical_ic50,2.0,3,true
OBS-004605,C-02108,CDK4,biochemical_ic50,1.7,2,true
OBS-004606,C-02136,KRAS-G12C,biochemical_ic50,52.7,2,true
OBS-004607,C-00454,CDK4,cell_viability,53.4,2,true
OBS-004608,C-00135,PIK3CA,biochemical_ic50,9573.9,2,true
OBS-004609,C-00407,ALK,cell_viability,94.2,2,true
OBS-004610,C-02227,ALK,biochemical_ic50,570.1,2,true
OBS-004611,C-01052,ALK,cell_viability,479.3,1,true
OBS-004612,C-01205,JAK2,biochemical_ic50,2.9,2,true
OBS-004613,C-01578,ALK,cell_viability,24088.2,1,true
OBS-004614,C-02204,KRAS-G12C,cell_viability,506.1,3,true
OBS-004615,C-01252,ALK,cell_viability,95.8,1,true
OBS-004616,C-00629,CDK4,cell_viability,1651.6,1,true
OBS-004617,C-01894,EGFR,biochemical_ic50,21.4,2,true
OBS-004618,C-01891,ALK,biochemical_ic50,7.0,2,true
OBS-004619,C-01024,PIK3CA,biochemical_ic50,8.5,2,true
OBS-004620,C-02307,MEK1,biochemical_ic50,18.0,3,true
OBS-004621,C-02042,JAK2,cell_viability,8.5,2,true
OBS-004622,C-01895,PIK3CA,cell_viability,176.4,2,true
OBS-004623,C-00791,CDK4,cell_viability,426.0,3,true
OBS-004624,C-01645,CDK4,cell_viability,8.5,3,true
OBS-004625,C-01696,MEK1,biochemical_ic50,48.9,1,true
OBS-004626,C-00342,PIK3CA,cell_viability,3205.7,3,true
OBS-004627,C-00044,EGFR,cell_viability,1252.3,2,true
OBS-004628,C-00012,PIK3CA,cell_viability,742.4,2,true
OBS-004629,C-00871,ALK,biochemical_ic50,7.8,3,true
OBS-004630,C-01949,PIK3CA,biochemical_ic50,14545.0,2,true
OBS-004631,C-01030,MEK1,cell_viability,366.6,3,true
OBS-004632,C-00385,MEK1,cell_viability,617.2,3,true
OBS-004633,C-00603,EGFR,biochemical_ic50,1.0,1,true
OBS-004634,C-02351,MEK1,biochemical_ic50,103.8,2,true
OBS-004635,C-00821,BRAF,biochemical_ic50,38332.4,3,true
OBS-004636,C-01508,KRAS-G12C,cell_viability,4.1,3,true
OBS-004637,C-00632,BRAF,cell_viability,3809.6,1,true
OBS-004638,C-01118,ALK,biochemical_ic50,527.4,3,true
OBS-004639,C-01079,BRAF,cell_viability,5.4,1,true
OBS-004640,C-00464,JAK2,cell_viability,250.0,2,true
OBS-004641,C-01327,EGFR,biochemical_ic50,3.6,3,true
OBS-004642,C-01102,ALK,cell_viability,1.3,1,true
OBS-004643,C-00874,CDK4,biochemical_ic50,15.5,3,true
OBS-004644,C-01984,CDK4,biochemical_ic50,4.0,1,true
OBS-004645,C-01524,BRAF,cell_viability,210.1,2,true
OBS-004646,C-00377,KRAS-G12C,biochemical_ic50,13573.2,3,true
OBS-004647,C-00963,ALK,cell_viability,167.2,3,true
OBS-004648,C-02183,CDK4,cell_viability,323.4,2,true
OBS-004649,C-01275,BRAF,cell_viability,13631.5,1,true
OBS-004650,C-01354,CDK4,biochemical_ic50,1.8,3,true
OBS-004651,C-01870,JAK2,biochemical_ic50,375.8,1,true
OBS-004652,C-02085,BRAF,biochemical_ic50,18313.3,3,true
OBS-004653,C-02290,EGFR,cell_viability,22424.8,2,true
OBS-004654,C-00459,MEK1,biochemical_ic50,6.3,1,true
OBS-004655,C-00519,JAK2,cell_viability,9426.7,2,true
OBS-004656,C-01667,KRAS-G12C,biochemical_ic50,2.8,3,true
OBS-004657,C-00870,CDK4,biochemical_ic50,813.3,3,true
OBS-004658,C-00871,BRAF,cell_viability,15.7,1,true
OBS-004659,C-01587,CDK4,biochemical_ic50,14.3,2,true
OBS-004660,C-01578,MEK1,cell_viability,185.3,3,true
OBS-004661,C-00633,JAK2,cell_viability,273.2,3,true
OBS-004662,C-01573,PIK3CA,cell_viability,20.2,3,true
OBS-004663,C-00217,JAK2,cell_viability,37201.1,3,true
OBS-004664,C-01991,ALK,cell_viability,4.4,1,true
OBS-004665,C-01687,JAK2,biochemical_ic50,1612.8,1,true
OBS-004666,C-01076,PIK3CA,biochemical_ic50,4660.6,2,true
OBS-004667,C-00731,KRAS-G12C,cell_viability,122.3,2,true
OBS-004668,C-00510,JAK2,biochemical_ic50,1212.6,1,true
OBS-004669,C-02261,PIK3CA,biochemical_ic50,2432.8,3,true
OBS-004670,C-00908,EGFR,cell_viability,9177.6,2,true
OBS-004671,C-01759,ALK,biochemical_ic50,27388.5,3,true
OBS-004672,C-00860,EGFR,cell_viability,2.8,2,true
OBS-004673,C-01359,EGFR,biochemical_ic50,52.2,3,true
OBS-004674,C-00826,ALK,cell_viability,6.6,1,true
OBS-004675,C-00634,BRAF,biochemical_ic50,185.9,3,true
OBS-004676,C-01589,JAK2,cell_viability,1.4,3,true
OBS-004677,C-00431,MEK1,cell_viability,193.2,1,true
OBS-004678,C-00018,EGFR,biochemical_ic50,26.8,2,true
OBS-004679,C-00079,ALK,cell_viability,10745.2,2,true
OBS-004680,C-01047,EGFR,cell_viability,41.9,2,true
OBS-004681,C-00441,EGFR,cell_viability,42.6,1,true
OBS-004682,C-02280,CDK4,cell_viability,158.1,3,true
OBS-004683,C-00879,JAK2,cell_viability,45895.0,2,true
OBS-004684,C-01756,MEK1,cell_viability,56.8,1,true
OBS-004685,C-00429,JAK2,cell_viability,2.0,1,true
OBS-004686,C-01509,CDK4,cell_viability,4.0,2,true
OBS-004687,C-00786,PIK3CA,biochemical_ic50,117.9,2,true
OBS-004688,C-00032,KRAS-G12C,cell_viability,45358.6,3,true
OBS-004689,C-01513,PIK3CA,cell_viability,322.8,2,true
OBS-004690,C-00950,ALK,cell_viability,670.9,1,true
OBS-004691,C-00089,BRAF,cell_viability,6967.0,2,true
OBS-004692,C-01893,JAK2,biochemical_ic50,42.6,2,true
OBS-004693,C-01078,BRAF,biochemical_ic50,2.8,3,true
OBS-004694,C-02047,EGFR,cell_viability,477.0,1,true
OBS-004695,C-00568,ALK,cell_viability,3663.8,3,true
OBS-004696,C-01813,EGFR,cell_viability,621.3,3,true
OBS-004697,C-01039,ALK,cell_viability,463.2,2,true
OBS-004698,C-01853,BRAF,biochemical_ic50,1.1,1,true
OBS-004699,C-00603,KRAS-G12C,cell_viability,38977.7,2,true
OBS-004700,C-00182,MEK1,biochemical_ic50,87.3,2,true
OBS-004701,C-02206,JAK2,cell_viability,19.8,1,true
OBS-004702,C-00660,KRAS-G12C,cell_viability,14.7,1,true
OBS-004703,C-00057,EGFR,biochemical_ic50,43.2,1,true
OBS-004704,C-00443,MEK1,biochemical_ic50,16113.4,2,true
OBS-004705,C-01915,PIK3CA,biochemical_ic50,70.9,2,true
OBS-004706,C-02325,CDK4,biochemical_ic50,8.5,2,true
OBS-004707,C-01485,MEK1,cell_viability,2.9,1,true
OBS-004708,C-01028,JAK2,cell_viability,29.5,1,true
OBS-004709,C-00840,CDK4,biochemical_ic50,794.0,2,true
OBS-004710,C-00235,EGFR,biochemical_ic50,7984.2,1,true
OBS-004711,C-01997,MEK1,biochemical_ic50,17.8,1,true
OBS-004712,C-01531,JAK2,biochemical_ic50,10.3,3,true
OBS-004713,C-01168,JAK2,cell_viability,208.1,3,true
OBS-004714,C-02244,JAK2,cell_viability,12.3,1,true
OBS-004715,C-02011,CDK4,biochemical_ic50,6.1,2,true
OBS-004716,C-02340,KRAS-G12C,biochemical_ic50,1.4,1,true
OBS-004717,C-01082,KRAS-G12C,biochemical_ic50,2.4,1,true
OBS-004718,C-01485,JAK2,cell_viability,2169.3,2,true
OBS-004719,C-00957,ALK,cell_viability,16.0,2,true
OBS-004720,C-01113,MEK1,cell_viability,2.2,1,true
OBS-004721,C-02173,CDK4,cell_viability,16.4,1,true
OBS-004722,C-01833,MEK1,cell_viability,103.3,3,true
OBS-004723,C-00749,CDK4,biochemical_ic50,3.1,2,true
OBS-004724,C-00417,KRAS-G12C,biochemical_ic50,1779.4,3,true
OBS-004725,C-01720,PIK3CA,biochemical_ic50,1.1,1,true
OBS-004726,C-02322,BRAF,cell_viability,184.0,2,true
OBS-004727,C-01103,EGFR,cell_viability,106.7,1,true
OBS-004728,C-00293,PIK3CA,biochemical_ic50,22777.8,2,true
OBS-004729,C-01847,PIK3CA,cell_viability,29818.3,2,true
OBS-004730,C-01152,JAK2,biochemical_ic50,5178.8,2,true
OBS-004731,C-00071,PIK3CA,biochemical_ic50,206.7,3,true
OBS-004732,C-02345,KRAS-G12C,cell_viability,54.0,2,true
OBS-004733,C-02071,KRAS-G12C,biochemical_ic50,4.2,2,true
OBS-004734,C-00387,CDK4,biochemical_ic50,14.1,2,true
OBS-004735,C-01712,JAK2,biochemical_ic50,71.5,3,true
OBS-004736,C-01719,ALK,cell_viability,456.3,2,true
OBS-004737,C-00584,ALK,biochemical_ic50,1.4,3,true
OBS-004738,C-00916,BRAF,cell_viability,14.8,3,true
OBS-004739,C-02292,JAK2,cell_viability,14.1,2,true
OBS-004740,C-01150,EGFR,cell_viability,12966.4,2,true
OBS-004741,C-01085,CDK4,cell_viability,21.0,1,true
OBS-004742,C-00130,CDK4,cell_viability,1272.5,1,true
OBS-004743,C-00087,ALK,biochemical_ic50,2.8,3,true
OBS-004744,C-00918,MEK1,biochemical_ic50,5.8,3,true
OBS-004745,C-02176,MEK1,biochemical_ic50,2.8,2,true
OBS-004746,C-02004,ALK,biochemical_ic50,1.4,2,true
OBS-004747,C-02357,ALK,biochemical_ic50,15.5,1,true
OBS-004748,C-00746,ALK,cell_viability,4771.4,1,true
OBS-004749,C-01832,BRAF,cell_viability,2.0,3,true
OBS-004750,C-02283,MEK1,cell_viability,1235.0,1,true
OBS-004751,C-01781,ALK,biochemical_ic50,16.8,1,true
OBS-004752,C-01012,BRAF,cell_viability,5.0,2,true
OBS-004753,C-00908,MEK1,biochemical_ic50,975.9,2,true
OBS-004754,C-01840,KRAS-G12C,cell_viability,72.1,2,true
OBS-004755,C-02035,BRAF,biochemical_ic50,822.9,3,true
OBS-004756,C-01455,KRAS-G12C,cell_viability,141.9,2,true
OBS-004757,C-01389,PIK3CA,cell_viability,1759.1,1,true
OBS-004758,C-02148,JAK2,biochemical_ic50,813.8,3,true
OBS-004759,C-00670,PIK3CA,biochemical_ic50,35942.1,3,true
OBS-004760,C-00777,CDK4,cell_viability,4550.7,1,true
OBS-004761,C-00866,JAK2,cell_viability,1.8,3,true
OBS-004762,C-01217,JAK2,biochemical_ic50,405.3,2,true
OBS-004763,C-00633,KRAS-G12C,cell_viability,33297.7,1,true
OBS-004764,C-00350,JAK2,biochemical_ic50,10.8,1,true
OBS-004765,C-00681,ALK,cell_viability,140.0,1,true
OBS-004766,C-01446,ALK,biochemical_ic50,9115.8,3,true
OBS-004767,C-00822,EGFR,biochemical_ic50,2.9,3,true
OBS-004768,C-00877,KRAS-G12C,cell_viability,2750.7,3,true
OBS-004769,C-01811,MEK1,biochemical_ic50,119.1,2,true
OBS-004770,C-01970,JAK2,cell_viability,88.5,3,true
OBS-004771,C-00371,KRAS-G12C,biochemical_ic50,1419.0,3,true
OBS-004772,C-00506,CDK4,biochemical_ic50,11.2,2,true
OBS-004773,C-01128,JAK2,biochemical_ic50,333.0,3,true
OBS-004774,C-02101,CDK4,biochemical_ic50,12.0,3,true
OBS-004775,C-00278,EGFR,biochemical_ic50,3570.8,3,true
OBS-004776,C-02305,MEK1,biochemical_ic50,7.0,2,true
OBS-004777,C-01610,ALK,cell_viability,155.8,3,true
OBS-004778,C-00998,BRAF,cell_viability,279.2,1,true
OBS-004779,C-00252,MEK1,biochemical_ic50,23594.8,2,true
OBS-004780,C-01196,JAK2,cell_viability,15.9,3,true
OBS-004781,C-00208,PIK3CA,biochemical_ic50,346.0,2,true
OBS-004782,C-00968,CDK4,cell_viability,14734.0,1,true
OBS-004783,C-00318,EGFR,biochemical_ic50,63.8,2,true
OBS-004784,C-02036,BRAF,biochemical_ic50,269.8,3,true
OBS-004785,C-00945,CDK4,biochemical_ic50,1.1,1,true
OBS-004786,C-01992,KRAS-G12C,biochemical_ic50,19.2,2,true
OBS-004787,C-00189,MEK1,cell_viability,19734.1,2,true
OBS-004788,C-00386,ALK,cell_viability,135.7,2,true
OBS-004789,C-00131,BRAF,cell_viability,1398.8,2,true
OBS-004790,C-00938,PIK3CA,cell_viability,415.5,2,true
OBS-004791,C-01203,EGFR,biochemical_ic50,37.4,3,true
OBS-004792,C-00836,CDK4,cell_viability,43021.8,1,true
OBS-004793,C-01684,JAK2,cell_viability,2765.5,2,true
OBS-004794,C-01470,BRAF,biochemical_ic50,1.9,2,true
OBS-004795,C-00700,KRAS-G12C,biochemical_ic50,100.1,3,true
OBS-004796,C-00640,JAK2,biochemical_ic50,1295.7,3,true
OBS-004797,C-00563,MEK1,biochemical_ic50,197.3,1,true
OBS-004798,C-02015,MEK1,cell_viability,542.9,3,true
OBS-004799,C-01084,PIK3CA,biochemical_ic50,9.2,2,true
OBS-004800,C-01593,KRAS-G12C,cell_viability,29.3,1,true
OBS-004801,C-01257,ALK,biochemical_ic50,5535.0,2,true
OBS-004802,C-00309,JAK2,cell_viability,438.1,1,true
OBS-004803,C-00586,CDK4,biochemical_ic50,5359.5,1,true
OBS-004804,C-02313,BRAF,biochemical_ic50,1527.6,3,true
OBS-004805,C-00771,EGFR,biochemical_ic50,24.6,3,true
OBS-004806,C-00015,KRAS-G12C,cell_viability,34.0,2,true
OBS-004807,C-00744,JAK2,cell_viability,1464.2,1,true
OBS-004808,C-01162,ALK,biochemical_ic50,341.3,2,true
OBS-004809,C-01386,MEK1,biochemical_ic50,304.9,3,true
OBS-004810,C-00672,CDK4,cell_viability,1.1,1,true
OBS-004811,C-00865,BRAF,biochemical_ic50,1108.6,2,true
OBS-004812,C-02112,PIK3CA,cell_viability,12.5,1,true
OBS-004813,C-01366,ALK,biochemical_ic50,134.7,2,true
OBS-004814,C-02089,PIK3CA,cell_viability,3.4,2,true
OBS-004815,C-01120,PIK3CA,cell_viability,1.3,3,true
OBS-004816,C-00035,ALK,biochemical_ic50,2337.9,3,true
OBS-004817,C-00044,ALK,cell_viability,46818.2,2,true
OBS-004818,C-00512,BRAF,cell_viability,46.9,3,true
OBS-004819,C-02047,KRAS-G12C,cell_viability,7.8,3,true
OBS-004820,C-02352,ALK,biochemical_ic50,5704.8,3,true
OBS-004821,C-00845,BRAF,cell_viability,7733.1,1,true
OBS-004822,C-01433,MEK1,biochemical_ic50,4.4,3,true
OBS-004823,C-01255,JAK2,biochemical_ic50,48053.6,1,true
OBS-004824,C-00902,JAK2,cell_viability,19.3,2,true
OBS-004825,C-00752,PIK3CA,cell_viability,199.7,1,true
OBS-004826,C-00831,KRAS-G12C,biochemical_ic50,119.3,3,true
OBS-004827,C-01746,KRAS-G12C,biochemical_ic50,18.9,1,true
OBS-004828,C-00505,MEK1,biochemical_ic50,61.3,1,true
OBS-004829,C-00726,CDK4,cell_viability,69.3,2,true
OBS-004830,C-01619,BRAF,biochemical_ic50,512.5,2,true
OBS-004831,C-02215,BRAF,biochemical_ic50,446.2,2,true
OBS-004832,C-01709,ALK,biochemical_ic50,24486.8,2,true
OBS-004833,C-00210,EGFR,biochemical_ic50,2740.7,2,true
OBS-004834,C-02304,MEK1,cell_viability,551.0,1,true
OBS-004835,C-01606,BRAF,biochemical_ic50,478.7,1,true
OBS-004836,C-02078,KRAS-G12C,cell_viability,11.3,1,true
OBS-004837,C-01240,EGFR,cell_viability,391.2,2,true
OBS-004838,C-02321,BRAF,biochemical_ic50,2.5,1,true
OBS-004839,C-01636,CDK4,biochemical_ic50,430.3,3,true
OBS-004840,C-00968,PIK3CA,cell_viability,134.6,3,true
OBS-004841,C-02173,JAK2,biochemical_ic50,9.6,3,true
OBS-004842,C-01433,PIK3CA,cell_viability,33635.8,2,true
OBS-004843,C-01674,PIK3CA,biochemical_ic50,6.1,3,true
OBS-004844,C-01523,EGFR,cell_viability,110.8,3,true
OBS-004845,C-00432,PIK3CA,biochemical_ic50,9.6,2,true
OBS-004846,C-01959,EGFR,biochemical_ic50,7.2,3,true
OBS-004847,C-02337,MEK1,biochemical_ic50,5248.0,2,true
OBS-004848,C-00142,KRAS-G12C,cell_viability,4.3,1,true
OBS-004849,C-01283,KRAS-G12C,cell_viability,3.5,3,true
OBS-004850,C-00044,JAK2,cell_viability,42214.1,1,true
OBS-004851,C-00221,CDK4,cell_viability,22727.6,1,true
OBS-004852,C-01876,ALK,biochemical_ic50,148.0,1,true
OBS-004853,C-02270,CDK4,biochemical_ic50,131.0,3,true
OBS-004854,C-01525,JAK2,cell_viability,690.4,2,true
OBS-004855,C-02078,PIK3CA,cell_viability,30.1,1,true
OBS-004856,C-02091,PIK3CA,cell_viability,1849.3,1,true
OBS-004857,C-01878,CDK4,cell_viability,314.1,1,true
OBS-004858,C-00329,KRAS-G12C,cell_viability,169.1,2,true
OBS-004859,C-00878,ALK,biochemical_ic50,806.5,2,true
OBS-004860,C-00393,PIK3CA,cell_viability,391.3,3,true
OBS-004861,C-02236,EGFR,cell_viability,1684.8,1,true
OBS-004862,C-00952,KRAS-G12C,cell_viability,4.8,3,true
OBS-004863,C-00629,KRAS-G12C,cell_viability,8.0,3,true
OBS-004864,C-01006,EGFR,biochemical_ic50,519.8,1,true
OBS-004865,C-01509,BRAF,cell_viability,46.8,3,true
OBS-004866,C-00269,KRAS-G12C,biochemical_ic50,5621.2,1,true
OBS-004867,C-02161,PIK3CA,cell_viability,22185.6,3,true
OBS-004868,C-02020,EGFR,biochemical_ic50,4096.0,2,true
OBS-004869,C-01247,CDK4,biochemical_ic50,9406.2,1,true
OBS-004870,C-00367,PIK3CA,biochemical_ic50,4.6,3,true
OBS-004871,C-02000,PIK3CA,biochemical_ic50,40.2,1,true
OBS-004872,C-01523,KRAS-G12C,biochemical_ic50,79.8,3,true
OBS-004873,C-00039,ALK,cell_viability,5.4,3,true
OBS-004874,C-00067,MEK1,cell_viability,8.1,2,true
OBS-004875,C-02115,CDK4,cell_viability,2756.0,3,true
OBS-004876,C-00673,MEK1,cell_viability,249.3,3,true
OBS-004877,C-00941,CDK4,biochemical_ic50,7.0,3,true
OBS-004878,C-01116,KRAS-G12C,cell_viability,559.7,2,true
OBS-004879,C-00068,BRAF,cell_viability,101.7,1,true
OBS-004880,C-01230,MEK1,biochemical_ic50,18.0,3,true
OBS-004881,C-01727,ALK,biochemical_ic50,17.4,3,true
OBS-004882,C-00812,PIK3CA,cell_viability,2.1,1,true
OBS-004883,C-00240,PIK3CA,biochemical_ic50,4174.3,1,true
OBS-004884,C-02378,PIK3CA,biochemical_ic50,2.1,2,true
OBS-004885,C-02095,JAK2,biochemical_ic50,3409.8,1,true
OBS-004886,C-00350,ALK,cell_viability,16.4,1,true
OBS-004887,C-00001,MEK1,cell_viability,3.1,3,true
OBS-004888,C-00007,CDK4,biochemical_ic50,116.6,3,true
OBS-004889,C-01737,CDK4,biochemical_ic50,120.1,2,true
OBS-004890,C-01800,PIK3CA,cell_viability,258.8,2,true
OBS-004891,C-02148,PIK3CA,cell_viability,4.8,3,true
OBS-004892,C-01954,CDK4,biochemical_ic50,1965.1,1,true
OBS-004893,C-01996,MEK1,cell_viability,5300.7,1,true
OBS-004894,C-00512,CDK4,biochemical_ic50,10231.9,1,true
OBS-004895,C-00850,JAK2,cell_viability,624.1,1,true
OBS-004896,C-00325,EGFR,biochemical_ic50,9482.9,1,true
OBS-004897,C-01112,BRAF,biochemical_ic50,27.9,2,true
OBS-004898,C-00886,BRAF,cell_viability,9392.2,1,true
OBS-004899,C-01852,MEK1,cell_viability,32.3,3,true
OBS-004900,C-02127,ALK,biochemical_ic50,4.4,3,true
OBS-004901,C-01843,BRAF,cell_viability,16.0,1,true
OBS-004902,C-00054,BRAF,biochemical_ic50,978.2,3,true
OBS-004903,C-00206,EGFR,cell_viability,15.1,1,true
OBS-004904,C-01416,ALK,biochemical_ic50,6333.6,1,true
OBS-004905,C-01097,MEK1,biochemical_ic50,37.8,1,true
OBS-004906,C-00734,PIK3CA,biochemical_ic50,17218.2,3,true
OBS-004907,C-00828,KRAS-G12C,cell_viability,8.8,3,true
OBS-004908,C-02229,PIK3CA,biochemical_ic50,55.7,2,true
OBS-004909,C-01886,JAK2,cell_viability,103.0,1,true
OBS-004910,C-02164,EGFR,cell_viability,1.2,3,true
OBS-004911,C-01923,KRAS-G12C,cell_viability,73.6,1,true
OBS-004912,C-00628,ALK,cell_viability,2431.9,3,true
OBS-004913,C-00247,BRAF,cell_viability,24516.8,3,true
OBS-004914,C-01402,EGFR,cell_viability,20.8,1,true
OBS-004915,C-00581,KRAS-G12C,cell_viability,21385.0,1,true
OBS-004916,C-00741,EGFR,cell_viability,1513.2,3,true
OBS-004917,C-01891,CDK4,biochemical_ic50,993.6,1,true
OBS-004918,C-01530,PIK3CA,cell_viability,3300.2,3,true
OBS-004919,C-00958,BRAF,biochemical_ic50,13.4,1,true
OBS-004920,C-00773,KRAS-G12C,biochemical_ic50,197.6,3,true
OBS-004921,C-01440,ALK,biochemical_ic50,1991.9,2,true
OBS-004922,C-00622,CDK4,cell_viability,147.4,3,true
OBS-004923,C-02209,JAK2,biochemical_ic50,40.6,3,true
OBS-004924,C-02368,BRAF,cell_viability,279.5,2,true
OBS-004925,C-01205,BRAF,biochemical_ic50,1922.8,2,true
OBS-004926,C-00021,MEK1,biochemical_ic50,97.3,2,true
OBS-004927,C-02183,EGFR,cell_viability,1.6,1,true
OBS-004928,C-01457,JAK2,biochemical_ic50,122.4,1,true
OBS-004929,C-02055,CDK4,cell_viability,538.4,2,true
OBS-004930,C-00055,BRAF,cell_viability,392.6,2,true
OBS-004931,C-01849,KRAS-G12C,biochemical_ic50,3.0,2,true
OBS-004932,C-00650,JAK2,biochemical_ic50,24243.1,1,true
OBS-004933,C-01792,JAK2,biochemical_ic50,45263.4,2,true
OBS-004934,C-01103,MEK1,cell_viability,722.8,1,true
OBS-004935,C-00732,BRAF,biochemical_ic50,1.4,1,true
OBS-004936,C-00401,JAK2,cell_viability,104.1,1,true
OBS-004937,C-01742,CDK4,biochemical_ic50,5847.5,2,true
OBS-004938,C-01986,CDK4,biochemical_ic50,14350.1,2,true
OBS-004939,C-01832,EGFR,biochemical_ic50,1922.4,3,true
OBS-004940,C-00833,BRAF,cell_viability,3.7,1,true
OBS-004941,C-01629,MEK1,biochemical_ic50,24979.0,1,true
OBS-004942,C-01378,BRAF,cell_viability,995.1,3,true
OBS-004943,C-02031,PIK3CA,biochemical_ic50,59.5,3,true
OBS-004944,C-01174,JAK2,biochemical_ic50,2417.5,3,true
OBS-004945,C-01550,CDK4,cell_viability,1689.7,3,true
OBS-004946,C-01230,JAK2,biochemical_ic50,1282.4,2,true
OBS-004947,C-00253,PIK3CA,cell_viability,2.1,1,true
OBS-004948,C-01637,MEK1,biochemical_ic50,3.8,3,true
OBS-004949,C-02077,KRAS-G12C,cell_viability,21989.6,3,true
OBS-004950,C-01422,JAK2,cell_viability,9.1,1,true
OBS-004951,C-01217,JAK2,biochemical_ic50,331.1,3,true
OBS-004952,C-01037,KRAS-G12C,biochemical_ic50,4954.8,1,true
OBS-004953,C-01565,BRAF,biochemical_ic50,16.9,3,true
OBS-004954,C-01129,PIK3CA,cell_viability,3589.9,3,true
OBS-004955,C-01156,ALK,cell_viability,729.8,1,true
OBS-004956,C-00290,ALK,biochemical_ic50,28331.8,3,true
OBS-004957,C-02094,CDK4,cell_viability,5985.8,2,true
OBS-004958,C-01926,KRAS-G12C,cell_viability,2076.4,2,true
OBS-004959,C-01342,PIK3CA,biochemical_ic50,43.7,3,true
OBS-004960,C-00394,PIK3CA,cell_viability,45.7,2,true
OBS-004961,C-02208,KRAS-G12C,cell_viability,40645.8,2,true
OBS-004962,C-01891,ALK,cell_viability,3.8,2,true
OBS-004963,C-01323,ALK,biochemical_ic50,27698.9,2,true
OBS-004964,C-01870,PIK3CA,biochemical_ic50,5.5,2,true
OBS-004965,C-00328,CDK4,biochemical_ic50,5021.7,1,true
OBS-004966,C-01857,EGFR,cell_viability,1251.6,2,true
OBS-004967,C-01708,MEK1,cell_viability,3.5,3,true
OBS-004968,C-01864,BRAF,biochemical_ic50,4166.8,3,true
OBS-004969,C-00999,MEK1,biochemical_ic50,70.3,3,true
OBS-004970,C-00239,EGFR,cell_viability,4317.9,1,true
OBS-004971,C-02119,BRAF,biochemical_ic50,1085.7,2,true
OBS-004972,C-00379,EGFR,biochemical_ic50,47.6,3,true
OBS-004973,C-02304,ALK,cell_viability,25799.7,3,true
OBS-004974,C-01316,PIK3CA,cell_viability,76.5,3,true
OBS-004975,C-01404,JAK2,cell_viability,249.5,2,true
OBS-004976,C-02292,EGFR,biochemical_ic50,1516.2,1,true
OBS-004977,C-01509,CDK4,cell_viability,1369.6,2,true
OBS-004978,C-01705,PIK3CA,cell_viability,5352.2,3,true
OBS-004979,C-00149,MEK1,cell_viability,8443.3,2,true
OBS-004980,C-00534,CDK4,cell_viability,5.1,2,true
OBS-004981,C-00580,EGFR,biochemical_ic50,3.7,3,true
OBS-004982,C-01200,ALK,biochemical_ic50,1052.3,3,true
OBS-004983,C-00057,CDK4,biochemical_ic50,12.3,2,true
OBS-004984,C-01621,BRAF,biochemical_ic50,165.8,2,true
OBS-004985,C-00466,JAK2,biochemical_ic50,28.5,1,true
OBS-004986,C-01708,MEK1,biochemical_ic50,192.3,3,true
OBS-004987,C-01310,MEK1,biochemical_ic50,2.4,2,true
OBS-004988,C-00225,BRAF,biochemical_ic50,4570.9,3,true
OBS-004989,C-02162,JAK2,cell_viability,6.9,2,true
OBS-004990,C-01559,EGFR,biochemical_ic50,97.4,1,true
OBS-004991,C-01861,KRAS-G12C,biochemical_ic50,31878.7,1,true
OBS-004992,C-02050,JAK2,cell_viability,178.8,1,true
OBS-004993,C-00834,EGFR,cell_viability,2.7,3,true
OBS-004994,C-02327,BRAF,biochemical_ic50,51.2,2,true
OBS-004995,C-01180,PIK3CA,cell_viability,2959.2,2,true
OBS-004996,C-00300,PIK3CA,cell_viability,5.9,3,true
OBS-004997,C-00984,KRAS-G12C,cell_viability,5.5,3,true
OBS-004998,C-00462,JAK2,biochemical_ic50,33.2,3,true
OBS-004999,C-01333,PIK3CA,biochemical_ic50,25101.8,1,true
OBS-005000,C-01646,JAK2,biochemical_ic50,27138.0,2,true
OBS-005001,C-00565,KRAS-G12C,biochemical_ic50,196.9,3,true
OBS-005002,C-01170,ALK,cell_viability,24.3,1,true
OBS-005003,C-01347,KRAS-G12C,biochemical_ic50,16341.3,1,true
OBS-005004,C-00891,MEK1,biochemical_ic50,13.9,2,true
OBS-005005,C-00812,EGFR,cell_viability,18.3,3,true
OBS-005006,C-00128,EGFR,cell_viability,428.1,1,true
OBS-005007,C-01300,EGFR,biochemical_ic50,40928.8,2,true
OBS-005008,C-01731,CDK4,biochemical_ic50,701.5,2,true
OBS-005009,C-02095,PIK3CA,cell_viability,1587.1,1,true
OBS-005010,C-01952,KRAS-G12C,biochemical_ic50,1434.3,2,true
OBS-005011,C-00054,EGFR,cell_viability,83.7,3,true
OBS-005012,C-01556,BRAF,biochemical_ic50,1.6,1,true
OBS-005013,C-01425,JAK2,biochemical_ic50,1.3,3,true
OBS-005014,C-01468,EGFR,cell_viability,42097.4,3,true
OBS-005015,C-01786,ALK,biochemical_ic50,17811.2,2,true
OBS-005016,C-02004,KRAS-G12C,biochemical_ic50,11.2,2,true
OBS-005017,C-00655,MEK1,cell_viability,3602.9,1,true
OBS-005018,C-00062,MEK1,cell_viability,13.9,3,true
OBS-005019,C-00989,KRAS-G12C,cell_viability,2.8,2,true
OBS-005020,C-00324,MEK1,biochemical_ic50,6.4,2,true
OBS-005021,C-01439,EGFR,cell_viability,121.1,3,true
OBS-005022,C-00299,CDK4,biochemical_ic50,1991.4,1,true
OBS-005023,C-01211,EGFR,cell_viability,25676.2,2,true
OBS-005024,C-02221,PIK3CA,cell_viability,40.3,3,true
OBS-005025,C-01164,EGFR,cell_viability,133.5,1,true
OBS-005026,C-01018,PIK3CA,biochemical_ic50,54.4,3,true
OBS-005027,C-00666,JAK2,cell_viability,15.9,1,true
OBS-005028,C-01754,JAK2,cell_viability,6.9,1,true
OBS-005029,C-01394,KRAS-G12C,cell_viability,41.8,2,true
OBS-005030,C-01636,MEK1,cell_viability,4.5,3,true
OBS-005031,C-02147,BRAF,cell_viability,2.3,1,true
OBS-005032,C-00054,ALK,biochemical_ic50,3112.4,1,true
OBS-005033,C-02255,EGFR,cell_viability,124.4,2,true
OBS-005034,C-01813,ALK,cell_viability,12065.1,2,true
OBS-005035,C-01397,JAK2,cell_viability,912.3,1,true
OBS-005036,C-01090,EGFR,biochemical_ic50,32555.5,2,true
OBS-005037,C-00564,ALK,biochemical_ic50,1.6,2,true
OBS-005038,C-00290,JAK2,cell_viability,56.6,2,true
OBS-005039,C-00012,CDK4,biochemical_ic50,3.6,1,true
OBS-005040,C-01306,BRAF,biochemical_ic50,8048.1,3,true
OBS-005041,C-00144,JAK2,biochemical_ic50,151.3,3,true
OBS-005042,C-00190,ALK,biochemical_ic50,2.4,2,true
OBS-005043,C-01208,PIK3CA,biochemical_ic50,317.3,1,true
OBS-005044,C-00912,PIK3CA,cell_viability,192.5,3,true
OBS-005045,C-02393,ALK,cell_viability,3413.6,1,true
OBS-005046,C-00497,JAK2,biochemical_ic50,537.1,1,true
OBS-005047,C-01262,PIK3CA,cell_viability,2074.3,1,true
OBS-005048,C-01198,EGFR,cell_viability,8264.9,3,true
OBS-005049,C-02180,CDK4,cell_viability,1.6,3,true
OBS-005050,C-01981,PIK3CA,biochemical_ic50,28.8,3,true
OBS-005051,C-01080,PIK3CA,cell_viability,2.7,3,true
OBS-005052,C-00660,CDK4,biochemical_ic50,3.1,3,true
OBS-005053,C-00524,BRAF,biochemical_ic50,46556.8,3,true
OBS-005054,C-00119,KRAS-G12C,biochemical_ic50,37685.7,2,true
OBS-005055,C-02122,EGFR,cell_viability,2214.2,1,true
OBS-005056,C-00542,KRAS-G12C,biochemical_ic50,4.8,2,true
OBS-005057,C-00344,JAK2,biochemical_ic50,25665.8,1,true
OBS-005058,C-00269,JAK2,biochemical_ic50,5036.1,1,true
OBS-005059,C-01478,JAK2,biochemical_ic50,7526.2,3,true
OBS-005060,C-00608,MEK1,cell_viability,15.4,3,true
OBS-005061,C-01846,EGFR,cell_viability,3.4,1,true
OBS-005062,C-01117,ALK,cell_viability,28.3,1,true
OBS-005063,C-02103,KRAS-G12C,cell_viability,252.7,3,true
OBS-005064,C-02239,KRAS-G12C,cell_viability,2080.2,3,true
OBS-005065,C-00488,JAK2,cell_viability,44290.6,2,true
OBS-005066,C-00327,ALK,biochemical_ic50,1.2,2,true
OBS-005067,C-01951,KRAS-G12C,biochemical_ic50,814.4,1,true
OBS-005068,C-01942,KRAS-G12C,cell_viability,8.1,1,true
OBS-005069,C-02319,EGFR,biochemical_ic50,24.0,1,true
OBS-005070,C-01922,EGFR,biochemical_ic50,5.4,2,true
OBS-005071,C-01503,MEK1,biochemical_ic50,4431.6,3,true
OBS-005072,C-00286,MEK1,cell_viability,5883.2,1,true
OBS-005073,C-00319,ALK,cell_viability,1493.8,1,true
OBS-005074,C-00296,BRAF,biochemical_ic50,42.6,2,true
OBS-005075,C-01105,PIK3CA,biochemical_ic50,33.9,3,true
OBS-005076,C-00483,MEK1,cell_viability,56.7,3,true
OBS-005077,C-02068,PIK3CA,biochemical_ic50,144.2,2,true
OBS-005078,C-01048,PIK3CA,cell_viability,216.3,3,true
OBS-005079,C-02050,KRAS-G12C,biochemical_ic50,1932.3,1,true
OBS-005080,C-00341,CDK4,biochemical_ic50,5823.7,2,true
OBS-005081,C-01162,KRAS-G12C,cell_viability,13019.7,2,true
OBS-005082,C-00613,JAK2,biochemical_ic50,148.9,3,true
OBS-005083,C-01929,KRAS-G12C,cell_viability,18409.6,3,true
OBS-005084,C-00586,BRAF,biochemical_ic50,4147.1,1,true
OBS-005085,C-00564,JAK2,biochemical_ic50,65.6,2,true
OBS-005086,C-02104,JAK2,cell_viability,2.6,1,true
OBS-005087,C-02238,CDK4,biochemical_ic50,7463.6,3,true
OBS-005088,C-00949,KRAS-G12C,biochemical_ic50,36.8,3,true
OBS-005089,C-02315,BRAF,biochemical_ic50,17326.8,3,true
OBS-005090,C-00418,MEK1,biochemical_ic50,306.2,1,true
OBS-005091,C-01242,EGFR,biochemical_ic50,9.1,1,true
OBS-005092,C-00677,MEK1,cell_viability,144.6,2,true
OBS-005093,C-02265,BRAF,cell_viability,10.5,1,true
OBS-005094,C-01017,CDK4,cell_viability,16.4,3,true
OBS-005095,C-01657,JAK2,cell_viability,144.1,2,true
OBS-005096,C-02159,BRAF,biochemical_ic50,23094.4,2,true
OBS-005097,C-00173,KRAS-G12C,biochemical_ic50,1.3,1,true
OBS-005098,C-00917,MEK1,biochemical_ic50,11.3,3,true
OBS-005099,C-00302,PIK3CA,biochemical_ic50,1.2,1,true
OBS-005100,C-01710,PIK3CA,biochemical_ic50,4429.6,1,true
OBS-005101,C-00430,CDK4,biochemical_ic50,462.2,2,true
OBS-005102,C-00040,KRAS-G12C,biochemical_ic50,3244.8,1,true
OBS-005103,C-00335,JAK2,cell_viability,4756.5,2,true
OBS-005104,C-00171,KRAS-G12C,cell_viability,24488.2,3,true
OBS-005105,C-00095,KRAS-G12C,biochemical_ic50,15145.5,3,true
OBS-005106,C-01439,ALK,cell_viability,1294.4,3,true
OBS-005107,C-01247,EGFR,biochemical_ic50,95.5,2,true
OBS-005108,C-01966,CDK4,biochemical_ic50,1321.0,3,true
OBS-005109,C-01012,EGFR,biochemical_ic50,5.0,2,true
OBS-005110,C-01293,CDK4,biochemical_ic50,8544.8,1,true
OBS-005111,C-01818,CDK4,cell_viability,10.8,1,true
OBS-005112,C-00084,EGFR,cell_viability,3.9,1,true
OBS-005113,C-02251,BRAF,cell_viability,7.3,2,true
OBS-005114,C-00112,ALK,cell_viability,72.8,1,true
OBS-005115,C-00325,CDK4,biochemical_ic50,110.7,3,true
OBS-005116,C-02200,PIK3CA,cell_viability,34511.6,2,true
OBS-005117,C-01084,BRAF,cell_viability,16050.2,3,true
OBS-005118,C-01208,JAK2,biochemical_ic50,87.4,1,true
OBS-005119,C-00836,JAK2,biochemical_ic50,4861.4,2,true
OBS-005120,C-02105,PIK3CA,cell_viability,6.4,2,true
OBS-005121,C-00431,ALK,biochemical_ic50,4.3,1,true
OBS-005122,C-01397,JAK2,cell_viability,6732.4,2,true
OBS-005123,C-00340,KRAS-G12C,biochemical_ic50,1.8,1,true
OBS-005124,C-01989,ALK,biochemical_ic50,860.6,2,true
OBS-005125,C-01288,MEK1,biochemical_ic50,4143.3,2,true
OBS-005126,C-01082,MEK1,biochemical_ic50,1.5,2,true
OBS-005127,C-01962,KRAS-G12C,cell_viability,675.9,2,true
OBS-005128,C-00041,CDK4,biochemical_ic50,4674.5,3,true
OBS-005129,C-00104,KRAS-G12C,biochemical_ic50,139.2,1,true
OBS-005130,C-00469,MEK1,biochemical_ic50,30.5,1,true
OBS-005131,C-02089,MEK1,cell_viability,1.1,3,true
OBS-005132,C-02206,JAK2,biochemical_ic50,125.1,1,true
OBS-005133,C-01474,BRAF,biochemical_ic50,6641.0,3,true
OBS-005134,C-01293,BRAF,biochemical_ic50,1739.8,1,true
OBS-005135,C-00404,CDK4,cell_viability,139.5,2,true
OBS-005136,C-01895,JAK2,cell_viability,8747.7,1,true
OBS-005137,C-00492,KRAS-G12C,cell_viability,585.4,2,true
OBS-005138,C-01905,KRAS-G12C,biochemical_ic50,177.3,3,true
OBS-005139,C-01933,ALK,biochemical_ic50,143.3,3,true
OBS-005140,C-00793,CDK4,cell_viability,13623.7,1,true
OBS-005141,C-02028,ALK,cell_viability,3786.6,3,true
OBS-005142,C-01712,ALK,cell_viability,33.7,3,true
OBS-005143,C-00566,MEK1,biochemical_ic50,2362.9,3,true
OBS-005144,C-00844,ALK,cell_viability,6.3,1,true
OBS-005145,C-00856,ALK,cell_viability,1322.1,3,true
OBS-005146,C-01872,BRAF,cell_viability,25.1,3,true
OBS-005147,C-02333,EGFR,biochemical_ic50,3.2,1,true
OBS-005148,C-01120,BRAF,cell_viability,3.1,3,true
OBS-005149,C-00487,EGFR,cell_viability,5.8,1,true
OBS-005150,C-01765,PIK3CA,cell_viability,318.9,1,true
OBS-005151,C-00946,MEK1,biochemical_ic50,2955.9,2,true
OBS-005152,C-00639,JAK2,biochemical_ic50,461.4,3,true
OBS-005153,C-02277,KRAS-G12C,cell_viability,10.7,3,true
OBS-005154,C-02361,KRAS-G12C,biochemical_ic50,4807.8,3,true
OBS-005155,C-00100,PIK3CA,biochemical_ic50,223.0,1,true
OBS-005156,C-01677,PIK3CA,biochemical_ic50,491.3,2,true
OBS-005157,C-00437,ALK,cell_viability,3364.1,1,true
OBS-005158,C-01636,CDK4,cell_viability,11.1,1,true
OBS-005159,C-00776,ALK,biochemical_ic50,19968.2,2,true
OBS-005160,C-02002,EGFR,cell_viability,82.0,3,true
OBS-005161,C-00642,MEK1,biochemical_ic50,78.0,1,true
OBS-005162,C-01895,JAK2,cell_viability,3.6,1,true
OBS-005163,C-01852,KRAS-G12C,cell_viability,3139.3,2,true
OBS-005164,C-00763,KRAS-G12C,cell_viability,26651.2,3,true
OBS-005165,C-01460,KRAS-G12C,biochemical_ic50,57.5,3,true
OBS-005166,C-02184,BRAF,cell_viability,62.5,2,true
OBS-005167,C-01027,PIK3CA,cell_viability,4579.4,1,true
OBS-005168,C-00512,ALK,biochemical_ic50,62.5,3,true
OBS-005169,C-00231,KRAS-G12C,cell_viability,1.2,3,true
OBS-005170,C-01680,KRAS-G12C,biochemical_ic50,24920.9,3,true
OBS-005171,C-01105,JAK2,biochemical_ic50,22.0,2,true
OBS-005172,C-02162,BRAF,cell_viability,7580.5,1,true
OBS-005173,C-01166,PIK3CA,cell_viability,3669.5,2,true
OBS-005174,C-01526,PIK3CA,cell_viability,6.9,2,true
OBS-005175,C-01047,ALK,cell_viability,718.9,1,true
OBS-005176,C-02187,ALK,biochemical_ic50,1689.7,3,true
OBS-005177,C-01705,BRAF,cell_viability,37027.8,1,true
OBS-005178,C-00575,PIK3CA,cell_viability,18.8,3,true
OBS-005179,C-00758,JAK2,biochemical_ic50,6.4,1,true
OBS-005180,C-01830,MEK1,biochemical_ic50,19567.3,2,true
OBS-005181,C-00836,MEK1,cell_viability,128.2,2,true
OBS-005182,C-00947,EGFR,cell_viability,6710.9,3,true
OBS-005183,C-02299,MEK1,cell_viability,203.5,3,true
OBS-005184,C-01990,ALK,biochemical_ic50,2499.8,3,true
OBS-005185,C-02059,EGFR,biochemical_ic50,32.8,1,true
OBS-005186,C-02008,EGFR,biochemical_ic50,174.3,3,true
OBS-005187,C-00472,BRAF,cell_viability,1.2,1,true
OBS-005188,C-00725,ALK,cell_viability,3208.2,3,true
OBS-005189,C-01572,BRAF,biochemical_ic50,9.6,3,true
OBS-005190,C-01167,PIK3CA,biochemical_ic50,32.3,3,true
OBS-005191,C-01779,CDK4,cell_viability,37677.6,1,true
OBS-005192,C-01842,BRAF,cell_viability,2.0,2,true
OBS-005193,C-01705,MEK1,biochemical_ic50,2.1,2,true
OBS-005194,C-01331,JAK2,biochemical_ic50,46015.5,1,true
OBS-005195,C-00352,JAK2,cell_viability,68.7,3,true
OBS-005196,C-01140,ALK,biochemical_ic50,12625.3,1,true
OBS-005197,C-00020,EGFR,cell_viability,49.3,2,true
OBS-005198,C-00090,KRAS-G12C,cell_viability,212.8,3,true
OBS-005199,C-00552,ALK,biochemical_ic50,1.6,2,true
OBS-005200,C-01362,EGFR,biochemical_ic50,1.1,1,true
OBS-005201,C-02179,JAK2,cell_viability,22.2,2,true
OBS-005202,C-01609,JAK2,cell_viability,151.6,1,true
OBS-005203,C-02285,JAK2,biochemical_ic50,104.5,2,true
OBS-005204,C-00714,CDK4,biochemical_ic50,3702.6,2,true
OBS-005205,C-00615,CDK4,cell_viability,166.8,1,true
OBS-005206,C-00604,EGFR,cell_viability,160.9,3,true
OBS-005207,C-01910,KRAS-G12C,cell_viability,6251.0,3,true
OBS-005208,C-01531,EGFR,biochemical_ic50,4348.5,3,true
OBS-005209,C-01815,CDK4,biochemical_ic50,3639.6,2,true
OBS-005210,C-02369,CDK4,biochemical_ic50,16876.5,2,true
OBS-005211,C-00760,JAK2,biochemical_ic50,23810.5,1,true
OBS-005212,C-00352,CDK4,cell_viability,1.4,2,true
OBS-005213,C-01989,PIK3CA,cell_viability,25.9,2,true
OBS-005214,C-00206,CDK4,biochemical_ic50,6472.9,3,true
OBS-005215,C-00704,PIK3CA,biochemical_ic50,464.3,2,true
OBS-005216,C-01362,CDK4,biochemical_ic50,3.6,1,true
OBS-005217,C-01365,MEK1,biochemical_ic50,105.0,3,true
OBS-005218,C-00378,KRAS-G12C,biochemical_ic50,154.0,3,true
OBS-005219,C-01449,CDK4,cell_viability,232.6,3,true
OBS-005220,C-02091,ALK,biochemical_ic50,37.9,2,true
OBS-005221,C-01949,JAK2,biochemical_ic50,331.5,1,true
OBS-005222,C-00685,CDK4,cell_viability,596.6,3,true
OBS-005223,C-01334,MEK1,biochemical_ic50,5432.0,3,true
OBS-005224,C-01692,MEK1,cell_viability,14493.0,3,true
OBS-005225,C-00082,PIK3CA,cell_viability,2.1,2,true
OBS-005226,C-00459,KRAS-G12C,cell_viability,263.8,2,true
OBS-005227,C-01591,BRAF,cell_viability,923.6,3,true
OBS-005228,C-01048,JAK2,biochemical_ic50,1.6,1,true
OBS-005229,C-02110,KRAS-G12C,cell_viability,24216.6,3,true
OBS-005230,C-02161,EGFR,biochemical_ic50,4.1,1,true
OBS-005231,C-01034,BRAF,cell_viability,89.4,1,true
OBS-005232,C-00146,MEK1,cell_viability,14068.2,1,true
OBS-005233,C-00489,EGFR,cell_viability,68.5,1,true
OBS-005234,C-00956,KRAS-G12C,cell_viability,1.3,1,true
OBS-005235,C-00643,ALK,biochemical_ic50,3813.2,1,true
OBS-005236,C-02313,ALK,biochemical_ic50,34.4,3,true
OBS-005237,C-01582,CDK4,cell_viability,8276.6,2,true
OBS-005238,C-00467,BRAF,biochemical_ic50,54.8,3,true
OBS-005239,C-00828,EGFR,cell_viability,2.5,3,true
OBS-005240,C-02187,EGFR,cell_viability,998.5,2,true
OBS-005241,C-01578,EGFR,cell_viability,1821.3,3,true
OBS-005242,C-01198,JAK2,cell_viability,23.2,2,true
OBS-005243,C-01629,EGFR,biochemical_ic50,9758.0,3,true
OBS-005244,C-01896,PIK3CA,biochemical_ic50,5.4,2,true
OBS-005245,C-00062,BRAF,cell_viability,19006.5,2,true
OBS-005246,C-00001,BRAF,cell_viability,16.4,1,true
OBS-005247,C-00943,PIK3CA,cell_viability,3172.6,1,true
OBS-005248,C-00140,KRAS-G12C,biochemical_ic50,18524.0,2,true
OBS-005249,C-01974,PIK3CA,cell_viability,23.7,2,true
OBS-005250,C-00766,KRAS-G12C,biochemical_ic50,2.6,3,true
OBS-005251,C-00905,MEK1,cell_viability,729.5,3,true
OBS-005252,C-01103,MEK1,cell_viability,43.0,3,true
OBS-005253,C-00993,PIK3CA,biochemical_ic50,700.2,1,true
OBS-005254,C-01197,ALK,cell_viability,16838.1,2,true
OBS-005255,C-01713,KRAS-G12C,biochemical_ic50,11263.6,3,true
OBS-005256,C-01948,KRAS-G12C,cell_viability,26847.4,3,true
OBS-005257,C-00826,MEK1,biochemical_ic50,4.0,1,true
OBS-005258,C-01978,PIK3CA,biochemical_ic50,13.6,3,true
OBS-005259,C-01358,CDK4,cell_viability,3.7,2,true
OBS-005260,C-01636,JAK2,biochemical_ic50,40448.1,3,true
OBS-005261,C-00099,PIK3CA,biochemical_ic50,6523.6,2,true
OBS-005262,C-01428,EGFR,cell_viability,40617.7,1,true
OBS-005263,C-01865,ALK,cell_viability,2272.4,3,true
OBS-005264,C-01186,PIK3CA,cell_viability,21.4,2,true
OBS-005265,C-00964,KRAS-G12C,cell_viability,3709.4,2,true
OBS-005266,C-00958,MEK1,cell_viability,8774.6,3,true
OBS-005267,C-02250,KRAS-G12C,biochemical_ic50,2.5,3,true
OBS-005268,C-01162,MEK1,cell_viability,8843.6,3,true
OBS-005269,C-01853,JAK2,biochemical_ic50,230.9,3,true
OBS-005270,C-01005,ALK,cell_viability,347.6,1,true
OBS-005271,C-00624,BRAF,biochemical_ic50,3468.5,1,true
OBS-005272,C-01828,ALK,biochemical_ic50,22774.5,3,true
OBS-005273,C-00847,CDK4,biochemical_ic50,1021.6,1,true
OBS-005274,C-01441,CDK4,cell_viability,280.0,1,true
OBS-005275,C-01906,BRAF,cell_viability,1.2,1,true
OBS-005276,C-01920,CDK4,biochemical_ic50,1159.4,2,true
OBS-005277,C-01610,BRAF,cell_viability,45.5,3,true
OBS-005278,C-00579,CDK4,biochemical_ic50,95.9,2,true
OBS-005279,C-00044,ALK,biochemical_ic50,372.1,2,true
OBS-005280,C-00878,PIK3CA,cell_viability,1.0,2,true
OBS-005281,C-00430,CDK4,cell_viability,3216.7,2,true
OBS-005282,C-01325,ALK,cell_viability,414.8,1,true
OBS-005283,C-02392,BRAF,cell_viability,696.1,3,true
OBS-005284,C-00691,CDK4,cell_viability,2510.7,2,true
OBS-005285,C-01790,CDK4,cell_viability,855.5,2,true
OBS-005286,C-01113,ALK,biochemical_ic50,6648.2,3,true
OBS-005287,C-00674,ALK,biochemical_ic50,4108.7,3,true
OBS-005288,C-01472,CDK4,biochemical_ic50,105.2,1,true
OBS-005289,C-01419,BRAF,cell_viability,4.7,3,true
OBS-005290,C-02165,PIK3CA,biochemical_ic50,2.7,2,true
OBS-005291,C-01003,ALK,biochemical_ic50,1.6,1,true
OBS-005292,C-00133,BRAF,cell_viability,801.9,2,true
OBS-005293,C-01012,CDK4,biochemical_ic50,6555.2,2,true
OBS-005294,C-01680,MEK1,cell_viability,4.4,2,true
OBS-005295,C-00426,EGFR,cell_viability,10.4,1,true
OBS-005296,C-00859,PIK3CA,cell_viability,17.5,3,true
OBS-005297,C-01619,EGFR,biochemical_ic50,87.5,3,true
OBS-005298,C-02154,PIK3CA,cell_viability,103.0,2,true
OBS-005299,C-01729,BRAF,biochemical_ic50,9.9,3,true
OBS-005300,C-01903,JAK2,biochemical_ic50,4.8,1,true
OBS-005301,C-01664,EGFR,biochemical_ic50,2609.0,2,true
OBS-005302,C-01857,PIK3CA,biochemical_ic50,449.4,1,true
OBS-005303,C-00931,BRAF,biochemical_ic50,55.6,1,true
OBS-005304,C-00546,ALK,cell_viability,11.9,1,true
OBS-005305,C-01569,JAK2,cell_viability,1316.1,1,true
OBS-005306,C-02108,BRAF,biochemical_ic50,7430.6,2,true
OBS-005307,C-01701,CDK4,cell_viability,1221.4,3,true
OBS-005308,C-01943,MEK1,biochemical_ic50,70.0,3,true
OBS-005309,C-00801,JAK2,biochemical_ic50,1634.6,2,true
OBS-005310,C-01941,MEK1,biochemical_ic50,15275.0,1,true
OBS-005311,C-02254,PIK3CA,biochemical_ic50,2655.8,2,true
OBS-005312,C-02090,BRAF,biochemical_ic50,70.0,3,true
OBS-005313,C-01919,EGFR,biochemical_ic50,376.7,3,true
OBS-005314,C-00508,PIK3CA,biochemical_ic50,18.3,1,true
OBS-005315,C-00276,KRAS-G12C,cell_viability,981.4,1,true
OBS-005316,C-01699,KRAS-G12C,biochemical_ic50,232.3,3,true
OBS-005317,C-02156,PIK3CA,cell_viability,703.9,1,true
OBS-005318,C-02315,ALK,biochemical_ic50,159.0,3,true
OBS-005319,C-01436,CDK4,cell_viability,5831.4,1,true
OBS-005320,C-00701,EGFR,cell_viability,1150.2,1,true
OBS-005321,C-02336,KRAS-G12C,cell_viability,17.9,3,true
OBS-005322,C-01178,JAK2,biochemical_ic50,3.1,3,true
OBS-005323,C-01110,KRAS-G12C,cell_viability,62.0,1,true
OBS-005324,C-01919,JAK2,biochemical_ic50,3529.7,3,true
OBS-005325,C-00688,ALK,biochemical_ic50,137.5,2,true
OBS-005326,C-02171,BRAF,biochemical_ic50,2872.6,2,true
OBS-005327,C-02075,JAK2,biochemical_ic50,8.3,2,true
OBS-005328,C-01811,CDK4,cell_viability,70.5,3,true
OBS-005329,C-02394,KRAS-G12C,biochemical_ic50,1249.1,2,true
OBS-005330,C-02258,KRAS-G12C,cell_viability,3803.3,1,true
OBS-005331,C-01209,MEK1,cell_viability,1054.8,2,true
OBS-005332,C-02196,KRAS-G12C,biochemical_ic50,19.5,2,true
OBS-005333,C-01100,PIK3CA,cell_viability,9362.2,2,true
OBS-005334,C-01000,PIK3CA,cell_viability,4383.7,1,true
OBS-005335,C-00738,ALK,biochemical_ic50,12213.5,1,true
OBS-005336,C-00806,ALK,biochemical_ic50,433.2,1,true
OBS-005337,C-02120,EGFR,cell_viability,23.9,3,true
OBS-005338,C-00655,KRAS-G12C,cell_viability,176.0,2,true
OBS-005339,C-01791,JAK2,cell_viability,339.9,3,true
OBS-005340,C-02171,BRAF,biochemical_ic50,101.6,1,true
OBS-005341,C-00972,EGFR,biochemical_ic50,10153.8,3,true
OBS-005342,C-01833,BRAF,cell_viability,3.1,1,true
OBS-005343,C-00364,EGFR,biochemical_ic50,3499.4,1,true
OBS-005344,C-01517,MEK1,cell_viability,108.3,3,true
OBS-005345,C-01629,EGFR,cell_viability,11.2,3,true
OBS-005346,C-00782,CDK4,biochemical_ic50,5281.9,1,true
OBS-005347,C-00259,PIK3CA,biochemical_ic50,2266.8,2,true
OBS-005348,C-00249,ALK,biochemical_ic50,231.5,3,true
OBS-005349,C-02205,EGFR,biochemical_ic50,4.3,2,true
OBS-005350,C-00816,BRAF,biochemical_ic50,6579.1,3,true
OBS-005351,C-00475,CDK4,biochemical_ic50,50.0,2,true
OBS-005352,C-00980,BRAF,biochemical_ic50,2003.7,3,true
OBS-005353,C-00098,BRAF,cell_viability,5.5,2,true
OBS-005354,C-00089,PIK3CA,cell_viability,809.4,3,true
OBS-005355,C-01233,ALK,biochemical_ic50,838.3,1,true
OBS-005356,C-00444,BRAF,biochemical_ic50,4.6,1,true
OBS-005357,C-00749,MEK1,cell_viability,42146.1,3,true
OBS-005358,C-01104,KRAS-G12C,cell_viability,233.1,2,true
OBS-005359,C-00961,KRAS-G12C,cell_viability,1.7,2,true
OBS-005360,C-00440,CDK4,cell_viability,1.8,2,true
OBS-005361,C-01453,JAK2,biochemical_ic50,89.7,1,true
OBS-005362,C-00949,MEK1,cell_viability,18.7,3,true
OBS-005363,C-00966,KRAS-G12C,cell_viability,3.3,3,true
OBS-005364,C-01521,ALK,cell_viability,23.1,1,true
OBS-005365,C-01818,MEK1,biochemical_ic50,8601.1,1,true
OBS-005366,C-00002,EGFR,biochemical_ic50,1766.4,2,true
OBS-005367,C-01915,KRAS-G12C,cell_viability,10632.4,3,true
OBS-005368,C-00067,EGFR,cell_viability,964.3,2,true
OBS-005369,C-01676,EGFR,cell_viability,3677.8,1,true
OBS-005370,C-01971,BRAF,cell_viability,2.5,1,true
OBS-005371,C-02338,JAK2,biochemical_ic50,60.7,3,true
OBS-005372,C-00253,MEK1,cell_viability,78.6,2,true
OBS-005373,C-02300,KRAS-G12C,biochemical_ic50,252.4,3,true
OBS-005374,C-01133,ALK,cell_viability,65.6,1,true
OBS-005375,C-02050,CDK4,biochemical_ic50,618.0,1,true
OBS-005376,C-00789,KRAS-G12C,biochemical_ic50,1948.9,2,true
OBS-005377,C-02130,JAK2,biochemical_ic50,5.2,3,true
OBS-005378,C-00724,JAK2,cell_viability,19881.8,1,true
OBS-005379,C-01835,BRAF,biochemical_ic50,278.4,1,true
OBS-005380,C-00555,MEK1,cell_viability,3.2,2,true
OBS-005381,C-01953,BRAF,biochemical_ic50,7448.6,3,true
OBS-005382,C-00567,JAK2,biochemical_ic50,2.3,1,true
OBS-005383,C-02109,MEK1,biochemical_ic50,17917.2,1,true
OBS-005384,C-00263,KRAS-G12C,biochemical_ic50,11416.4,3,true
OBS-005385,C-02156,ALK,biochemical_ic50,11.1,3,true
OBS-005386,C-00310,PIK3CA,biochemical_ic50,5.8,3,true
OBS-005387,C-00990,KRAS-G12C,biochemical_ic50,81.5,3,true
OBS-005388,C-02181,JAK2,biochemical_ic50,32976.9,3,true
OBS-005389,C-01045,CDK4,cell_viability,46706.4,2,true
OBS-005390,C-00742,MEK1,biochemical_ic50,15.0,3,true
OBS-005391,C-01835,ALK,biochemical_ic50,8.6,3,true
OBS-005392,C-01135,MEK1,biochemical_ic50,75.3,1,true
OBS-005393,C-02292,KRAS-G12C,biochemical_ic50,16.7,3,true
OBS-005394,C-00817,ALK,cell_viability,4545.4,3,true
OBS-005395,C-02284,MEK1,cell_viability,35914.0,1,true
OBS-005396,C-02113,JAK2,biochemical_ic50,3.9,3,true
OBS-005397,C-00701,CDK4,cell_viability,429.5,3,true
OBS-005398,C-00523,CDK4,biochemical_ic50,47116.8,2,true
OBS-005399,C-00343,CDK4,biochemical_ic50,215.0,3,true
OBS-005400,C-01914,CDK4,biochemical_ic50,2.7,1,true
OBS-005401,C-00553,CDK4,biochemical_ic50,2.4,2,true
OBS-005402,C-02340,PIK3CA,biochemical_ic50,2.5,2,true
OBS-005403,C-01451,BRAF,cell_viability,1106.3,2,true
OBS-005404,C-01304,MEK1,biochemical_ic50,30.1,1,true
OBS-005405,C-01608,EGFR,cell_viability,26574.1,2,true
OBS-005406,C-02324,BRAF,biochemical_ic50,26834.1,3,true
OBS-005407,C-00349,CDK4,cell_viability,26222.7,2,true
OBS-005408,C-00012,MEK1,cell_viability,9270.0,2,true
OBS-005409,C-01729,MEK1,cell_viability,78.5,2,true
OBS-005410,C-01667,KRAS-G12C,cell_viability,181.2,2,true
OBS-005411,C-01982,PIK3CA,biochemical_ic50,28.6,1,true
OBS-005412,C-01800,KRAS-G12C,cell_viability,1.4,3,true
OBS-005413,C-00245,JAK2,biochemical_ic50,1114.8,1,true
OBS-005414,C-01536,MEK1,biochemical_ic50,2.7,2,true
OBS-005415,C-01233,MEK1,biochemical_ic50,12407.4,3,true
OBS-005416,C-02347,CDK4,cell_viability,10.5,1,true
OBS-005417,C-00808,BRAF,cell_viability,8.5,3,true
OBS-005418,C-02275,PIK3CA,cell_viability,26.3,1,true
OBS-005419,C-02236,JAK2,biochemical_ic50,478.1,2,true
OBS-005420,C-00901,ALK,biochemical_ic50,20291.0,1,true
OBS-005421,C-00176,CDK4,cell_viability,158.9,1,true
OBS-005422,C-02254,JAK2,cell_viability,29.8,1,true
OBS-005423,C-01242,CDK4,biochemical_ic50,36539.8,2,true
OBS-005424,C-02245,PIK3CA,cell_viability,38376.5,1,true
OBS-005425,C-01911,PIK3CA,biochemical_ic50,15235.3,3,true
OBS-005426,C-00697,KRAS-G12C,cell_viability,4952.4,1,true
OBS-005427,C-01189,BRAF,cell_viability,1.0,2,true
OBS-005428,C-02249,BRAF,biochemical_ic50,5017.6,1,true
OBS-005429,C-00401,ALK,biochemical_ic50,3003.3,3,true
OBS-005430,C-01533,BRAF,biochemical_ic50,1002.5,1,true
OBS-005431,C-02163,MEK1,cell_viability,4061.0,1,true
OBS-005432,C-01467,EGFR,cell_viability,88.7,2,true
OBS-005433,C-01779,CDK4,biochemical_ic50,1939.0,1,true
OBS-005434,C-00578,KRAS-G12C,cell_viability,6.9,3,true
OBS-005435,C-01425,MEK1,biochemical_ic50,5.4,2,true
OBS-005436,C-02107,ALK,biochemical_ic50,34173.0,2,true
OBS-005437,C-00536,PIK3CA,cell_viability,18.9,3,true
OBS-005438,C-00361,ALK,biochemical_ic50,1.0,2,true
OBS-005439,C-02103,CDK4,biochemical_ic50,31121.6,3,true
OBS-005440,C-00077,KRAS-G12C,biochemical_ic50,14.8,1,true
OBS-005441,C-02312,KRAS-G12C,cell_viability,4.6,1,true
OBS-005442,C-00051,MEK1,cell_viability,184.5,2,true
OBS-005443,C-00979,ALK,cell_viability,2011.5,3,true
OBS-005444,C-00307,PIK3CA,cell_viability,8998.6,2,true
OBS-005445,C-01518,BRAF,cell_viability,29055.8,3,true
OBS-005446,C-00002,CDK4,biochemical_ic50,1.1,3,true
OBS-005447,C-01609,MEK1,biochemical_ic50,11694.7,1,true
OBS-005448,C-00138,PIK3CA,cell_viability,4162.8,3,true
OBS-005449,C-00131,ALK,cell_viability,3948.5,1,true
OBS-005450,C-02079,MEK1,biochemical_ic50,555.1,1,true
OBS-005451,C-00042,BRAF,biochemical_ic50,12.8,3,true
OBS-005452,C-01439,BRAF,biochemical_ic50,15390.8,2,true
OBS-005453,C-02315,KRAS-G12C,cell_viability,3.7,1,true
OBS-005454,C-02256,MEK1,biochemical_ic50,11.7,2,true
OBS-005455,C-01974,ALK,cell_viability,1385.9,1,true
OBS-005456,C-00088,EGFR,biochemical_ic50,35842.3,1,true
OBS-005457,C-00213,ALK,biochemical_ic50,3.8,1,true
OBS-005458,C-00610,EGFR,biochemical_ic50,6.2,2,true
OBS-005459,C-02292,KRAS-G12C,biochemical_ic50,4.1,1,true
OBS-005460,C-01690,KRAS-G12C,biochemical_ic50,2237.2,3,true
OBS-005461,C-00616,ALK,cell_viability,1530.7,2,true
OBS-005462,C-00258,KRAS-G12C,cell_viability,6581.4,2,true
OBS-005463,C-01289,MEK1,cell_viability,144.5,1,true
OBS-005464,C-01014,EGFR,cell_viability,2522.1,3,true
OBS-005465,C-01764,MEK1,biochemical_ic50,319.7,1,true
OBS-005466,C-01280,PIK3CA,cell_viability,2062.0,1,true
OBS-005467,C-01578,BRAF,cell_viability,11.2,2,true
OBS-005468,C-00053,MEK1,cell_viability,1038.6,1,true
OBS-005469,C-00013,MEK1,biochemical_ic50,9.5,1,true
OBS-005470,C-00869,KRAS-G12C,biochemical_ic50,8.1,3,true
OBS-005471,C-00623,MEK1,biochemical_ic50,1708.3,3,true
OBS-005472,C-02373,EGFR,cell_viability,4.1,2,true
OBS-005473,C-00224,EGFR,biochemical_ic50,6551.1,3,true
OBS-005474,C-02273,KRAS-G12C,biochemical_ic50,28.2,1,true
OBS-005475,C-00093,BRAF,biochemical_ic50,1.5,3,true
OBS-005476,C-01407,EGFR,cell_viability,51.2,1,true
OBS-005477,C-00985,KRAS-G12C,biochemical_ic50,12160.5,3,true
OBS-005478,C-00512,CDK4,biochemical_ic50,1.1,3,true
OBS-005479,C-00799,EGFR,biochemical_ic50,1822.3,2,true
OBS-005480,C-00094,EGFR,cell_viability,525.7,1,true
OBS-005481,C-00066,CDK4,cell_viability,22.7,3,true
OBS-005482,C-02382,ALK,biochemical_ic50,504.2,1,true
OBS-005483,C-02196,MEK1,biochemical_ic50,15065.2,3,true
OBS-005484,C-00786,EGFR,biochemical_ic50,459.5,3,true
OBS-005485,C-00309,EGFR,cell_viability,463.1,2,true
OBS-005486,C-02011,KRAS-G12C,cell_viability,174.6,2,true
OBS-005487,C-00403,KRAS-G12C,biochemical_ic50,3288.3,1,true
OBS-005488,C-01368,KRAS-G12C,cell_viability,37102.8,3,true
OBS-005489,C-00560,BRAF,cell_viability,563.9,2,true
OBS-005490,C-02072,EGFR,biochemical_ic50,185.1,2,true
OBS-005491,C-01500,JAK2,cell_viability,19.5,2,true
OBS-005492,C-01759,MEK1,biochemical_ic50,4466.7,2,true
OBS-005493,C-00842,BRAF,cell_viability,663.5,2,true
OBS-005494,C-01208,BRAF,biochemical_ic50,2054.9,2,true
OBS-005495,C-01452,EGFR,cell_viability,34953.6,2,true
OBS-005496,C-01429,JAK2,biochemical_ic50,4.0,2,true
OBS-005497,C-00765,JAK2,cell_viability,1.5,2,true
OBS-005498,C-02361,CDK4,cell_viability,2.6,2,true
OBS-005499,C-01552,EGFR,cell_viability,1.0,3,true
OBS-005500,C-00718,PIK3CA,cell_viability,3763.7,1,true
OBS-005501,C-02176,BRAF,cell_viability,4.7,2,true
OBS-005502,C-02314,KRAS-G12C,cell_viability,49.2,3,true
OBS-005503,C-02137,JAK2,biochemical_ic50,4.9,2,true
OBS-005504,C-01653,BRAF,cell_viability,9.7,2,true
OBS-005505,C-02128,MEK1,cell_viability,414.8,2,true
OBS-005506,C-00426,BRAF,biochemical_ic50,56.8,1,true
OBS-005507,C-00961,JAK2,cell_viability,35.0,1,true
OBS-005508,C-00110,KRAS-G12C,biochemical_ic50,43.3,3,true
OBS-005509,C-01803,BRAF,cell_viability,39458.2,1,true
OBS-005510,C-00458,BRAF,cell_viability,15.8,2,true
OBS-005511,C-01278,BRAF,cell_viability,4.5,1,true
OBS-005512,C-01819,BRAF,biochemical_ic50,5.4,3,true
OBS-005513,C-01746,BRAF,cell_viability,316.2,3,true
OBS-005514,C-01122,MEK1,biochemical_ic50,2841.1,2,true
OBS-005515,C-01277,ALK,cell_viability,9.5,2,true
OBS-005516,C-01597,PIK3CA,cell_viability,9.1,2,true
OBS-005517,C-01059,CDK4,cell_viability,4554.2,1,true
OBS-005518,C-00875,ALK,biochemical_ic50,968.9,2,true
OBS-005519,C-00314,ALK,biochemical_ic50,2.8,2,true
OBS-005520,C-00304,MEK1,cell_viability,34.6,1,true
OBS-005521,C-01836,JAK2,cell_viability,1.8,1,true
OBS-005522,C-00875,JAK2,biochemical_ic50,8.0,3,true
OBS-005523,C-01273,ALK,cell_viability,27.6,3,true
OBS-005524,C-01183,PIK3CA,biochemical_ic50,49.6,2,true
OBS-005525,C-00908,PIK3CA,biochemical_ic50,13548.3,2,true
OBS-005526,C-01724,BRAF,biochemical_ic50,274.3,1,true
OBS-005527,C-01692,PIK3CA,biochemical_ic50,275.2,3,true
OBS-005528,C-00425,PIK3CA,biochemical_ic50,1.1,2,true
OBS-005529,C-00487,MEK1,biochemical_ic50,3787.2,2,true
OBS-005530,C-00027,EGFR,biochemical_ic50,15266.7,1,true
OBS-005531,C-01279,KRAS-G12C,cell_viability,37994.2,2,true
OBS-005532,C-00052,PIK3CA,cell_viability,2738.5,2,true
OBS-005533,C-01035,CDK4,biochemical_ic50,33070.8,2,true
OBS-005534,C-00731,KRAS-G12C,biochemical_ic50,12.5,1,true
OBS-005535,C-02354,BRAF,biochemical_ic50,4.5,3,true
OBS-005536,C-02385,JAK2,cell_viability,30633.6,3,true
OBS-005537,C-01539,JAK2,cell_viability,6.4,2,true
OBS-005538,C-00955,EGFR,biochemical_ic50,14.7,3,true
OBS-005539,C-01443,JAK2,cell_viability,230.8,3,true
OBS-005540,C-01915,CDK4,cell_viability,2371.7,2,true
OBS-005541,C-01115,EGFR,biochemical_ic50,49835.0,1,true
OBS-005542,C-01497,JAK2,biochemical_ic50,1180.7,3,true
OBS-005543,C-00392,JAK2,cell_viability,14.3,2,true
OBS-005544,C-00404,BRAF,cell_viability,47.3,3,true
OBS-005545,C-01001,EGFR,biochemical_ic50,29886.3,1,true
OBS-005546,C-01733,CDK4,cell_viability,38668.3,2,true
OBS-005547,C-00752,ALK,biochemical_ic50,21056.8,2,true
OBS-005548,C-01911,MEK1,biochemical_ic50,207.0,2,true
OBS-005549,C-01335,PIK3CA,biochemical_ic50,3.9,1,true
OBS-005550,C-01038,MEK1,biochemical_ic50,10334.0,2,true
OBS-005551,C-01317,KRAS-G12C,cell_viability,10390.2,3,true
OBS-005552,C-00034,CDK4,biochemical_ic50,1.5,1,true
OBS-005553,C-01401,BRAF,cell_viability,6.6,3,true
OBS-005554,C-01322,EGFR,cell_viability,390.0,2,true
OBS-005555,C-02057,BRAF,biochemical_ic50,752.6,1,true
OBS-005556,C-00300,EGFR,cell_viability,4.7,2,true
OBS-005557,C-00494,ALK,biochemical_ic50,248.6,2,true
OBS-005558,C-01418,PIK3CA,biochemical_ic50,4.4,1,true
OBS-005559,C-00451,MEK1,cell_viability,17.8,1,true
OBS-005560,C-00083,CDK4,cell_viability,3171.0,3,true
OBS-005561,C-01835,MEK1,cell_viability,123.1,2,true
OBS-005562,C-00970,JAK2,cell_viability,373.0,2,true
OBS-005563,C-00628,PIK3CA,biochemical_ic50,19170.3,3,true
OBS-005564,C-01851,ALK,biochemical_ic50,5.9,3,true
OBS-005565,C-01334,CDK4,cell_viability,529.5,2,true
OBS-005566,C-00549,JAK2,cell_viability,874.1,2,true
OBS-005567,C-00743,JAK2,cell_viability,24204.5,1,true
OBS-005568,C-00874,BRAF,cell_viability,1825.3,1,true
OBS-005569,C-01278,KRAS-G12C,cell_viability,3.1,3,true
OBS-005570,C-01463,PIK3CA,cell_viability,3.9,2,true
OBS-005571,C-00282,EGFR,cell_viability,6.5,2,true
OBS-005572,C-00299,JAK2,biochemical_ic50,13.4,2,true
OBS-005573,C-01268,ALK,cell_viability,4.4,3,true
OBS-005574,C-01250,CDK4,cell_viability,81.9,1,true
OBS-005575,C-00014,PIK3CA,biochemical_ic50,14.1,3,true
OBS-005576,C-00115,ALK,biochemical_ic50,1.6,3,true
OBS-005577,C-02350,JAK2,biochemical_ic50,13.5,3,true
OBS-005578,C-01920,MEK1,biochemical_ic50,8.0,1,true
OBS-005579,C-00358,PIK3CA,cell_viability,24291.2,3,true
OBS-005580,C-00167,EGFR,biochemical_ic50,1566.4,2,true
OBS-005581,C-01946,KRAS-G12C,cell_viability,1002.8,1,true
OBS-005582,C-01379,CDK4,cell_viability,13311.6,1,true
OBS-005583,C-00391,KRAS-G12C,cell_viability,34.1,3,true
OBS-005584,C-00261,PIK3CA,cell_viability,37819.5,3,true
OBS-005585,C-01407,KRAS-G12C,cell_viability,2.6,3,true
OBS-005586,C-01676,EGFR,biochemical_ic50,8.4,2,true
OBS-005587,C-02170,MEK1,biochemical_ic50,4503.4,2,true
OBS-005588,C-00862,JAK2,biochemical_ic50,84.0,2,true
OBS-005589,C-01817,ALK,cell_viability,723.3,2,true
OBS-005590,C-00849,PIK3CA,cell_viability,9409.6,2,true
OBS-005591,C-01038,BRAF,cell_viability,37492.5,1,true
OBS-005592,C-01065,CDK4,biochemical_ic50,14629.1,2,true
OBS-005593,C-00934,ALK,biochemical_ic50,30628.0,2,true
OBS-005594,C-02310,MEK1,biochemical_ic50,2287.2,2,true
OBS-005595,C-00366,KRAS-G12C,biochemical_ic50,4246.8,2,true
OBS-005596,C-02234,KRAS-G12C,biochemical_ic50,33.2,2,true
OBS-005597,C-00476,CDK4,biochemical_ic50,1778.3,2,true
OBS-005598,C-01143,KRAS-G12C,cell_viability,933.6,1,true
OBS-005599,C-00333,EGFR,biochemical_ic50,24.3,1,true
OBS-005600,C-01945,ALK,biochemical_ic50,6083.0,3,true
OBS-005601,C-00624,PIK3CA,cell_viability,8144.4,2,true
OBS-005602,C-00991,EGFR,cell_viability,130.6,1,true
OBS-005603,C-00758,ALK,cell_viability,2.0,1,true
OBS-005604,C-02322,MEK1,cell_viability,37328.6,1,true
OBS-005605,C-00475,KRAS-G12C,cell_viability,6804.5,1,true
OBS-005606,C-00442,ALK,cell_viability,13467.3,1,true
OBS-005607,C-00705,MEK1,cell_viability,238.1,3,true
OBS-005608,C-00555,PIK3CA,cell_viability,7799.7,3,true
OBS-005609,C-00458,CDK4,cell_viability,233.6,1,true
OBS-005610,C-00184,ALK,cell_viability,17.1,2,true
OBS-005611,C-00643,BRAF,biochemical_ic50,8.0,3,true
OBS-005612,C-01885,BRAF,biochemical_ic50,24330.6,3,true
OBS-005613,C-01221,CDK4,cell_viability,1.1,2,true
OBS-005614,C-02239,PIK3CA,cell_viability,1.5,3,true
OBS-005615,C-00180,ALK,biochemical_ic50,1098.8,3,true
OBS-005616,C-01396,CDK4,cell_viability,4.0,1,true
OBS-005617,C-00134,CDK4,biochemical_ic50,1.7,2,true
OBS-005618,C-01294,CDK4,cell_viability,1.5,1,true
OBS-005619,C-01627,MEK1,cell_viability,16358.7,1,true
OBS-005620,C-00320,KRAS-G12C,cell_viability,1.6,1,true
OBS-005621,C-01997,PIK3CA,biochemical_ic50,27.1,2,true
OBS-005622,C-01219,CDK4,biochemical_ic50,2.7,1,true
OBS-005623,C-00803,EGFR,biochemical_ic50,34024.0,3,true
OBS-005624,C-01374,MEK1,cell_viability,93.0,2,true
OBS-005625,C-01789,JAK2,cell_viability,5878.7,1,true
OBS-005626,C-00701,EGFR,biochemical_ic50,23746.5,2,true
OBS-005627,C-02248,BRAF,cell_viability,22041.2,3,true
OBS-005628,C-02041,ALK,cell_viability,13470.3,3,true
OBS-005629,C-01707,BRAF,biochemical_ic50,22.9,3,true
OBS-005630,C-00032,ALK,biochemical_ic50,9.1,3,true
OBS-005631,C-01881,JAK2,cell_viability,2.6,2,true
OBS-005632,C-01471,MEK1,cell_viability,10.3,1,true
OBS-005633,C-00804,KRAS-G12C,biochemical_ic50,7.8,2,true
OBS-005634,C-01594,KRAS-G12C,biochemical_ic50,214.7,3,true
OBS-005635,C-02309,CDK4,biochemical_ic50,6485.5,1,true
OBS-005636,C-01312,ALK,cell_viability,59.6,1,true
OBS-005637,C-00656,ALK,cell_viability,1.7,3,true
OBS-005638,C-00954,PIK3CA,biochemical_ic50,15730.6,1,true
OBS-005639,C-00192,BRAF,biochemical_ic50,1311.9,2,true
OBS-005640,C-00967,ALK,cell_viability,283.7,2,true
OBS-005641,C-02180,KRAS-G12C,biochemical_ic50,1257.9,3,true
OBS-005642,C-01219,BRAF,biochemical_ic50,125.4,1,true
OBS-005643,C-00865,JAK2,cell_viability,9636.7,2,true
OBS-005644,C-01324,BRAF,biochemical_ic50,4.3,1,true
OBS-005645,C-01106,BRAF,cell_viability,651.5,2,true
OBS-005646,C-02174,PIK3CA,biochemical_ic50,4.3,3,true
OBS-005647,C-01818,CDK4,cell_viability,33.7,1,true
OBS-005648,C-02096,CDK4,biochemical_ic50,90.4,2,true
OBS-005649,C-01518,ALK,cell_viability,1.3,3,true
OBS-005650,C-01567,EGFR,biochemical_ic50,8807.4,2,true
OBS-005651,C-01075,ALK,biochemical_ic50,1.3,2,true
OBS-005652,C-00641,BRAF,biochemical_ic50,4327.1,1,true
OBS-005653,C-00741,CDK4,cell_viability,8.2,3,true
OBS-005654,C-01197,JAK2,cell_viability,6.0,2,true
OBS-005655,C-00621,MEK1,biochemical_ic50,20.3,3,true
OBS-005656,C-01774,KRAS-G12C,biochemical_ic50,11379.2,3,true
OBS-005657,C-01004,BRAF,biochemical_ic50,628.0,1,true
OBS-005658,C-01753,ALK,cell_viability,38.9,2,true
OBS-005659,C-01211,ALK,biochemical_ic50,35.1,1,true
OBS-005660,C-01640,PIK3CA,biochemical_ic50,2863.5,2,true
OBS-005661,C-00268,MEK1,cell_viability,3910.2,1,true
OBS-005662,C-01838,CDK4,cell_viability,10.9,1,true
OBS-005663,C-00117,PIK3CA,biochemical_ic50,7554.6,1,true
OBS-005664,C-00851,CDK4,biochemical_ic50,57.4,1,true
OBS-005665,C-00665,BRAF,biochemical_ic50,22.3,1,true
OBS-005666,C-00782,EGFR,biochemical_ic50,18878.4,2,true
OBS-005667,C-02017,JAK2,cell_viability,74.5,3,true
OBS-005668,C-01984,BRAF,cell_viability,5413.8,2,true
OBS-005669,C-00020,BRAF,cell_viability,40408.2,2,true
OBS-005670,C-00204,EGFR,biochemical_ic50,136.2,2,true
OBS-005671,C-00283,KRAS-G12C,cell_viability,2598.5,1,true
OBS-005672,C-00805,EGFR,biochemical_ic50,2861.4,1,true
OBS-005673,C-00961,ALK,cell_viability,40.6,3,true
OBS-005674,C-01912,CDK4,biochemical_ic50,56.7,2,true
OBS-005675,C-00165,MEK1,cell_viability,40922.6,2,true
OBS-005676,C-01409,KRAS-G12C,biochemical_ic50,68.7,3,true
OBS-005677,C-02131,KRAS-G12C,cell_viability,157.5,2,true
OBS-005678,C-01958,PIK3CA,biochemical_ic50,135.7,1,true
OBS-005679,C-00780,EGFR,biochemical_ic50,7.7,1,true
OBS-005680,C-00388,KRAS-G12C,biochemical_ic50,5.7,1,true
OBS-005681,C-00993,EGFR,biochemical_ic50,4.0,3,true
OBS-005682,C-01458,BRAF,biochemical_ic50,30.3,1,true
OBS-005683,C-02129,KRAS-G12C,cell_viability,8.6,2,true
OBS-005684,C-02236,KRAS-G12C,biochemical_ic50,25.0,3,true
OBS-005685,C-00654,KRAS-G12C,cell_viability,48.1,2,true
OBS-005686,C-01169,CDK4,cell_viability,72.5,2,true
OBS-005687,C-00506,PIK3CA,biochemical_ic50,20.1,2,true
OBS-005688,C-01225,MEK1,cell_viability,700.9,3,true
OBS-005689,C-00271,ALK,cell_viability,13923.6,2,true
OBS-005690,C-01149,ALK,biochemical_ic50,3.6,2,true
OBS-005691,C-01450,JAK2,cell_viability,112.9,1,true
OBS-005692,C-01167,PIK3CA,cell_viability,2.0,1,true
OBS-005693,C-00157,MEK1,cell_viability,2.0,2,true
OBS-005694,C-02334,KRAS-G12C,biochemical_ic50,1444.2,2,true
OBS-005695,C-00972,JAK2,biochemical_ic50,1608.4,2,true
OBS-005696,C-01223,JAK2,biochemical_ic50,17.7,2,true
OBS-005697,C-01705,JAK2,biochemical_ic50,1040.2,3,true
OBS-005698,C-00372,KRAS-G12C,cell_viability,6.8,2,true
OBS-005699,C-01226,BRAF,cell_viability,18146.4,2,true
OBS-005700,C-01324,BRAF,biochemical_ic50,168.6,3,true
OBS-005701,C-02160,ALK,cell_viability,294.3,2,true
OBS-005702,C-01490,JAK2,biochemical_ic50,1.4,1,true
OBS-005703,C-01715,PIK3CA,cell_viability,1491.7,3,true
OBS-005704,C-00847,CDK4,cell_viability,642.1,3,true
OBS-005705,C-01307,KRAS-G12C,biochemical_ic50,60.0,1,true
OBS-005706,C-00324,PIK3CA,cell_viability,4638.3,1,true
OBS-005707,C-01534,BRAF,biochemical_ic50,8.4,3,true
OBS-005708,C-00885,CDK4,cell_viability,3.1,3,true
OBS-005709,C-00391,MEK1,biochemical_ic50,8440.1,1,true
OBS-005710,C-00242,ALK,cell_viability,2.4,3,true
OBS-005711,C-02287,JAK2,biochemical_ic50,76.5,3,true
OBS-005712,C-02177,ALK,cell_viability,1136.8,3,true
OBS-005713,C-00091,BRAF,cell_viability,5325.2,3,true
OBS-005714,C-01630,JAK2,biochemical_ic50,107.4,2,true
OBS-005715,C-01443,BRAF,cell_viability,1207.3,3,true
OBS-005716,C-01971,CDK4,cell_viability,2.7,1,true
OBS-005717,C-01939,MEK1,biochemical_ic50,2.1,1,true
OBS-005718,C-01671,EGFR,cell_viability,8.1,2,true
OBS-005719,C-01380,KRAS-G12C,biochemical_ic50,3.1,1,true
OBS-005720,C-00322,CDK4,cell_viability,186.7,3,true
OBS-005721,C-00087,BRAF,cell_viability,95.6,3,true
OBS-005722,C-01974,ALK,cell_viability,4647.9,2,true
OBS-005723,C-02074,MEK1,cell_viability,649.4,1,true
OBS-005724,C-02242,EGFR,cell_viability,1.6,2,true
OBS-005725,C-01960,ALK,cell_viability,1516.3,3,true
OBS-005726,C-01366,MEK1,biochemical_ic50,31304.7,2,true
OBS-005727,C-01933,EGFR,cell_viability,17.4,3,true
OBS-005728,C-00848,ALK,cell_viability,4792.1,3,true
OBS-005729,C-01569,ALK,cell_viability,16.2,3,true
OBS-005730,C-00092,CDK4,biochemical_ic50,5753.9,2,true
OBS-005731,C-01157,JAK2,biochemical_ic50,2992.0,3,true
OBS-005732,C-02366,CDK4,cell_viability,3727.2,2,true
OBS-005733,C-01869,BRAF,cell_viability,1.2,2,true
OBS-005734,C-01821,EGFR,cell_viability,87.0,3,true
OBS-005735,C-00067,ALK,cell_viability,10.6,3,true
OBS-005736,C-01253,PIK3CA,cell_viability,151.3,1,true
OBS-005737,C-02096,JAK2,biochemical_ic50,10.5,1,true
OBS-005738,C-01009,MEK1,cell_viability,37380.4,3,true
OBS-005739,C-00164,ALK,biochemical_ic50,13.8,3,true
OBS-005740,C-00057,BRAF,biochemical_ic50,7023.7,2,true
OBS-005741,C-01223,EGFR,cell_viability,26.2,1,true
OBS-005742,C-00847,BRAF,cell_viability,16315.2,3,true
OBS-005743,C-01441,EGFR,cell_viability,11.4,2,true
OBS-005744,C-02111,EGFR,biochemical_ic50,4.7,1,true
OBS-005745,C-00393,BRAF,cell_viability,34.2,1,true
OBS-005746,C-01088,MEK1,biochemical_ic50,1065.8,2,true
OBS-005747,C-01213,JAK2,cell_viability,5.3,3,true
OBS-005748,C-01778,MEK1,biochemical_ic50,14.3,1,true
OBS-005749,C-00871,JAK2,biochemical_ic50,6077.1,1,true
OBS-005750,C-00465,BRAF,biochemical_ic50,24.2,3,true
OBS-005751,C-01104,ALK,cell_viability,1.1,3,true
OBS-005752,C-01743,CDK4,cell_viability,1719.6,2,true
OBS-005753,C-01711,PIK3CA,biochemical_ic50,3.2,1,true
OBS-005754,C-00109,BRAF,biochemical_ic50,3932.8,3,true
OBS-005755,C-01577,BRAF,biochemical_ic50,40841.0,2,true
OBS-005756,C-01714,EGFR,biochemical_ic50,278.1,2,true
OBS-005757,C-00413,ALK,biochemical_ic50,93.1,3,true
OBS-005758,C-00949,PIK3CA,biochemical_ic50,9868.4,1,true
OBS-005759,C-01314,JAK2,biochemical_ic50,47.0,1,true
OBS-005760,C-00706,BRAF,biochemical_ic50,117.1,2,true
OBS-005761,C-00810,PIK3CA,cell_viability,4.4,2,true
OBS-005762,C-00011,PIK3CA,cell_viability,33.0,1,true
OBS-005763,C-01286,PIK3CA,biochemical_ic50,19901.5,2,true
OBS-005764,C-01604,KRAS-G12C,cell_viability,11.1,2,true
OBS-005765,C-00520,ALK,biochemical_ic50,92.7,2,true
OBS-005766,C-00376,BRAF,biochemical_ic50,2208.4,3,true
OBS-005767,C-01088,KRAS-G12C,biochemical_ic50,8786.3,2,true
OBS-005768,C-00323,PIK3CA,cell_viability,1273.6,1,true
OBS-005769,C-01865,JAK2,biochemical_ic50,4.8,2,true
OBS-005770,C-01607,KRAS-G12C,biochemical_ic50,2.1,1,true
OBS-005771,C-02007,EGFR,cell_viability,105.0,1,true
OBS-005772,C-01449,BRAF,cell_viability,1554.9,2,true
OBS-005773,C-00417,EGFR,biochemical_ic50,231.4,3,true
OBS-005774,C-01882,ALK,cell_viability,2926.6,3,true
OBS-005775,C-00817,EGFR,cell_viability,2.9,1,true
OBS-005776,C-00902,MEK1,cell_viability,322.6,2,true
OBS-005777,C-01087,BRAF,biochemical_ic50,60.2,3,true
OBS-005778,C-00682,BRAF,biochemical_ic50,6638.0,3,true
OBS-005779,C-02311,KRAS-G12C,biochemical_ic50,1.3,2,true
OBS-005780,C-01784,KRAS-G12C,cell_viability,1.5,2,true
OBS-005781,C-00315,EGFR,biochemical_ic50,6559.7,3,true
OBS-005782,C-00860,JAK2,biochemical_ic50,3.7,3,true
OBS-005783,C-00072,JAK2,cell_viability,18.8,1,true
OBS-005784,C-02256,CDK4,biochemical_ic50,11295.0,1,true
OBS-005785,C-00567,CDK4,biochemical_ic50,29570.3,3,true
OBS-005786,C-00559,EGFR,biochemical_ic50,17.4,1,true
OBS-005787,C-01689,KRAS-G12C,biochemical_ic50,28952.5,3,true
OBS-005788,C-02382,JAK2,biochemical_ic50,4505.3,1,true
OBS-005789,C-00634,ALK,biochemical_ic50,6559.6,3,true
OBS-005790,C-00247,CDK4,biochemical_ic50,5.8,3,true
OBS-005791,C-02098,PIK3CA,cell_viability,699.3,2,true
OBS-005792,C-00947,MEK1,biochemical_ic50,1.4,1,true
OBS-005793,C-01788,MEK1,biochemical_ic50,4454.9,2,true
OBS-005794,C-00525,KRAS-G12C,biochemical_ic50,805.1,3,true
OBS-005795,C-00565,MEK1,biochemical_ic50,29.6,3,true
OBS-005796,C-01615,ALK,cell_viability,5317.7,3,true
OBS-005797,C-00995,JAK2,cell_viability,8.4,2,true
OBS-005798,C-01458,MEK1,biochemical_ic50,4819.3,1,true
OBS-005799,C-00252,JAK2,biochemical_ic50,47.4,2,true
OBS-005800,C-00192,PIK3CA,biochemical_ic50,1.1,2,true
OBS-005801,C-00700,JAK2,cell_viability,3.0,3,true
OBS-005802,C-00181,EGFR,biochemical_ic50,16272.5,1,true
OBS-005803,C-01395,JAK2,biochemical_ic50,385.5,1,true
OBS-005804,C-01073,MEK1,cell_viability,1.4,2,true
OBS-005805,C-01957,ALK,cell_viability,322.2,2,true
OBS-005806,C-00125,PIK3CA,cell_viability,37.8,3,true
OBS-005807,C-00489,BRAF,biochemical_ic50,78.9,3,true
OBS-005808,C-01879,BRAF,biochemical_ic50,9617.3,3,true
OBS-005809,C-02330,CDK4,biochemical_ic50,40.2,2,true
OBS-005810,C-01787,MEK1,biochemical_ic50,126.4,1,true
OBS-005811,C-02070,KRAS-G12C,cell_viability,37.5,3,true
OBS-005812,C-00675,CDK4,biochemical_ic50,8345.7,2,true
OBS-005813,C-01311,PIK3CA,biochemical_ic50,4121.5,1,true
OBS-005814,C-00500,CDK4,cell_viability,62.6,3,true
OBS-005815,C-01731,EGFR,biochemical_ic50,250.1,1,true
OBS-005816,C-00055,MEK1,cell_viability,15.8,2,true
OBS-005817,C-02035,MEK1,cell_viability,164.8,3,true
OBS-005818,C-00082,JAK2,biochemical_ic50,7.9,1,true
OBS-005819,C-02163,PIK3CA,biochemical_ic50,386.0,1,true
OBS-005820,C-00290,PIK3CA,biochemical_ic50,2811.8,2,true
OBS-005821,C-00585,PIK3CA,cell_viability,4.6,1,true
OBS-005822,C-01724,JAK2,cell_viability,14419.7,3,true
OBS-005823,C-00238,PIK3CA,biochemical_ic50,3.3,1,true
OBS-005824,C-01508,BRAF,biochemical_ic50,271.1,1,true
OBS-005825,C-00092,PIK3CA,cell_viability,81.4,1,true
OBS-005826,C-01874,JAK2,cell_viability,29280.2,3,true
OBS-005827,C-02013,PIK3CA,cell_viability,612.9,1,true
OBS-005828,C-01262,CDK4,biochemical_ic50,177.7,3,true
OBS-005829,C-01221,CDK4,biochemical_ic50,1.5,3,true
OBS-005830,C-00937,MEK1,biochemical_ic50,8455.5,2,true
OBS-005831,C-02291,ALK,cell_viability,8031.2,1,true
OBS-005832,C-00111,EGFR,cell_viability,12355.6,3,true
OBS-005833,C-01641,PIK3CA,cell_viability,2.0,1,true
OBS-005834,C-00284,CDK4,cell_viability,11025.7,2,true
OBS-005835,C-01436,CDK4,biochemical_ic50,37152.2,1,true
OBS-005836,C-01577,BRAF,biochemical_ic50,8613.1,3,true
OBS-005837,C-01996,CDK4,cell_viability,3.2,2,true
OBS-005838,C-01243,BRAF,biochemical_ic50,4.0,3,true
OBS-005839,C-02327,JAK2,biochemical_ic50,1332.0,2,true
OBS-005840,C-00869,JAK2,cell_viability,5236.8,2,true
OBS-005841,C-01325,JAK2,biochemical_ic50,53.3,2,true
OBS-005842,C-02343,PIK3CA,biochemical_ic50,109.6,1,true
OBS-005843,C-00955,EGFR,cell_viability,7227.4,1,true
OBS-005844,C-01766,KRAS-G12C,cell_viability,43.5,1,true
OBS-005845,C-00761,PIK3CA,biochemical_ic50,46.8,2,true
OBS-005846,C-00591,EGFR,biochemical_ic50,37.5,2,true
OBS-005847,C-01449,MEK1,cell_viability,3.5,2,true
OBS-005848,C-02048,ALK,biochemical_ic50,25.3,1,true
OBS-005849,C-01268,KRAS-G12C,cell_viability,13.6,3,true
OBS-005850,C-01560,JAK2,cell_viability,224.9,1,true
OBS-005851,C-02229,CDK4,cell_viability,338.6,2,true
OBS-005852,C-00522,CDK4,cell_viability,1173.2,3,true
OBS-005853,C-00043,CDK4,biochemical_ic50,325.6,1,true
OBS-005854,C-00369,JAK2,cell_viability,33.8,2,true
OBS-005855,C-00815,KRAS-G12C,biochemical_ic50,5.1,3,true
OBS-005856,C-01473,ALK,biochemical_ic50,1.8,2,true
OBS-005857,C-00547,JAK2,cell_viability,1072.0,3,true
OBS-005858,C-02243,ALK,biochemical_ic50,950.7,1,true
OBS-005859,C-00460,PIK3CA,cell_viability,87.6,1,true
OBS-005860,C-00387,MEK1,cell_viability,5.6,2,true
OBS-005861,C-01511,BRAF,cell_viability,8.4,3,true
OBS-005862,C-00481,JAK2,biochemical_ic50,1.7,2,true
OBS-005863,C-01399,EGFR,cell_viability,59.9,3,true
OBS-005864,C-00474,PIK3CA,biochemical_ic50,5.2,3,true
OBS-005865,C-00455,KRAS-G12C,cell_viability,23734.7,2,true
OBS-005866,C-00243,CDK4,cell_viability,3876.4,1,true
OBS-005867,C-00464,EGFR,cell_viability,1881.7,3,true
OBS-005868,C-00648,EGFR,cell_viability,720.3,1,true
OBS-005869,C-02211,JAK2,cell_viability,830.1,2,true
OBS-005870,C-01695,JAK2,biochemical_ic50,516.1,1,true
OBS-005871,C-01081,PIK3CA,biochemical_ic50,323.4,2,true
OBS-005872,C-01068,PIK3CA,biochemical_ic50,28.2,3,true
OBS-005873,C-01761,JAK2,biochemical_ic50,65.5,3,true
OBS-005874,C-01409,CDK4,cell_viability,1.7,3,true
OBS-005875,C-01854,CDK4,biochemical_ic50,1018.8,2,true
OBS-005876,C-01350,EGFR,biochemical_ic50,1933.1,3,true
OBS-005877,C-02056,EGFR,biochemical_ic50,1.5,1,true
OBS-005878,C-01518,BRAF,cell_viability,8561.3,3,true
OBS-005879,C-00426,KRAS-G12C,cell_viability,8.2,1,true
OBS-005880,C-01775,PIK3CA,biochemical_ic50,10.6,2,true
OBS-005881,C-00046,BRAF,cell_viability,1849.2,3,true
OBS-005882,C-00105,JAK2,cell_viability,17798.1,1,true
OBS-005883,C-01126,JAK2,biochemical_ic50,818.5,3,true
OBS-005884,C-00997,BRAF,biochemical_ic50,4229.3,1,true
OBS-005885,C-01455,BRAF,biochemical_ic50,97.7,1,true
OBS-005886,C-00219,PIK3CA,cell_viability,10138.3,1,true
OBS-005887,C-02176,JAK2,cell_viability,462.5,2,true
OBS-005888,C-01378,CDK4,biochemical_ic50,77.9,1,true
OBS-005889,C-01807,CDK4,cell_viability,36.2,1,true
OBS-005890,C-02040,PIK3CA,biochemical_ic50,467.6,3,true
OBS-005891,C-01076,BRAF,biochemical_ic50,25.6,2,true
OBS-005892,C-00946,KRAS-G12C,cell_viability,194.6,3,true
OBS-005893,C-00857,CDK4,biochemical_ic50,90.0,1,true
OBS-005894,C-01563,KRAS-G12C,cell_viability,5442.0,3,true
OBS-005895,C-01017,JAK2,biochemical_ic50,37751.8,3,true
OBS-005896,C-00510,ALK,biochemical_ic50,4691.8,1,true
OBS-005897,C-01707,MEK1,cell_viability,5471.0,3,true
OBS-005898,C-00614,JAK2,cell_viability,11.3,3,true
OBS-005899,C-02284,EGFR,cell_viability,3.5,3,true
OBS-005900,C-01793,KRAS-G12C,cell_viability,25916.9,1,true
OBS-005901,C-01316,BRAF,biochemical_ic50,1688.3,3,true
OBS-005902,C-01099,EGFR,cell_viability,5585.7,3,true
OBS-005903,C-00994,BRAF,biochemical_ic50,3.8,2,true
OBS-005904,C-01507,BRAF,cell_viability,6.6,2,true
OBS-005905,C-01136,JAK2,biochemical_ic50,30.6,2,true
OBS-005906,C-00777,EGFR,biochemical_ic50,647.0,3,true
OBS-005907,C-01463,KRAS-G12C,biochemical_ic50,309.6,3,true
OBS-005908,C-01003,MEK1,cell_viability,1112.6,3,true
OBS-005909,C-01505,ALK,biochemical_ic50,2.3,3,true
OBS-005910,C-01704,ALK,biochemical_ic50,4.5,1,true
OBS-005911,C-02240,KRAS-G12C,cell_viability,1.5,3,true
OBS-005912,C-00203,KRAS-G12C,biochemical_ic50,1.1,3,true
OBS-005913,C-01341,BRAF,cell_viability,303.8,3,true
OBS-005914,C-01217,EGFR,cell_viability,31612.2,2,true
OBS-005915,C-01978,EGFR,cell_viability,13464.1,1,true
OBS-005916,C-00721,ALK,cell_viability,6608.8,1,true
OBS-005917,C-01301,JAK2,cell_viability,17819.3,1,true
OBS-005918,C-01614,JAK2,cell_viability,1003.2,3,true
OBS-005919,C-01174,ALK,cell_viability,1.1,1,true
OBS-005920,C-00567,EGFR,cell_viability,120.7,1,true
OBS-005921,C-01731,CDK4,biochemical_ic50,3162.9,3,true
OBS-005922,C-00743,BRAF,biochemical_ic50,286.4,2,true
OBS-005923,C-00497,KRAS-G12C,cell_viability,877.1,1,true
OBS-005924,C-01355,KRAS-G12C,biochemical_ic50,44.8,1,true
OBS-005925,C-01682,CDK4,biochemical_ic50,12.0,3,true
OBS-005926,C-01463,EGFR,biochemical_ic50,16988.2,3,true
OBS-005927,C-01830,MEK1,cell_viability,229.1,1,true
OBS-005928,C-00661,KRAS-G12C,cell_viability,39673.2,3,true
OBS-005929,C-01758,CDK4,biochemical_ic50,2.0,1,true
OBS-005930,C-01554,ALK,cell_viability,228.5,1,true
OBS-005931,C-00648,ALK,cell_viability,2749.8,1,true
OBS-005932,C-01692,JAK2,cell_viability,84.6,3,true
OBS-005933,C-00084,CDK4,cell_viability,3.7,1,true
OBS-005934,C-01934,PIK3CA,cell_viability,317.9,2,true
OBS-005935,C-01627,PIK3CA,cell_viability,6.9,1,true
OBS-005936,C-01137,KRAS-G12C,cell_viability,55.2,2,true
OBS-005937,C-00411,CDK4,biochemical_ic50,4.8,2,true
OBS-005938,C-00151,EGFR,cell_viability,7.4,1,true
OBS-005939,C-02081,PIK3CA,biochemical_ic50,6.3,3,true
OBS-005940,C-02272,EGFR,cell_viability,18.1,1,true
OBS-005941,C-01200,JAK2,cell_viability,3278.1,2,true
OBS-005942,C-01236,BRAF,biochemical_ic50,32355.9,2,true
OBS-005943,C-01805,ALK,biochemical_ic50,10646.7,2,true
OBS-005944,C-01801,CDK4,biochemical_ic50,147.5,3,true
OBS-005945,C-00872,EGFR,biochemical_ic50,16181.4,1,true
OBS-005946,C-00399,BRAF,biochemical_ic50,296.0,3,true
OBS-005947,C-01792,MEK1,cell_viability,77.4,2,true
OBS-005948,C-02306,JAK2,cell_viability,2528.6,3,true
OBS-005949,C-01948,CDK4,biochemical_ic50,2046.4,2,true
OBS-005950,C-00842,PIK3CA,biochemical_ic50,88.3,3,true
OBS-005951,C-00142,CDK4,cell_viability,111.6,1,true
OBS-005952,C-00345,JAK2,cell_viability,4727.5,1,true
OBS-005953,C-02024,ALK,biochemical_ic50,2.9,3,true
OBS-005954,C-01319,MEK1,biochemical_ic50,48.1,2,true
OBS-005955,C-02324,PIK3CA,biochemical_ic50,37.0,3,true
OBS-005956,C-01264,KRAS-G12C,cell_viability,150.2,1,true
OBS-005957,C-02388,JAK2,cell_viability,8.5,1,true
OBS-005958,C-01205,ALK,cell_viability,4052.8,1,true
OBS-005959,C-02376,CDK4,biochemical_ic50,93.6,3,true
OBS-005960,C-02008,BRAF,biochemical_ic50,39426.5,3,true
OBS-005961,C-00837,PIK3CA,cell_viability,38.8,3,true
OBS-005962,C-00465,JAK2,biochemical_ic50,32068.6,3,true
OBS-005963,C-01316,ALK,cell_viability,39.3,3,true
OBS-005964,C-00709,EGFR,cell_viability,1.4,3,true
OBS-005965,C-00099,PIK3CA,biochemical_ic50,625.1,1,true
OBS-005966,C-01438,EGFR,cell_viability,38.9,1,true
OBS-005967,C-00278,PIK3CA,biochemical_ic50,31.8,3,true
OBS-005968,C-01316,PIK3CA,biochemical_ic50,4.4,2,true
OBS-005969,C-00731,KRAS-G12C,cell_viability,948.5,3,true
OBS-005970,C-01518,KRAS-G12C,biochemical_ic50,20806.4,1,true
OBS-005971,C-00478,CDK4,biochemical_ic50,1.7,2,true
OBS-005972,C-01236,KRAS-G12C,biochemical_ic50,3368.3,3,true
OBS-005973,C-01364,ALK,cell_viability,3.5,2,true
OBS-005974,C-01267,PIK3CA,cell_viability,29529.0,3,true
OBS-005975,C-01318,JAK2,cell_viability,1812.5,3,true
OBS-005976,C-00547,PIK3CA,biochemical_ic50,118.9,3,true
OBS-005977,C-02294,PIK3CA,biochemical_ic50,39.2,3,true
OBS-005978,C-00751,ALK,cell_viability,16.0,3,true
OBS-005979,C-01339,KRAS-G12C,biochemical_ic50,274.1,3,true
OBS-005980,C-01164,ALK,cell_viability,448.5,3,true
OBS-005981,C-01162,PIK3CA,cell_viability,8.4,3,true
OBS-005982,C-00990,PIK3CA,biochemical_ic50,8955.5,1,true
OBS-005983,C-00272,CDK4,cell_viability,1732.2,3,true
OBS-005984,C-00245,ALK,cell_viability,20391.9,2,true
OBS-005985,C-01015,CDK4,biochemical_ic50,310.0,2,true
OBS-005986,C-01674,JAK2,biochemical_ic50,1.9,3,true
OBS-005987,C-02118,EGFR,biochemical_ic50,3625.5,3,true
OBS-005988,C-01412,EGFR,cell_viability,2914.2,2,true
OBS-005989,C-01658,ALK,cell_viability,15605.0,1,true
OBS-005990,C-01797,JAK2,biochemical_ic50,14440.8,2,true
OBS-005991,C-02275,EGFR,cell_viability,6380.1,3,true
OBS-005992,C-00263,CDK4,cell_viability,159.1,3,true
OBS-005993,C-00812,CDK4,biochemical_ic50,2.6,3,true
OBS-005994,C-00997,JAK2,cell_viability,23433.6,3,true
OBS-005995,C-02343,ALK,cell_viability,14061.4,3,true
OBS-005996,C-01311,BRAF,cell_viability,494.4,2,true
OBS-005997,C-01652,ALK,biochemical_ic50,704.5,1,true
OBS-005998,C-00705,CDK4,biochemical_ic50,6.7,1,true
OBS-005999,C-02175,KRAS-G12C,biochemical_ic50,1.7,3,true
OBS-006000,C-01150,MEK1,cell_viability,2612.5,2,true
OBS-006001,C-00147,PIK3CA,cell_viability,22.5,2,true
OBS-006002,C-01391,BRAF,biochemical_ic50,23514.9,3,true
OBS-006003,C-00512,PIK3CA,biochemical_ic50,33909.8,3,true
OBS-006004,C-00115,PIK3CA,cell_viability,343.0,1,true
OBS-006005,C-01219,MEK1,biochemical_ic50,18.2,3,true
OBS-006006,C-01773,BRAF,biochemical_ic50,48.6,2,true
OBS-006007,C-01354,KRAS-G12C,cell_viability,692.2,3,true
OBS-006008,C-00801,JAK2,cell_viability,3165.8,3,true
OBS-006009,C-01939,PIK3CA,biochemical_ic50,28240.9,2,true
OBS-006010,C-00256,KRAS-G12C,biochemical_ic50,1.3,1,true
OBS-006011,C-00169,PIK3CA,cell_viability,127.2,3,true
OBS-006012,C-00176,ALK,biochemical_ic50,27487.5,2,true
OBS-006013,C-00499,PIK3CA,cell_viability,8918.3,1,true
OBS-006014,C-00249,CDK4,cell_viability,43.5,1,true
OBS-006015,C-01677,CDK4,biochemical_ic50,3722.3,2,true
OBS-006016,C-00923,MEK1,biochemical_ic50,7.0,1,true
OBS-006017,C-01553,KRAS-G12C,biochemical_ic50,49.7,1,true
OBS-006018,C-00258,BRAF,cell_viability,14.6,2,true
OBS-006019,C-00060,BRAF,cell_viability,9.2,3,true
OBS-006020,C-02003,CDK4,biochemical_ic50,318.0,2,true
OBS-006021,C-00870,KRAS-G12C,cell_viability,1.3,2,true
OBS-006022,C-01030,ALK,cell_viability,22973.7,3,true
OBS-006023,C-01915,BRAF,cell_viability,1.9,2,true
OBS-006024,C-01851,PIK3CA,biochemical_ic50,983.4,3,true
OBS-006025,C-00202,MEK1,biochemical_ic50,23.5,1,true
OBS-006026,C-01951,PIK3CA,biochemical_ic50,66.1,2,true
OBS-006027,C-02169,JAK2,cell_viability,6.3,3,true
OBS-006028,C-01717,PIK3CA,cell_viability,223.1,2,true
OBS-006029,C-01836,ALK,cell_viability,59.0,3,true
OBS-006030,C-00023,MEK1,cell_viability,4.7,1,true
OBS-006031,C-01959,ALK,biochemical_ic50,3.3,3,true
OBS-006032,C-00649,ALK,biochemical_ic50,4.4,3,true
OBS-006033,C-02285,EGFR,biochemical_ic50,487.9,3,true
OBS-006034,C-00663,BRAF,cell_viability,175.2,1,true
OBS-006035,C-01207,CDK4,cell_viability,4.1,3,true
OBS-006036,C-02005,JAK2,biochemical_ic50,17432.7,3,true
OBS-006037,C-00340,MEK1,biochemical_ic50,4.7,3,true
OBS-006038,C-00442,ALK,cell_viability,126.5,3,true
OBS-006039,C-01405,KRAS-G12C,cell_viability,16.6,3,true
OBS-006040,C-01083,EGFR,biochemical_ic50,5.2,1,true
OBS-006041,C-01180,ALK,cell_viability,12.7,1,true
OBS-006042,C-01700,KRAS-G12C,cell_viability,2.1,2,true
OBS-006043,C-01443,EGFR,cell_viability,8.0,1,true
OBS-006044,C-02220,EGFR,cell_viability,20.6,3,true
OBS-006045,C-02035,EGFR,biochemical_ic50,12574.8,3,true
OBS-006046,C-01932,ALK,biochemical_ic50,467.9,3,true
OBS-006047,C-00239,ALK,cell_viability,7.5,3,true
OBS-006048,C-00515,PIK3CA,biochemical_ic50,120.4,3,true
OBS-006049,C-01106,BRAF,biochemical_ic50,44.8,2,true
OBS-006050,C-01889,CDK4,cell_viability,3133.9,1,true
OBS-006051,C-01420,JAK2,cell_viability,9.3,3,true
OBS-006052,C-00040,BRAF,cell_viability,536.8,2,true
OBS-006053,C-01499,KRAS-G12C,cell_viability,2.7,1,true
OBS-006054,C-01290,KRAS-G12C,biochemical_ic50,29.9,2,true
OBS-006055,C-02060,ALK,biochemical_ic50,1.4,3,true
OBS-006056,C-02268,MEK1,biochemical_ic50,15092.2,1,true
OBS-006057,C-00552,PIK3CA,biochemical_ic50,7.6,3,true
OBS-006058,C-01742,PIK3CA,biochemical_ic50,21950.3,2,true
OBS-006059,C-02306,EGFR,cell_viability,114.9,3,true
OBS-006060,C-00019,MEK1,cell_viability,4744.3,2,true
OBS-006061,C-01840,KRAS-G12C,biochemical_ic50,210.7,3,true
OBS-006062,C-01760,BRAF,cell_viability,109.0,1,true
OBS-006063,C-00241,BRAF,biochemical_ic50,4809.4,3,true
OBS-006064,C-01952,ALK,biochemical_ic50,23687.7,1,true
OBS-006065,C-00951,ALK,cell_viability,4817.2,3,true
OBS-006066,C-00658,ALK,biochemical_ic50,4.3,1,true
OBS-006067,C-02325,EGFR,biochemical_ic50,2.5,3,true
OBS-006068,C-01140,JAK2,biochemical_ic50,64.3,3,true
OBS-006069,C-01396,KRAS-G12C,cell_viability,28.0,1,true
OBS-006070,C-02142,CDK4,cell_viability,31.1,3,true
OBS-006071,C-01147,EGFR,cell_viability,53.3,3,true
OBS-006072,C-00912,ALK,cell_viability,594.1,2,true
OBS-006073,C-00384,ALK,biochemical_ic50,2538.0,3,true
OBS-006074,C-00111,KRAS-G12C,cell_viability,3.4,1,true
OBS-006075,C-00039,JAK2,biochemical_ic50,5.5,1,true
OBS-006076,C-00424,ALK,biochemical_ic50,2117.6,3,true
OBS-006077,C-00738,JAK2,biochemical_ic50,2.5,3,true
OBS-006078,C-01341,BRAF,biochemical_ic50,1.0,3,true
OBS-006079,C-00057,KRAS-G12C,cell_viability,4255.3,2,true
OBS-006080,C-01761,MEK1,biochemical_ic50,15623.3,1,true
OBS-006081,C-00940,ALK,cell_viability,4305.6,1,true
OBS-006082,C-01423,KRAS-G12C,cell_viability,2.5,3,true
OBS-006083,C-01211,JAK2,biochemical_ic50,2.4,2,true
OBS-006084,C-01327,MEK1,biochemical_ic50,73.0,3,true
OBS-006085,C-01549,CDK4,cell_viability,74.7,2,true
OBS-006086,C-02121,KRAS-G12C,cell_viability,24410.8,1,true
OBS-006087,C-00829,MEK1,biochemical_ic50,3.0,1,true
OBS-006088,C-00930,PIK3CA,cell_viability,2.0,1,true
OBS-006089,C-00721,EGFR,biochemical_ic50,428.0,3,true
OBS-006090,C-01758,PIK3CA,biochemical_ic50,4112.4,2,true
OBS-006091,C-01399,CDK4,cell_viability,118.6,2,true
OBS-006092,C-00528,CDK4,biochemical_ic50,38.6,2,true
OBS-006093,C-02379,PIK3CA,cell_viability,65.7,2,true
OBS-006094,C-00174,CDK4,biochemical_ic50,50.8,3,true
OBS-006095,C-00011,ALK,biochemical_ic50,59.5,1,true
OBS-006096,C-02244,JAK2,cell_viability,12323.5,3,true
OBS-006097,C-01498,PIK3CA,biochemical_ic50,7327.3,1,true
OBS-006098,C-00358,JAK2,cell_viability,24.9,1,true
OBS-006099,C-02024,MEK1,biochemical_ic50,27919.5,2,true
OBS-006100,C-01112,EGFR,cell_viability,28.5,2,true
OBS-006101,C-00552,JAK2,biochemical_ic50,1.2,2,true
OBS-006102,C-02070,ALK,biochemical_ic50,1.9,2,true
OBS-006103,C-01623,ALK,cell_viability,30.9,1,true
OBS-006104,C-01023,ALK,cell_viability,1551.6,3,true
OBS-006105,C-00845,EGFR,biochemical_ic50,10285.4,1,true
OBS-006106,C-01524,KRAS-G12C,biochemical_ic50,2388.7,3,true
OBS-006107,C-00955,CDK4,cell_viability,1037.7,1,true
OBS-006108,C-00430,PIK3CA,cell_viability,432.1,2,true
OBS-006109,C-02384,CDK4,cell_viability,8007.7,1,true
OBS-006110,C-01294,BRAF,biochemical_ic50,2.4,1,true
OBS-006111,C-02225,ALK,biochemical_ic50,120.3,3,true
OBS-006112,C-00993,MEK1,cell_viability,99.9,3,true
OBS-006113,C-00934,CDK4,cell_viability,12.3,1,true
OBS-006114,C-01484,CDK4,biochemical_ic50,4.9,3,true
OBS-006115,C-01934,JAK2,cell_viability,1.9,3,true
OBS-006116,C-01253,EGFR,cell_viability,4.8,3,true
OBS-006117,C-02117,KRAS-G12C,biochemical_ic50,5.4,1,true
OBS-006118,C-02327,CDK4,biochemical_ic50,11673.6,3,true
OBS-006119,C-02175,EGFR,cell_viability,30561.2,2,true
OBS-006120,C-00508,EGFR,biochemical_ic50,13.9,3,true
OBS-006121,C-00535,KRAS-G12C,cell_viability,48232.7,2,true
OBS-006122,C-01363,JAK2,biochemical_ic50,23854.8,2,true
OBS-006123,C-00271,MEK1,biochemical_ic50,4451.2,2,true
OBS-006124,C-00421,JAK2,biochemical_ic50,42.1,2,true
OBS-006125,C-00046,JAK2,cell_viability,1.5,1,true
OBS-006126,C-00621,PIK3CA,cell_viability,79.2,2,true
OBS-006127,C-01932,EGFR,cell_viability,71.1,2,true
OBS-006128,C-01723,CDK4,biochemical_ic50,241.7,1,true
OBS-006129,C-00829,BRAF,biochemical_ic50,17.8,2,true
OBS-006130,C-01182,CDK4,cell_viability,23.9,3,true
OBS-006131,C-00487,JAK2,biochemical_ic50,5.4,2,true
OBS-006132,C-00751,JAK2,biochemical_ic50,77.1,2,true
OBS-006133,C-01097,JAK2,cell_viability,5.7,1,true
OBS-006134,C-01745,BRAF,biochemical_ic50,20.6,3,true
OBS-006135,C-00495,CDK4,biochemical_ic50,59.9,1,true
OBS-006136,C-01606,KRAS-G12C,cell_viability,40.7,3,true
OBS-006137,C-01531,PIK3CA,biochemical_ic50,12176.0,3,true
OBS-006138,C-00753,KRAS-G12C,cell_viability,2.4,2,true
OBS-006139,C-00266,CDK4,biochemical_ic50,31.7,3,true
OBS-006140,C-02307,MEK1,biochemical_ic50,2106.0,3,true
OBS-006141,C-01169,KRAS-G12C,cell_viability,1.3,2,true
OBS-006142,C-01238,JAK2,cell_viability,53.4,1,true
OBS-006143,C-02317,ALK,cell_viability,38740.0,2,true
OBS-006144,C-01180,CDK4,cell_viability,1544.1,1,true
OBS-006145,C-00302,BRAF,cell_viability,384.9,2,true
OBS-006146,C-00912,PIK3CA,biochemical_ic50,12.5,2,true
OBS-006147,C-01583,MEK1,cell_viability,790.4,1,true
OBS-006148,C-01753,KRAS-G12C,biochemical_ic50,21.3,3,true
OBS-006149,C-01016,JAK2,biochemical_ic50,5.8,2,true
OBS-006150,C-01565,BRAF,biochemical_ic50,1547.6,1,true
OBS-006151,C-00647,KRAS-G12C,biochemical_ic50,45152.6,2,true
OBS-006152,C-01393,JAK2,cell_viability,8.8,1,true
OBS-006153,C-01633,CDK4,biochemical_ic50,20.2,1,true
OBS-006154,C-00519,CDK4,biochemical_ic50,18.7,1,true
OBS-006155,C-00259,JAK2,biochemical_ic50,3.8,1,true
OBS-006156,C-02202,MEK1,biochemical_ic50,8350.7,2,true
OBS-006157,C-00007,CDK4,cell_viability,1521.3,1,true
OBS-006158,C-01042,CDK4,cell_viability,1176.3,1,true
OBS-006159,C-02186,MEK1,biochemical_ic50,276.7,1,true
OBS-006160,C-00865,BRAF,cell_viability,321.3,3,true
OBS-006161,C-01730,JAK2,biochemical_ic50,32844.7,2,true
OBS-006162,C-00232,EGFR,cell_viability,461.3,3,true
OBS-006163,C-02151,MEK1,biochemical_ic50,72.8,3,true
OBS-006164,C-01417,PIK3CA,cell_viability,30.5,2,true
OBS-006165,C-02166,CDK4,cell_viability,55.6,2,true
OBS-006166,C-00315,ALK,cell_viability,159.5,2,true
OBS-006167,C-00538,MEK1,biochemical_ic50,604.7,2,true
OBS-006168,C-00632,BRAF,biochemical_ic50,4.9,1,true
OBS-006169,C-00339,ALK,cell_viability,1.1,2,true
OBS-006170,C-00751,MEK1,biochemical_ic50,2.4,2,true
OBS-006171,C-00424,EGFR,biochemical_ic50,74.1,3,true
OBS-006172,C-01185,ALK,cell_viability,76.2,3,true
OBS-006173,C-02295,EGFR,biochemical_ic50,13.4,1,true
OBS-006174,C-01027,KRAS-G12C,cell_viability,4.0,3,true
OBS-006175,C-00804,JAK2,biochemical_ic50,11.2,3,true
OBS-006176,C-01905,KRAS-G12C,biochemical_ic50,15193.0,3,true
OBS-006177,C-00930,PIK3CA,cell_viability,22.3,3,true
OBS-006178,C-00035,CDK4,biochemical_ic50,16555.6,3,true
OBS-006179,C-00614,BRAF,cell_viability,443.6,3,true
OBS-006180,C-01032,EGFR,cell_viability,1.7,2,true
OBS-006181,C-00904,PIK3CA,biochemical_ic50,2622.8,2,true
OBS-006182,C-02283,MEK1,biochemical_ic50,9.2,1,true
OBS-006183,C-00425,MEK1,cell_viability,32694.6,1,true
OBS-006184,C-00372,PIK3CA,cell_viability,2.6,1,true
OBS-006185,C-00084,CDK4,biochemical_ic50,42439.8,2,true
OBS-006186,C-00435,MEK1,cell_viability,18.9,2,true
OBS-006187,C-02298,JAK2,cell_viability,267.2,1,true
OBS-006188,C-00538,CDK4,biochemical_ic50,229.3,2,true
OBS-006189,C-01210,BRAF,biochemical_ic50,46412.0,3,true
OBS-006190,C-00490,JAK2,cell_viability,141.6,3,true
OBS-006191,C-02184,JAK2,biochemical_ic50,42769.2,1,true
OBS-006192,C-01168,MEK1,cell_viability,501.9,2,true
OBS-006193,C-01511,JAK2,cell_viability,14.2,3,true
OBS-006194,C-02103,BRAF,cell_viability,298.9,1,true
OBS-006195,C-01255,MEK1,cell_viability,25561.5,3,true
OBS-006196,C-01691,PIK3CA,biochemical_ic50,922.8,3,true
OBS-006197,C-00376,EGFR,biochemical_ic50,1821.3,2,true
OBS-006198,C-01420,BRAF,biochemical_ic50,8440.5,2,true
OBS-006199,C-01796,PIK3CA,cell_viability,4141.9,3,true
OBS-006200,C-01480,ALK,biochemical_ic50,3699.7,1,true
OBS-006201,C-02130,PIK3CA,biochemical_ic50,1.5,1,true
OBS-006202,C-01503,KRAS-G12C,biochemical_ic50,2713.9,2,true
OBS-006203,C-00685,ALK,cell_viability,4.9,3,true
OBS-006204,C-00255,EGFR,biochemical_ic50,3.7,3,true
OBS-006205,C-01927,ALK,biochemical_ic50,1.9,1,true
OBS-006206,C-01259,ALK,cell_viability,703.7,3,true
OBS-006207,C-01510,ALK,cell_viability,19103.0,2,true
OBS-006208,C-00387,PIK3CA,biochemical_ic50,1057.8,3,true
OBS-006209,C-01389,EGFR,biochemical_ic50,67.7,2,true
OBS-006210,C-02373,KRAS-G12C,biochemical_ic50,3.0,2,true
OBS-006211,C-00491,JAK2,cell_viability,224.2,3,true
OBS-006212,C-01988,JAK2,cell_viability,1.1,3,true
OBS-006213,C-00195,EGFR,biochemical_ic50,9955.7,1,true
OBS-006214,C-02349,BRAF,cell_viability,1113.5,1,true
OBS-006215,C-01015,EGFR,biochemical_ic50,2.3,3,true
OBS-006216,C-00495,KRAS-G12C,cell_viability,12.2,2,true
OBS-006217,C-01103,BRAF,biochemical_ic50,56.2,2,true
OBS-006218,C-00252,PIK3CA,cell_viability,1341.2,2,true
OBS-006219,C-00165,JAK2,biochemical_ic50,64.9,3,true
OBS-006220,C-02092,EGFR,cell_viability,14.2,3,true
OBS-006221,C-00575,KRAS-G12C,cell_viability,1361.8,1,true
OBS-006222,C-01847,CDK4,cell_viability,3.9,3,true
OBS-006223,C-00313,JAK2,biochemical_ic50,121.8,1,true
OBS-006224,C-01307,JAK2,biochemical_ic50,10.5,1,true
OBS-006225,C-02225,EGFR,cell_viability,156.3,2,true
OBS-006226,C-00809,BRAF,biochemical_ic50,184.8,3,true
OBS-006227,C-00069,ALK,biochemical_ic50,3.2,1,true
OBS-006228,C-01385,PIK3CA,biochemical_ic50,1.3,3,true
OBS-006229,C-00981,KRAS-G12C,biochemical_ic50,47.4,2,true
OBS-006230,C-02034,EGFR,cell_viability,134.9,1,true
OBS-006231,C-02298,KRAS-G12C,biochemical_ic50,47.3,3,true
OBS-006232,C-00963,BRAF,cell_viability,1416.7,2,true
OBS-006233,C-00729,EGFR,cell_viability,17432.5,1,true
OBS-006234,C-01218,CDK4,cell_viability,5.0,3,true
OBS-006235,C-01318,ALK,biochemical_ic50,38491.5,3,true
OBS-006236,C-00079,KRAS-G12C,biochemical_ic50,1188.1,3,true
OBS-006237,C-01835,BRAF,cell_viability,1.7,2,true
OBS-006238,C-01452,EGFR,cell_viability,346.9,1,true
OBS-006239,C-02173,PIK3CA,cell_viability,10.0,2,true
OBS-006240,C-02118,PIK3CA,cell_viability,17160.0,3,true
OBS-006241,C-01604,KRAS-G12C,cell_viability,3044.7,1,true
OBS-006242,C-01813,KRAS-G12C,cell_viability,425.7,3,true
OBS-006243,C-02290,ALK,cell_viability,15.2,1,true
OBS-006244,C-01200,KRAS-G12C,cell_viability,24268.1,1,true
OBS-006245,C-01550,EGFR,cell_viability,21872.4,1,true
OBS-006246,C-01238,ALK,cell_viability,64.0,3,true
OBS-006247,C-02127,JAK2,cell_viability,6.0,3,true
OBS-006248,C-01734,CDK4,biochemical_ic50,1.2,1,true
OBS-006249,C-01126,KRAS-G12C,cell_viability,4.4,2,true
OBS-006250,C-01196,BRAF,cell_viability,105.7,1,true
OBS-006251,C-01799,MEK1,biochemical_ic50,1984.9,2,true
OBS-006252,C-01571,CDK4,cell_viability,1354.7,3,true
OBS-006253,C-00107,CDK4,biochemical_ic50,2114.6,2,true
OBS-006254,C-01063,MEK1,biochemical_ic50,9625.9,2,true
OBS-006255,C-01839,KRAS-G12C,cell_viability,371.7,3,true
OBS-006256,C-00384,CDK4,cell_viability,51.2,1,true
OBS-006257,C-01824,KRAS-G12C,cell_viability,12.0,2,true
OBS-006258,C-01383,PIK3CA,biochemical_ic50,556.5,1,true
OBS-006259,C-02228,BRAF,cell_viability,4.5,3,true
OBS-006260,C-00544,EGFR,biochemical_ic50,1252.8,2,true
OBS-006261,C-02375,CDK4,biochemical_ic50,196.2,2,true
OBS-006262,C-02204,MEK1,biochemical_ic50,1973.0,2,true
OBS-006263,C-00155,JAK2,cell_viability,2.3,3,true
OBS-006264,C-01327,PIK3CA,cell_viability,774.3,3,true
OBS-006265,C-00908,KRAS-G12C,biochemical_ic50,401.5,1,true
OBS-006266,C-00095,JAK2,biochemical_ic50,9503.3,1,true
OBS-006267,C-02049,KRAS-G12C,biochemical_ic50,384.2,2,true
OBS-006268,C-02363,EGFR,biochemical_ic50,6.3,2,true
OBS-006269,C-01096,ALK,biochemical_ic50,49927.0,1,true
OBS-006270,C-01691,BRAF,cell_viability,3642.9,2,true
OBS-006271,C-00105,JAK2,biochemical_ic50,6.6,1,true
OBS-006272,C-00004,BRAF,cell_viability,321.5,1,true
OBS-006273,C-02293,ALK,biochemical_ic50,170.2,2,true
OBS-006274,C-00114,CDK4,biochemical_ic50,77.3,2,true
OBS-006275,C-01489,MEK1,biochemical_ic50,33.5,2,true
OBS-006276,C-00435,KRAS-G12C,biochemical_ic50,2.6,1,true
OBS-006277,C-01026,PIK3CA,cell_viability,982.8,2,true
OBS-006278,C-01679,JAK2,cell_viability,4186.6,3,true
OBS-006279,C-00508,BRAF,cell_viability,7320.5,3,true
OBS-006280,C-00712,PIK3CA,cell_viability,1.4,3,true
OBS-006281,C-00321,JAK2,biochemical_ic50,3148.7,2,true
OBS-006282,C-00080,ALK,cell_viability,16.9,1,true
OBS-006283,C-00656,ALK,biochemical_ic50,3.0,1,true
OBS-006284,C-02364,KRAS-G12C,biochemical_ic50,6.9,2,true
OBS-006285,C-01485,PIK3CA,biochemical_ic50,38176.0,2,true
OBS-006286,C-01017,PIK3CA,biochemical_ic50,989.5,1,true
OBS-006287,C-01615,CDK4,biochemical_ic50,151.5,3,true
OBS-006288,C-01985,ALK,cell_viability,15.1,1,true
OBS-006289,C-01304,EGFR,biochemical_ic50,545.1,1,true
OBS-006290,C-01511,PIK3CA,biochemical_ic50,57.7,3,true
OBS-006291,C-00356,JAK2,cell_viability,12.2,1,true
OBS-006292,C-02231,KRAS-G12C,cell_viability,1.4,1,true
OBS-006293,C-00081,PIK3CA,cell_viability,1.9,3,true
OBS-006294,C-01316,MEK1,cell_viability,4597.2,3,true
OBS-006295,C-01113,KRAS-G12C,biochemical_ic50,1.4,1,true
OBS-006296,C-00707,BRAF,cell_viability,62.3,2,true
OBS-006297,C-01631,KRAS-G12C,cell_viability,24882.4,1,true
OBS-006298,C-00384,BRAF,biochemical_ic50,395.2,1,true
OBS-006299,C-01624,CDK4,cell_viability,5.2,1,true
OBS-006300,C-02339,MEK1,cell_viability,2.7,1,true
OBS-006301,C-00977,ALK,cell_viability,78.6,3,true
OBS-006302,C-01381,BRAF,cell_viability,5882.9,2,true
OBS-006303,C-00140,JAK2,biochemical_ic50,29776.7,2,true
OBS-006304,C-01774,CDK4,biochemical_ic50,1202.2,3,true
OBS-006305,C-00107,KRAS-G12C,cell_viability,14759.3,2,true
OBS-006306,C-02041,CDK4,cell_viability,55.6,1,true
OBS-006307,C-01170,JAK2,cell_viability,6588.4,3,true
OBS-006308,C-02059,PIK3CA,biochemical_ic50,50.4,1,true
OBS-006309,C-01792,EGFR,cell_viability,7.6,1,true
OBS-006310,C-02045,BRAF,cell_viability,627.0,2,true
OBS-006311,C-01821,ALK,cell_viability,7079.9,3,true
OBS-006312,C-02045,EGFR,cell_viability,554.9,3,true
OBS-006313,C-01402,KRAS-G12C,cell_viability,9.9,3,true
OBS-006314,C-01307,JAK2,cell_viability,206.9,1,true
OBS-006315,C-00570,JAK2,cell_viability,21472.6,2,true
OBS-006316,C-00853,ALK,biochemical_ic50,1114.8,3,true
OBS-006317,C-00771,EGFR,cell_viability,15.8,2,true
OBS-006318,C-00445,ALK,biochemical_ic50,3.0,1,true
OBS-006319,C-01871,BRAF,cell_viability,9105.2,3,true
OBS-006320,C-00501,CDK4,cell_viability,35.5,3,true
OBS-006321,C-00362,ALK,biochemical_ic50,14960.6,3,true
OBS-006322,C-00873,EGFR,cell_viability,6555.3,3,true
OBS-006323,C-02266,KRAS-G12C,cell_viability,822.4,3,true
OBS-006324,C-02024,PIK3CA,cell_viability,15423.1,1,true
OBS-006325,C-00010,KRAS-G12C,cell_viability,913.1,2,true
OBS-006326,C-00282,EGFR,biochemical_ic50,9.3,1,true
OBS-006327,C-02059,KRAS-G12C,biochemical_ic50,3726.3,1,true
OBS-006328,C-01915,ALK,cell_viability,749.0,2,true
OBS-006329,C-01638,BRAF,cell_viability,3303.1,3,true
OBS-006330,C-00923,CDK4,cell_viability,204.7,2,true
OBS-006331,C-00063,ALK,biochemical_ic50,4.5,3,true
OBS-006332,C-01438,KRAS-G12C,biochemical_ic50,18279.1,1,true
OBS-006333,C-00846,ALK,cell_viability,1880.1,2,true
OBS-006334,C-01435,CDK4,biochemical_ic50,23428.8,2,true
OBS-006335,C-01864,ALK,cell_viability,3969.2,2,true
OBS-006336,C-00102,PIK3CA,cell_viability,2.4,3,true
OBS-006337,C-01209,KRAS-G12C,cell_viability,416.5,2,true
OBS-006338,C-00706,ALK,biochemical_ic50,106.5,3,true
OBS-006339,C-01082,BRAF,biochemical_ic50,2145.8,2,true
OBS-006340,C-02072,KRAS-G12C,biochemical_ic50,398.0,3,true
OBS-006341,C-00787,CDK4,cell_viability,23.2,1,true
OBS-006342,C-00400,MEK1,cell_viability,173.2,3,true
OBS-006343,C-00329,MEK1,biochemical_ic50,2.4,3,true
OBS-006344,C-00299,CDK4,biochemical_ic50,5.7,1,true
OBS-006345,C-01836,BRAF,biochemical_ic50,673.9,2,true
OBS-006346,C-02242,MEK1,biochemical_ic50,8.0,3,true
OBS-006347,C-00294,KRAS-G12C,cell_viability,12.7,2,true
OBS-006348,C-00300,CDK4,cell_viability,5.9,3,true
OBS-006349,C-01002,PIK3CA,biochemical_ic50,669.1,2,true
OBS-006350,C-00367,JAK2,cell_viability,248.2,1,true
OBS-006351,C-01641,JAK2,biochemical_ic50,7.4,3,true
OBS-006352,C-01888,CDK4,cell_viability,46.3,2,true
OBS-006353,C-01588,MEK1,biochemical_ic50,92.2,2,true
OBS-006354,C-01914,EGFR,cell_viability,391.7,2,true
OBS-006355,C-02319,CDK4,biochemical_ic50,82.0,1,true
OBS-006356,C-01114,BRAF,cell_viability,958.8,2,true
OBS-006357,C-00703,EGFR,biochemical_ic50,662.1,3,true
OBS-006358,C-01966,BRAF,biochemical_ic50,142.1,2,true
OBS-006359,C-01333,BRAF,biochemical_ic50,8408.8,2,true
OBS-006360,C-00433,ALK,cell_viability,4303.2,1,true
OBS-006361,C-02288,CDK4,biochemical_ic50,215.5,3,true
OBS-006362,C-01639,JAK2,biochemical_ic50,4.1,2,true
OBS-006363,C-01673,ALK,biochemical_ic50,1.6,3,true
OBS-006364,C-02191,JAK2,cell_viability,112.7,1,true
OBS-006365,C-00355,EGFR,biochemical_ic50,95.5,1,true
OBS-006366,C-00704,EGFR,biochemical_ic50,5.2,3,true
OBS-006367,C-00809,BRAF,biochemical_ic50,65.3,2,true
OBS-006368,C-01759,EGFR,cell_viability,6917.5,2,true
OBS-006369,C-01233,BRAF,biochemical_ic50,3141.7,2,true
OBS-006370,C-00549,PIK3CA,cell_viability,165.9,2,true
OBS-006371,C-02015,KRAS-G12C,biochemical_ic50,1971.1,3,true
OBS-006372,C-02072,PIK3CA,biochemical_ic50,31.1,3,true
OBS-006373,C-02358,ALK,cell_viability,87.4,2,true
OBS-006374,C-02173,JAK2,biochemical_ic50,22.2,1,true
OBS-006375,C-01190,JAK2,cell_viability,3.0,3,true
OBS-006376,C-00870,EGFR,biochemical_ic50,3.0,1,true
OBS-006377,C-01813,KRAS-G12C,biochemical_ic50,8333.5,1,true
OBS-006378,C-00379,CDK4,cell_viability,25220.8,1,true
OBS-006379,C-01104,JAK2,biochemical_ic50,182.5,2,true
OBS-006380,C-02036,KRAS-G12C,cell_viability,23712.0,3,true
OBS-006381,C-00955,ALK,cell_viability,48.6,2,true
OBS-006382,C-01193,MEK1,cell_viability,304.6,3,true
OBS-006383,C-00082,ALK,biochemical_ic50,15.4,3,true
OBS-006384,C-00583,KRAS-G12C,cell_viability,24246.7,2,true
OBS-006385,C-00939,PIK3CA,cell_viability,249.7,3,true
OBS-006386,C-00568,ALK,biochemical_ic50,25650.8,3,true
OBS-006387,C-01177,EGFR,biochemical_ic50,101.9,1,true
OBS-006388,C-01977,BRAF,cell_viability,152.2,2,true
OBS-006389,C-01914,PIK3CA,cell_viability,439.9,2,true
OBS-006390,C-00663,EGFR,cell_viability,27.2,3,true
OBS-006391,C-00728,KRAS-G12C,biochemical_ic50,2248.3,3,true
OBS-006392,C-00713,MEK1,cell_viability,39.2,1,true
OBS-006393,C-00563,ALK,cell_viability,9.9,3,true
OBS-006394,C-00671,MEK1,biochemical_ic50,11806.0,3,true
OBS-006395,C-00620,PIK3CA,cell_viability,34292.9,1,true
OBS-006396,C-02336,KRAS-G12C,cell_viability,22.8,2,true
OBS-006397,C-01644,CDK4,cell_viability,85.7,3,true
OBS-006398,C-00840,CDK4,cell_viability,49543.8,3,true
OBS-006399,C-02394,CDK4,biochemical_ic50,117.5,3,true
OBS-006400,C-01009,MEK1,cell_viability,110.1,1,true
OBS-006401,C-01183,BRAF,biochemical_ic50,15231.9,3,true
OBS-006402,C-00642,PIK3CA,biochemical_ic50,22091.6,3,true
OBS-006403,C-01809,CDK4,cell_viability,3561.0,2,true
OBS-006404,C-01289,BRAF,biochemical_ic50,4360.5,1,true
OBS-006405,C-02300,CDK4,cell_viability,5316.9,1,true
OBS-006406,C-00005,ALK,cell_viability,4670.2,3,true
OBS-006407,C-00740,JAK2,biochemical_ic50,1.3,2,true
OBS-006408,C-01408,MEK1,cell_viability,44969.0,1,true
OBS-006409,C-00064,MEK1,cell_viability,3259.6,2,true
OBS-006410,C-01893,JAK2,biochemical_ic50,115.0,2,true
OBS-006411,C-01979,ALK,biochemical_ic50,4.2,3,true
OBS-006412,C-01040,PIK3CA,biochemical_ic50,146.1,3,true
OBS-006413,C-01651,KRAS-G12C,biochemical_ic50,2.2,1,true
OBS-006414,C-00381,BRAF,biochemical_ic50,5.1,1,true
OBS-006415,C-01930,EGFR,biochemical_ic50,315.9,1,true
OBS-006416,C-00267,PIK3CA,cell_viability,20.4,3,true
OBS-006417,C-00663,ALK,biochemical_ic50,157.2,3,true
OBS-006418,C-01472,CDK4,cell_viability,1.0,1,true
OBS-006419,C-01169,KRAS-G12C,biochemical_ic50,63.3,3,true
OBS-006420,C-00849,MEK1,biochemical_ic50,20655.3,1,true
OBS-006421,C-01790,MEK1,biochemical_ic50,40.9,1,true
OBS-006422,C-00307,KRAS-G12C,biochemical_ic50,1223.5,2,true
OBS-006423,C-00852,KRAS-G12C,cell_viability,21634.2,2,true
OBS-006424,C-01988,BRAF,cell_viability,7647.5,1,true
OBS-006425,C-01749,MEK1,biochemical_ic50,17158.6,2,true
OBS-006426,C-01859,JAK2,biochemical_ic50,19.6,2,true
OBS-006427,C-00617,KRAS-G12C,cell_viability,203.0,2,true
OBS-006428,C-02064,EGFR,biochemical_ic50,144.0,3,true
OBS-006429,C-01692,MEK1,cell_viability,1767.6,1,true
OBS-006430,C-00665,ALK,biochemical_ic50,10.5,1,true
OBS-006431,C-01459,KRAS-G12C,biochemical_ic50,2.5,1,true
OBS-006432,C-02088,MEK1,cell_viability,44.6,1,true
OBS-006433,C-01043,BRAF,biochemical_ic50,115.3,3,true
OBS-006434,C-00206,EGFR,biochemical_ic50,34.3,2,true
OBS-006435,C-00741,MEK1,cell_viability,6584.8,2,true
OBS-006436,C-01504,MEK1,cell_viability,7.6,3,true
OBS-006437,C-01363,EGFR,biochemical_ic50,3.0,3,true
OBS-006438,C-01636,BRAF,cell_viability,1.1,3,true
OBS-006439,C-00516,MEK1,cell_viability,10046.9,3,true
OBS-006440,C-01038,KRAS-G12C,biochemical_ic50,1104.8,3,true
OBS-006441,C-02102,EGFR,cell_viability,629.1,1,true
OBS-006442,C-02069,PIK3CA,biochemical_ic50,1782.8,3,true
OBS-006443,C-00351,BRAF,biochemical_ic50,57.0,2,true
OBS-006444,C-00689,BRAF,biochemical_ic50,55.1,1,true
OBS-006445,C-01005,BRAF,biochemical_ic50,2002.0,3,true
OBS-006446,C-02280,PIK3CA,cell_viability,494.0,1,true
OBS-006447,C-01506,ALK,biochemical_ic50,26.5,3,true
OBS-006448,C-01665,JAK2,cell_viability,2.6,3,true
OBS-006449,C-01168,JAK2,biochemical_ic50,696.6,3,true
OBS-006450,C-02138,BRAF,cell_viability,39523.3,2,true
OBS-006451,C-02371,PIK3CA,biochemical_ic50,19424.7,3,true
OBS-006452,C-00486,CDK4,cell_viability,15283.6,1,true
OBS-006453,C-00584,CDK4,biochemical_ic50,1.3,3,true
OBS-006454,C-01268,ALK,biochemical_ic50,20.8,3,true
OBS-006455,C-02076,CDK4,cell_viability,6.1,2,true
OBS-006456,C-01564,EGFR,biochemical_ic50,4.2,3,true
OBS-006457,C-01009,ALK,cell_viability,85.7,2,true
OBS-006458,C-00152,MEK1,biochemical_ic50,473.3,1,true
OBS-006459,C-02385,ALK,biochemical_ic50,5728.5,3,true
OBS-006460,C-01680,ALK,cell_viability,76.4,3,true
OBS-006461,C-02153,CDK4,biochemical_ic50,51.0,3,true
OBS-006462,C-00415,KRAS-G12C,biochemical_ic50,4201.0,2,true
OBS-006463,C-00558,BRAF,cell_viability,270.8,3,true
OBS-006464,C-00812,EGFR,biochemical_ic50,3.5,3,true
OBS-006465,C-02214,PIK3CA,biochemical_ic50,102.5,1,true
OBS-006466,C-02050,BRAF,cell_viability,13.0,2,true
OBS-006467,C-01133,BRAF,cell_viability,8472.3,1,true
OBS-006468,C-01939,CDK4,cell_viability,87.7,3,true
OBS-006469,C-01539,JAK2,biochemical_ic50,25.8,3,true
OBS-006470,C-00961,KRAS-G12C,cell_viability,49.1,3,true
OBS-006471,C-00155,BRAF,cell_viability,216.0,1,true
OBS-006472,C-00324,MEK1,cell_viability,1.1,3,true
OBS-006473,C-01859,BRAF,cell_viability,978.9,1,true
OBS-006474,C-00846,CDK4,biochemical_ic50,89.0,2,true
OBS-006475,C-01937,JAK2,biochemical_ic50,15387.9,2,true
OBS-006476,C-00607,ALK,biochemical_ic50,93.9,3,true
OBS-006477,C-00690,BRAF,cell_viability,2609.1,2,true
OBS-006478,C-01303,BRAF,cell_viability,1.4,1,true
OBS-006479,C-00491,KRAS-G12C,biochemical_ic50,5.7,1,true
OBS-006480,C-01811,JAK2,cell_viability,1.7,2,true
OBS-006481,C-01813,ALK,cell_viability,9.0,1,true
OBS-006482,C-00324,MEK1,biochemical_ic50,46759.6,1,true
OBS-006483,C-01570,KRAS-G12C,cell_viability,2.5,1,true
OBS-006484,C-00074,PIK3CA,cell_viability,3658.9,1,true
OBS-006485,C-01995,PIK3CA,biochemical_ic50,12.4,3,true
OBS-006486,C-00032,JAK2,biochemical_ic50,27.7,3,true
OBS-006487,C-02248,CDK4,cell_viability,5937.0,3,true
OBS-006488,C-00944,ALK,cell_viability,14.3,3,true
OBS-006489,C-01433,MEK1,cell_viability,6970.7,1,true
OBS-006490,C-01160,PIK3CA,biochemical_ic50,1.3,2,true
OBS-006491,C-02251,BRAF,biochemical_ic50,24.7,2,true
OBS-006492,C-01415,CDK4,cell_viability,148.5,3,true
OBS-006493,C-01044,CDK4,cell_viability,48.6,3,true
OBS-006494,C-02059,PIK3CA,cell_viability,95.3,2,true
OBS-006495,C-02090,PIK3CA,cell_viability,3.1,1,true
OBS-006496,C-02243,CDK4,biochemical_ic50,5522.0,3,true
OBS-006497,C-02086,KRAS-G12C,cell_viability,67.7,2,true
OBS-006498,C-00476,EGFR,biochemical_ic50,203.7,1,true
OBS-006499,C-00705,CDK4,biochemical_ic50,41.0,3,true
OBS-006500,C-00262,ALK,biochemical_ic50,6580.2,2,true
OBS-006501,C-01833,JAK2,biochemical_ic50,26566.0,3,true
OBS-006502,C-02152,MEK1,biochemical_ic50,239.1,3,true
OBS-006503,C-00099,CDK4,cell_viability,6105.9,2,true
OBS-006504,C-00443,MEK1,biochemical_ic50,111.8,2,true
OBS-006505,C-02151,EGFR,cell_viability,3402.1,3,true
OBS-006506,C-00551,PIK3CA,cell_viability,26.8,1,true
OBS-006507,C-01807,PIK3CA,cell_viability,32.7,1,true
OBS-006508,C-00297,EGFR,cell_viability,40131.1,2,true
OBS-006509,C-01995,PIK3CA,biochemical_ic50,7128.9,3,true
OBS-006510,C-01971,MEK1,cell_viability,17335.6,2,true
OBS-006511,C-00757,BRAF,biochemical_ic50,954.7,2,true
OBS-006512,C-01320,CDK4,cell_viability,48751.4,2,true
OBS-006513,C-00434,KRAS-G12C,cell_viability,1099.3,2,true
OBS-006514,C-01509,BRAF,biochemical_ic50,1.9,3,true
OBS-006515,C-01802,BRAF,biochemical_ic50,17121.5,1,true
OBS-006516,C-02044,EGFR,biochemical_ic50,151.0,2,true
OBS-006517,C-00590,BRAF,cell_viability,1573.1,2,true
OBS-006518,C-01134,EGFR,cell_viability,3.6,2,true
OBS-006519,C-00180,EGFR,cell_viability,4911.6,1,true
OBS-006520,C-00687,ALK,biochemical_ic50,12.5,1,true
OBS-006521,C-00448,MEK1,cell_viability,2.0,2,true
OBS-006522,C-02335,JAK2,biochemical_ic50,6616.8,3,true
OBS-006523,C-00899,EGFR,cell_viability,13.6,1,true
OBS-006524,C-01046,MEK1,biochemical_ic50,36.7,3,true
OBS-006525,C-00965,EGFR,cell_viability,266.3,2,true
OBS-006526,C-00525,MEK1,cell_viability,624.7,3,true
OBS-006527,C-00783,ALK,biochemical_ic50,43457.8,3,true
OBS-006528,C-00776,ALK,biochemical_ic50,371.9,1,true
OBS-006529,C-00305,MEK1,cell_viability,14697.0,2,true
OBS-006530,C-00676,CDK4,cell_viability,2.6,1,true
OBS-006531,C-02257,EGFR,cell_viability,3245.5,2,true
OBS-006532,C-02183,ALK,cell_viability,10.0,2,true
OBS-006533,C-02130,BRAF,biochemical_ic50,43243.0,2,true
OBS-006534,C-00666,ALK,cell_viability,4179.3,3,true
OBS-006535,C-00559,KRAS-G12C,biochemical_ic50,351.2,3,true
OBS-006536,C-01941,PIK3CA,cell_viability,5004.5,1,true
OBS-006537,C-01284,PIK3CA,biochemical_ic50,2250.1,3,true
OBS-006538,C-01173,CDK4,cell_viability,11.8,2,true
OBS-006539,C-02199,PIK3CA,biochemical_ic50,22780.8,3,true
OBS-006540,C-01229,KRAS-G12C,cell_viability,405.0,1,true
OBS-006541,C-01558,MEK1,biochemical_ic50,21868.4,3,true
OBS-006542,C-00236,KRAS-G12C,cell_viability,579.1,1,true
OBS-006543,C-02357,KRAS-G12C,cell_viability,4615.1,1,true
OBS-006544,C-02092,PIK3CA,biochemical_ic50,25.0,1,true
OBS-006545,C-01098,PIK3CA,cell_viability,885.7,3,true
OBS-006546,C-01607,BRAF,biochemical_ic50,94.5,1,true
OBS-006547,C-00264,EGFR,cell_viability,852.6,3,true
OBS-006548,C-00315,PIK3CA,cell_viability,3324.2,2,true
OBS-006549,C-01710,EGFR,biochemical_ic50,4149.3,2,true
OBS-006550,C-00503,JAK2,biochemical_ic50,424.3,1,true
OBS-006551,C-00356,ALK,biochemical_ic50,1.5,3,true
OBS-006552,C-00530,EGFR,cell_viability,3423.8,2,true
OBS-006553,C-00191,JAK2,biochemical_ic50,253.3,2,true
OBS-006554,C-01290,CDK4,biochemical_ic50,384.8,1,true
OBS-006555,C-01771,PIK3CA,biochemical_ic50,12334.3,1,true
OBS-006556,C-01800,KRAS-G12C,cell_viability,11.5,3,true
OBS-006557,C-02306,JAK2,biochemical_ic50,1.7,2,true
OBS-006558,C-00932,KRAS-G12C,biochemical_ic50,123.1,3,true
OBS-006559,C-02255,CDK4,biochemical_ic50,7.6,2,true
OBS-006560,C-02116,BRAF,cell_viability,3.3,3,true
OBS-006561,C-00663,ALK,biochemical_ic50,23.9,3,true
OBS-006562,C-00750,BRAF,cell_viability,8.4,3,true
OBS-006563,C-01523,MEK1,cell_viability,9.3,2,true
OBS-006564,C-01415,JAK2,biochemical_ic50,2141.6,3,true
OBS-006565,C-00218,CDK4,biochemical_ic50,7.8,2,true
OBS-006566,C-00138,KRAS-G12C,biochemical_ic50,82.3,1,true
OBS-006567,C-00643,ALK,biochemical_ic50,550.8,3,true
OBS-006568,C-01889,PIK3CA,biochemical_ic50,4156.3,2,true
OBS-006569,C-02326,MEK1,cell_viability,4.3,3,true
OBS-006570,C-01866,EGFR,cell_viability,1.1,2,true
OBS-006571,C-02043,MEK1,biochemical_ic50,2.5,3,true
OBS-006572,C-00263,ALK,cell_viability,2333.5,3,true
OBS-006573,C-00800,CDK4,biochemical_ic50,25394.5,1,true
OBS-006574,C-02168,PIK3CA,biochemical_ic50,234.8,1,true
OBS-006575,C-02182,EGFR,biochemical_ic50,19485.8,1,true
OBS-006576,C-01623,MEK1,biochemical_ic50,3.3,3,true
OBS-006577,C-00219,MEK1,cell_viability,27376.3,3,true
OBS-006578,C-01209,JAK2,cell_viability,20249.9,2,true
OBS-006579,C-02065,JAK2,biochemical_ic50,10.7,1,true
OBS-006580,C-01577,JAK2,biochemical_ic50,6197.1,2,true
OBS-006581,C-01300,ALK,cell_viability,174.4,2,true
OBS-006582,C-01112,ALK,biochemical_ic50,19433.0,2,true
OBS-006583,C-01606,KRAS-G12C,biochemical_ic50,262.2,2,true
OBS-006584,C-02240,KRAS-G12C,biochemical_ic50,1.5,3,true
OBS-006585,C-00818,JAK2,cell_viability,124.5,3,true
OBS-006586,C-00325,PIK3CA,biochemical_ic50,322.4,2,true
OBS-006587,C-01859,ALK,biochemical_ic50,2.0,2,true
OBS-006588,C-02345,KRAS-G12C,biochemical_ic50,1140.0,1,true
OBS-006589,C-01208,JAK2,cell_viability,3.0,3,true
OBS-006590,C-00635,MEK1,cell_viability,1.4,3,true
OBS-006591,C-00443,MEK1,biochemical_ic50,10.9,1,true
OBS-006592,C-00050,CDK4,cell_viability,2.5,1,true
OBS-006593,C-01098,KRAS-G12C,cell_viability,1.1,1,true
OBS-006594,C-00159,ALK,cell_viability,826.9,1,true
OBS-006595,C-00665,KRAS-G12C,cell_viability,1.6,3,true
OBS-006596,C-01605,PIK3CA,cell_viability,857.2,3,true
OBS-006597,C-00907,ALK,cell_viability,1.8,2,true
OBS-006598,C-02174,BRAF,biochemical_ic50,40780.5,1,true
OBS-006599,C-01425,BRAF,biochemical_ic50,4175.4,1,true
OBS-006600,C-02076,ALK,biochemical_ic50,5.9,1,true
OBS-006601,C-00881,CDK4,cell_viability,27.4,3,true
OBS-006602,C-00146,EGFR,cell_viability,901.8,1,true
OBS-006603,C-00687,ALK,biochemical_ic50,4.6,1,true
OBS-006604,C-00273,PIK3CA,biochemical_ic50,40745.3,2,true
OBS-006605,C-00968,EGFR,biochemical_ic50,2.6,1,true
OBS-006606,C-00332,CDK4,biochemical_ic50,41978.5,3,true
OBS-006607,C-00757,PIK3CA,cell_viability,37286.9,3,true
OBS-006608,C-02056,KRAS-G12C,biochemical_ic50,165.3,3,true
OBS-006609,C-00527,PIK3CA,biochemical_ic50,1.2,3,true
OBS-006610,C-01557,KRAS-G12C,biochemical_ic50,23878.6,2,true
OBS-006611,C-00124,BRAF,cell_viability,41016.3,3,true
OBS-006612,C-01252,EGFR,cell_viability,2341.0,2,true
OBS-006613,C-00275,PIK3CA,biochemical_ic50,17200.3,2,true
OBS-006614,C-01968,MEK1,biochemical_ic50,2.0,1,true
OBS-006615,C-00727,JAK2,biochemical_ic50,5.5,3,true
OBS-006616,C-00366,PIK3CA,biochemical_ic50,59.8,1,true
OBS-006617,C-00378,ALK,biochemical_ic50,42964.7,3,true
OBS-006618,C-00635,MEK1,biochemical_ic50,46.1,1,true
OBS-006619,C-01028,ALK,cell_viability,12.9,3,true
OBS-006620,C-00580,KRAS-G12C,cell_viability,2.6,1,true
OBS-006621,C-00410,BRAF,cell_viability,1362.2,2,true
OBS-006622,C-01784,BRAF,biochemical_ic50,127.2,1,true
OBS-006623,C-00299,JAK2,biochemical_ic50,3468.3,3,true
OBS-006624,C-00527,KRAS-G12C,cell_viability,900.6,1,true
OBS-006625,C-02277,EGFR,cell_viability,1008.2,1,true
OBS-006626,C-01351,KRAS-G12C,biochemical_ic50,2385.2,1,true
OBS-006627,C-01493,CDK4,cell_viability,2.0,3,true
OBS-006628,C-00414,ALK,cell_viability,1866.6,2,true
OBS-006629,C-00738,BRAF,cell_viability,17613.9,1,true
OBS-006630,C-02398,MEK1,cell_viability,1.5,2,true
OBS-006631,C-00339,BRAF,cell_viability,354.6,1,true
OBS-006632,C-01571,CDK4,cell_viability,759.4,1,true
OBS-006633,C-02263,ALK,cell_viability,7.0,1,true
OBS-006634,C-00355,KRAS-G12C,cell_viability,5097.9,2,true
OBS-006635,C-01116,PIK3CA,biochemical_ic50,40982.4,3,true
OBS-006636,C-02333,JAK2,biochemical_ic50,3.5,3,true
OBS-006637,C-00483,EGFR,biochemical_ic50,12257.2,1,true
OBS-006638,C-01975,EGFR,biochemical_ic50,16.3,2,true
OBS-006639,C-01027,CDK4,biochemical_ic50,27.3,1,true
OBS-006640,C-00126,EGFR,biochemical_ic50,439.5,1,true
OBS-006641,C-00961,KRAS-G12C,cell_viability,365.0,2,true
OBS-006642,C-00144,PIK3CA,biochemical_ic50,2.7,1,true
OBS-006643,C-01184,PIK3CA,biochemical_ic50,1503.2,2,true
OBS-006644,C-01575,MEK1,cell_viability,214.1,3,true
OBS-006645,C-02111,EGFR,biochemical_ic50,89.4,2,true
OBS-006646,C-01359,JAK2,cell_viability,458.4,2,true
OBS-006647,C-00767,CDK4,biochemical_ic50,121.5,3,true
OBS-006648,C-00763,ALK,biochemical_ic50,2144.8,1,true
OBS-006649,C-01150,CDK4,cell_viability,1178.9,3,true
OBS-006650,C-01993,BRAF,cell_viability,314.6,3,true
OBS-006651,C-00509,KRAS-G12C,cell_viability,13.2,1,true
OBS-006652,C-01430,CDK4,cell_viability,9179.4,1,true
OBS-006653,C-00861,MEK1,cell_viability,58.5,2,true
OBS-006654,C-00498,EGFR,biochemical_ic50,8825.9,1,true
OBS-006655,C-02052,EGFR,biochemical_ic50,1.1,2,true
OBS-006656,C-00618,PIK3CA,biochemical_ic50,203.0,3,true
OBS-006657,C-01169,ALK,cell_viability,40.1,2,true
OBS-006658,C-02191,CDK4,biochemical_ic50,4788.9,2,true
OBS-006659,C-01556,EGFR,cell_viability,5.6,2,true
OBS-006660,C-00961,ALK,cell_viability,14.8,2,true
OBS-006661,C-00653,ALK,cell_viability,1865.2,1,true
OBS-006662,C-02365,ALK,biochemical_ic50,3778.4,3,true
OBS-006663,C-00339,ALK,cell_viability,11864.8,2,true
OBS-006664,C-00993,MEK1,cell_viability,3369.8,3,true
OBS-006665,C-01456,CDK4,biochemical_ic50,10.9,1,true
OBS-006666,C-00722,ALK,cell_viability,11877.7,1,true
OBS-006667,C-00671,KRAS-G12C,biochemical_ic50,299.5,1,true
OBS-006668,C-00386,BRAF,cell_viability,1898.0,2,true
OBS-006669,C-00372,CDK4,biochemical_ic50,1204.5,3,true
OBS-006670,C-01634,CDK4,biochemical_ic50,23955.4,3,true
OBS-006671,C-01049,MEK1,biochemical_ic50,10.5,3,true
OBS-006672,C-01096,CDK4,biochemical_ic50,31.6,2,true
OBS-006673,C-01269,KRAS-G12C,cell_viability,22346.7,3,true
OBS-006674,C-00419,MEK1,biochemical_ic50,35.6,1,true
OBS-006675,C-00469,MEK1,cell_viability,1.8,3,true
OBS-006676,C-00654,JAK2,cell_viability,2120.4,3,true
OBS-006677,C-01928,BRAF,biochemical_ic50,3.1,1,true
OBS-006678,C-01616,BRAF,biochemical_ic50,1.6,3,true
OBS-006679,C-02238,MEK1,cell_viability,1517.9,1,true
OBS-006680,C-00045,MEK1,biochemical_ic50,194.7,3,true
OBS-006681,C-00637,PIK3CA,biochemical_ic50,216.1,1,true
OBS-006682,C-02075,EGFR,biochemical_ic50,6168.4,2,true
OBS-006683,C-00583,KRAS-G12C,cell_viability,19367.7,1,true
OBS-006684,C-00364,MEK1,cell_viability,3546.1,3,true
OBS-006685,C-02144,PIK3CA,biochemical_ic50,23.9,1,true
OBS-006686,C-02232,CDK4,biochemical_ic50,112.2,1,true
OBS-006687,C-02072,JAK2,biochemical_ic50,81.2,1,true
OBS-006688,C-01429,BRAF,biochemical_ic50,141.0,3,true
OBS-006689,C-01911,CDK4,cell_viability,28.0,3,true
OBS-006690,C-00237,EGFR,biochemical_ic50,16.7,3,true
OBS-006691,C-00383,ALK,cell_viability,4.8,2,true
OBS-006692,C-02097,JAK2,biochemical_ic50,10.5,2,true
OBS-006693,C-00143,PIK3CA,biochemical_ic50,44.4,2,true
OBS-006694,C-02053,ALK,biochemical_ic50,2456.9,2,true
OBS-006695,C-01726,MEK1,cell_viability,61.8,3,true
OBS-006696,C-01582,BRAF,cell_viability,11.0,3,true
OBS-006697,C-00561,EGFR,cell_viability,9.0,3,true
OBS-006698,C-00046,CDK4,biochemical_ic50,2046.1,1,true
OBS-006699,C-01622,EGFR,cell_viability,26892.1,2,true
OBS-006700,C-01767,EGFR,cell_viability,22.8,2,true
OBS-006701,C-01118,MEK1,biochemical_ic50,7.2,1,true
OBS-006702,C-01082,PIK3CA,biochemical_ic50,42.7,1,true
OBS-006703,C-00650,CDK4,biochemical_ic50,136.2,2,true
OBS-006704,C-00901,BRAF,cell_viability,42.6,2,true
OBS-006705,C-01970,EGFR,biochemical_ic50,1008.8,1,true
OBS-006706,C-01813,JAK2,biochemical_ic50,2.9,2,true
OBS-006707,C-00508,BRAF,cell_viability,7407.9,2,true
OBS-006708,C-00522,CDK4,biochemical_ic50,11346.1,1,true
OBS-006709,C-02043,PIK3CA,cell_viability,17.8,3,true
OBS-006710,C-01418,EGFR,biochemical_ic50,6.7,1,true
OBS-006711,C-01247,ALK,biochemical_ic50,16.6,3,true
OBS-006712,C-00327,KRAS-G12C,cell_viability,1.7,1,true
OBS-006713,C-02386,PIK3CA,cell_viability,6626.2,3,true
OBS-006714,C-01880,JAK2,cell_viability,15218.1,3,true
OBS-006715,C-01275,JAK2,biochemical_ic50,19.9,1,true
OBS-006716,C-01607,MEK1,biochemical_ic50,14551.4,1,true
OBS-006717,C-01722,CDK4,biochemical_ic50,6.4,2,true
OBS-006718,C-01865,JAK2,cell_viability,88.1,3,true
OBS-006719,C-00914,MEK1,cell_viability,51.0,3,true
OBS-006720,C-01690,EGFR,cell_viability,21.2,1,true
OBS-006721,C-00295,EGFR,cell_viability,4.4,3,true
OBS-006722,C-01421,ALK,biochemical_ic50,3.2,3,true
OBS-006723,C-00824,EGFR,biochemical_ic50,2.6,2,true
OBS-006724,C-00705,KRAS-G12C,cell_viability,622.3,3,true
OBS-006725,C-01731,ALK,biochemical_ic50,25.6,3,true
OBS-006726,C-02310,ALK,cell_viability,1.5,1,true
OBS-006727,C-01595,EGFR,biochemical_ic50,7669.0,3,true
OBS-006728,C-01586,JAK2,biochemical_ic50,9.5,2,true
OBS-006729,C-01235,PIK3CA,biochemical_ic50,6322.1,1,true
OBS-006730,C-00399,ALK,biochemical_ic50,402.4,2,true
OBS-006731,C-01458,JAK2,cell_viability,8787.1,1,true
OBS-006732,C-01467,PIK3CA,biochemical_ic50,2.3,3,true
OBS-006733,C-01255,EGFR,biochemical_ic50,1.5,1,true
OBS-006734,C-00348,MEK1,cell_viability,39371.9,3,true
OBS-006735,C-01386,KRAS-G12C,cell_viability,3.0,3,true
OBS-006736,C-01415,JAK2,biochemical_ic50,284.0,1,true
OBS-006737,C-01154,KRAS-G12C,biochemical_ic50,8.8,3,true
OBS-006738,C-01198,MEK1,cell_viability,1913.9,3,true
OBS-006739,C-02082,EGFR,cell_viability,7.2,1,true
OBS-006740,C-01539,ALK,cell_viability,215.4,3,true
OBS-006741,C-01220,ALK,biochemical_ic50,12796.1,1,true
OBS-006742,C-00622,CDK4,biochemical_ic50,2.5,3,true
OBS-006743,C-00611,ALK,cell_viability,808.1,3,true
OBS-006744,C-01391,PIK3CA,cell_viability,640.7,1,true
OBS-006745,C-00690,MEK1,biochemical_ic50,8.9,3,true
OBS-006746,C-01719,EGFR,biochemical_ic50,1781.7,1,true
OBS-006747,C-01205,BRAF,biochemical_ic50,688.4,1,true
OBS-006748,C-01013,ALK,biochemical_ic50,11.8,1,true
OBS-006749,C-00592,KRAS-G12C,cell_viability,1418.0,1,true
OBS-006750,C-00254,BRAF,cell_viability,12167.3,3,true
OBS-006751,C-02230,BRAF,biochemical_ic50,73.7,2,true
OBS-006752,C-00832,PIK3CA,cell_viability,1095.3,1,true
OBS-006753,C-02273,JAK2,biochemical_ic50,4.5,1,true
OBS-006754,C-00627,KRAS-G12C,biochemical_ic50,3183.0,3,true
OBS-006755,C-01440,EGFR,biochemical_ic50,1529.4,3,true
OBS-006756,C-01709,JAK2,cell_viability,206.8,1,true
OBS-006757,C-00935,MEK1,cell_viability,470.4,3,true
OBS-006758,C-01112,MEK1,cell_viability,1065.2,3,true
OBS-006759,C-00124,ALK,biochemical_ic50,2.3,3,true
OBS-006760,C-01441,EGFR,biochemical_ic50,133.8,1,true
OBS-006761,C-01158,CDK4,biochemical_ic50,7649.3,2,true
OBS-006762,C-00046,JAK2,cell_viability,3.7,1,true
OBS-006763,C-01943,ALK,cell_viability,101.1,3,true
OBS-006764,C-01586,PIK3CA,cell_viability,52.6,2,true
OBS-006765,C-01020,BRAF,cell_viability,4289.3,1,true
OBS-006766,C-01437,JAK2,biochemical_ic50,2.7,1,true
OBS-006767,C-02028,JAK2,cell_viability,2835.2,1,true
OBS-006768,C-00509,EGFR,cell_viability,8373.4,2,true
OBS-006769,C-01829,MEK1,biochemical_ic50,1247.4,1,true
OBS-006770,C-00475,CDK4,cell_viability,1625.8,1,true
OBS-006771,C-02272,KRAS-G12C,biochemical_ic50,661.7,1,true
OBS-006772,C-00740,PIK3CA,biochemical_ic50,11.1,3,true
OBS-006773,C-00902,ALK,biochemical_ic50,2946.5,2,true
OBS-006774,C-01084,JAK2,cell_viability,4421.9,1,true
OBS-006775,C-00782,PIK3CA,cell_viability,7.3,1,true
OBS-006776,C-00341,KRAS-G12C,cell_viability,1.7,2,true
OBS-006777,C-02173,MEK1,biochemical_ic50,3.6,1,true
OBS-006778,C-01712,JAK2,biochemical_ic50,27509.7,2,true
OBS-006779,C-02053,MEK1,biochemical_ic50,103.8,2,true
OBS-006780,C-00812,BRAF,cell_viability,101.4,2,true
OBS-006781,C-01312,PIK3CA,cell_viability,20.3,2,true
OBS-006782,C-00970,MEK1,biochemical_ic50,29.4,1,true
OBS-006783,C-01417,CDK4,cell_viability,8206.7,2,true
OBS-006784,C-01428,CDK4,biochemical_ic50,117.5,2,true
OBS-006785,C-01530,ALK,biochemical_ic50,5607.8,1,true
OBS-006786,C-02032,ALK,biochemical_ic50,215.2,1,true
OBS-006787,C-01530,KRAS-G12C,cell_viability,40.2,1,true
OBS-006788,C-02317,PIK3CA,cell_viability,5.8,1,true
OBS-006789,C-01251,MEK1,biochemical_ic50,16.2,2,true
OBS-006790,C-00637,MEK1,biochemical_ic50,31366.1,2,true
OBS-006791,C-02293,JAK2,cell_viability,2316.9,2,true
OBS-006792,C-01454,BRAF,cell_viability,1.0,3,true
OBS-006793,C-00871,MEK1,cell_viability,1409.0,2,true
OBS-006794,C-00445,MEK1,biochemical_ic50,6371.6,1,true
OBS-006795,C-00592,KRAS-G12C,biochemical_ic50,5994.2,3,true
OBS-006796,C-00067,MEK1,biochemical_ic50,64.4,3,true
OBS-006797,C-01550,MEK1,biochemical_ic50,3786.8,3,true
OBS-006798,C-00946,MEK1,cell_viability,2.9,3,true
OBS-006799,C-00489,BRAF,cell_viability,4337.4,3,true
OBS-006800,C-00515,MEK1,biochemical_ic50,1977.0,3,true
OBS-006801,C-00043,JAK2,biochemical_ic50,6.3,1,true
OBS-006802,C-00747,BRAF,biochemical_ic50,384.6,2,true
OBS-006803,C-00829,PIK3CA,biochemical_ic50,8.4,1,true
OBS-006804,C-00340,EGFR,cell_viability,11.0,2,true
OBS-006805,C-01142,KRAS-G12C,biochemical_ic50,14872.8,1,true
OBS-006806,C-02181,BRAF,biochemical_ic50,19301.7,1,true
OBS-006807,C-02181,BRAF,cell_viability,164.4,2,true
OBS-006808,C-01551,MEK1,cell_viability,17.3,3,true
OBS-006809,C-01258,CDK4,biochemical_ic50,324.9,2,true
OBS-006810,C-02295,BRAF,cell_viability,9.9,2,true
OBS-006811,C-01853,EGFR,biochemical_ic50,2075.4,2,true
OBS-006812,C-00139,CDK4,biochemical_ic50,276.4,1,true
OBS-006813,C-00573,ALK,biochemical_ic50,1.6,2,true
OBS-006814,C-00926,ALK,cell_viability,286.3,2,true
OBS-006815,C-00537,ALK,biochemical_ic50,3207.2,3,true
OBS-006816,C-00935,ALK,cell_viability,1664.2,2,true
OBS-006817,C-02398,MEK1,biochemical_ic50,1.9,2,true
OBS-006818,C-01738,KRAS-G12C,cell_viability,43173.5,1,true
OBS-006819,C-00931,JAK2,cell_viability,8393.1,3,true
OBS-006820,C-01008,MEK1,biochemical_ic50,19.3,2,true
OBS-006821,C-02132,EGFR,biochemical_ic50,71.2,1,true
OBS-006822,C-00423,CDK4,cell_viability,1.2,3,true
OBS-006823,C-00771,CDK4,cell_viability,4.2,2,true
OBS-006824,C-01976,CDK4,cell_viability,1971.5,2,true
OBS-006825,C-02400,ALK,biochemical_ic50,72.2,3,true
OBS-006826,C-01387,BRAF,biochemical_ic50,20166.6,1,true
OBS-006827,C-01764,ALK,cell_viability,1479.7,3,true
OBS-006828,C-01688,EGFR,cell_viability,266.6,2,true
OBS-006829,C-01943,PIK3CA,biochemical_ic50,20625.5,3,true
OBS-006830,C-02225,PIK3CA,biochemical_ic50,1.2,2,true
OBS-006831,C-00840,ALK,biochemical_ic50,29.6,3,true
OBS-006832,C-02065,JAK2,cell_viability,3322.8,3,true
OBS-006833,C-00853,EGFR,cell_viability,24.7,1,true
OBS-006834,C-00255,BRAF,biochemical_ic50,3.5,1,true
OBS-006835,C-01643,JAK2,cell_viability,1.5,2,true
OBS-006836,C-00944,CDK4,biochemical_ic50,354.1,2,true
OBS-006837,C-00090,MEK1,cell_viability,31.1,3,true
OBS-006838,C-00647,KRAS-G12C,cell_viability,7384.3,1,true
OBS-006839,C-02029,CDK4,cell_viability,310.4,3,true
OBS-006840,C-01431,ALK,cell_viability,177.4,3,true
OBS-006841,C-01839,CDK4,biochemical_ic50,429.7,2,true
OBS-006842,C-00333,PIK3CA,biochemical_ic50,50.3,1,true
OBS-006843,C-01150,MEK1,biochemical_ic50,44.2,2,true
OBS-006844,C-00890,BRAF,cell_viability,6159.8,2,true
OBS-006845,C-01153,KRAS-G12C,biochemical_ic50,1447.5,3,true
OBS-006846,C-01836,CDK4,biochemical_ic50,5.0,1,true
OBS-006847,C-01167,KRAS-G12C,biochemical_ic50,22218.7,1,true
OBS-006848,C-01331,EGFR,cell_viability,542.6,2,true
OBS-006849,C-00762,EGFR,biochemical_ic50,4.8,1,true
OBS-006850,C-00477,PIK3CA,cell_viability,435.7,3,true
OBS-006851,C-02242,PIK3CA,biochemical_ic50,384.4,3,true
OBS-006852,C-00063,PIK3CA,cell_viability,2950.6,2,true
OBS-006853,C-01765,CDK4,biochemical_ic50,108.6,3,true
OBS-006854,C-00590,MEK1,biochemical_ic50,152.4,3,true
OBS-006855,C-02281,MEK1,biochemical_ic50,25.2,2,true
OBS-006856,C-01779,PIK3CA,biochemical_ic50,203.4,3,true
OBS-006857,C-02008,BRAF,biochemical_ic50,24448.3,3,true
OBS-006858,C-00024,KRAS-G12C,biochemical_ic50,733.6,3,true
OBS-006859,C-01561,ALK,biochemical_ic50,71.2,3,true
OBS-006860,C-02083,CDK4,cell_viability,30628.2,2,true
OBS-006861,C-01271,JAK2,cell_viability,451.1,3,true
OBS-006862,C-00796,JAK2,biochemical_ic50,2.2,3,true
OBS-006863,C-00907,EGFR,biochemical_ic50,21809.9,2,true
OBS-006864,C-01879,CDK4,biochemical_ic50,11282.3,2,true
OBS-006865,C-01709,PIK3CA,cell_viability,256.3,3,true
OBS-006866,C-01812,EGFR,biochemical_ic50,4.4,1,true
OBS-006867,C-00487,PIK3CA,biochemical_ic50,9851.5,2,true
OBS-006868,C-00551,CDK4,biochemical_ic50,3122.8,3,true
OBS-006869,C-00254,EGFR,biochemical_ic50,1.9,3,true
OBS-006870,C-01044,PIK3CA,cell_viability,1756.4,1,true
OBS-006871,C-01548,JAK2,cell_viability,1181.9,3,true
OBS-006872,C-01809,CDK4,biochemical_ic50,5843.7,2,true
OBS-006873,C-01447,KRAS-G12C,biochemical_ic50,496.3,1,true
OBS-006874,C-00665,KRAS-G12C,biochemical_ic50,1330.4,3,true
OBS-006875,C-00592,PIK3CA,cell_viability,152.0,3,true
OBS-006876,C-01449,JAK2,cell_viability,10.6,1,true
OBS-006877,C-00896,JAK2,cell_viability,319.6,2,true
OBS-006878,C-01489,ALK,cell_viability,142.9,2,true
OBS-006879,C-00070,KRAS-G12C,cell_viability,1.9,2,true
OBS-006880,C-01426,CDK4,cell_viability,3184.2,1,true
OBS-006881,C-01476,MEK1,cell_viability,36.7,3,true
OBS-006882,C-00355,KRAS-G12C,cell_viability,6606.3,1,true
OBS-006883,C-02111,JAK2,cell_viability,321.1,1,true
OBS-006884,C-01083,KRAS-G12C,biochemical_ic50,18778.7,2,true
OBS-006885,C-00128,KRAS-G12C,cell_viability,379.6,1,true
OBS-006886,C-01776,ALK,cell_viability,420.7,2,true
OBS-006887,C-00072,BRAF,biochemical_ic50,6496.9,2,true
OBS-006888,C-01215,PIK3CA,biochemical_ic50,11.2,3,true
OBS-006889,C-00156,CDK4,cell_viability,30550.6,3,true
OBS-006890,C-02064,BRAF,biochemical_ic50,2.5,1,true
OBS-006891,C-00913,ALK,cell_viability,5.4,3,true
OBS-006892,C-00136,CDK4,biochemical_ic50,195.9,3,true
OBS-006893,C-00955,JAK2,biochemical_ic50,925.2,1,true
OBS-006894,C-00218,EGFR,biochemical_ic50,7.1,1,true
OBS-006895,C-00976,ALK,cell_viability,58.9,2,true
OBS-006896,C-02125,PIK3CA,biochemical_ic50,3913.8,1,true
OBS-006897,C-00163,CDK4,cell_viability,29593.4,3,true
OBS-006898,C-00325,ALK,cell_viability,11400.3,2,true
OBS-006899,C-00044,BRAF,biochemical_ic50,3.6,3,true
OBS-006900,C-02354,MEK1,cell_viability,54.3,2,true
OBS-006901,C-02334,EGFR,biochemical_ic50,88.2,1,true
OBS-006902,C-02137,PIK3CA,biochemical_ic50,13377.8,1,true
OBS-006903,C-01097,JAK2,cell_viability,17651.4,3,true
OBS-006904,C-01235,BRAF,biochemical_ic50,8.5,3,true
OBS-006905,C-00291,KRAS-G12C,biochemical_ic50,2098.3,3,true
OBS-006906,C-00229,ALK,biochemical_ic50,17861.1,2,true
OBS-006907,C-00795,ALK,biochemical_ic50,62.7,3,true
OBS-006908,C-00841,PIK3CA,cell_viability,36209.6,3,true
OBS-006909,C-01121,CDK4,cell_viability,31.8,3,true
OBS-006910,C-01182,ALK,biochemical_ic50,59.6,1,true
OBS-006911,C-00925,MEK1,biochemical_ic50,55.7,2,true
OBS-006912,C-01281,EGFR,cell_viability,17059.0,3,true
OBS-006913,C-00613,EGFR,cell_viability,12490.9,2,true
OBS-006914,C-01978,JAK2,biochemical_ic50,39375.6,1,true
OBS-006915,C-02256,KRAS-G12C,biochemical_ic50,3057.6,2,true
OBS-006916,C-01765,KRAS-G12C,biochemical_ic50,2237.6,1,true
OBS-006917,C-01746,CDK4,biochemical_ic50,6074.7,3,true
OBS-006918,C-00548,ALK,biochemical_ic50,52.6,3,true
OBS-006919,C-00099,KRAS-G12C,biochemical_ic50,2.7,3,true
OBS-006920,C-00682,KRAS-G12C,biochemical_ic50,26972.2,2,true
OBS-006921,C-00082,JAK2,cell_viability,3759.8,1,true
OBS-006922,C-01544,EGFR,biochemical_ic50,12196.1,3,true
OBS-006923,C-02131,KRAS-G12C,biochemical_ic50,5.2,1,true
OBS-006924,C-02341,KRAS-G12C,cell_viability,3.3,2,true
OBS-006925,C-01637,JAK2,biochemical_ic50,3412.0,1,true
OBS-006926,C-01441,EGFR,cell_viability,78.9,2,true
OBS-006927,C-01015,JAK2,biochemical_ic50,27690.3,2,true
OBS-006928,C-01529,KRAS-G12C,biochemical_ic50,7136.1,2,true
OBS-006929,C-02368,KRAS-G12C,cell_viability,775.2,1,true
OBS-006930,C-00934,BRAF,biochemical_ic50,19.0,3,true
OBS-006931,C-00315,ALK,biochemical_ic50,71.1,3,true
OBS-006932,C-02113,KRAS-G12C,cell_viability,9.1,1,true
OBS-006933,C-00137,CDK4,biochemical_ic50,101.5,1,true
OBS-006934,C-01852,MEK1,biochemical_ic50,2.0,3,true
OBS-006935,C-00688,EGFR,biochemical_ic50,44.5,2,true
OBS-006936,C-02318,KRAS-G12C,cell_viability,16.8,2,true
OBS-006937,C-00045,JAK2,cell_viability,185.0,2,true
OBS-006938,C-00525,KRAS-G12C,cell_viability,7.5,1,true
OBS-006939,C-01597,ALK,cell_viability,10784.6,3,true
OBS-006940,C-00560,ALK,biochemical_ic50,3514.7,3,true
OBS-006941,C-00583,ALK,cell_viability,15.8,2,true
OBS-006942,C-01270,MEK1,biochemical_ic50,6394.4,3,true
OBS-006943,C-01098,KRAS-G12C,cell_viability,3449.6,1,true
OBS-006944,C-00124,PIK3CA,cell_viability,1163.9,3,true
OBS-006945,C-01460,PIK3CA,biochemical_ic50,6393.1,3,true
OBS-006946,C-02027,KRAS-G12C,cell_viability,104.2,1,true
OBS-006947,C-01759,MEK1,cell_viability,1.8,3,true
OBS-006948,C-00190,ALK,cell_viability,5275.1,1,true
OBS-006949,C-00262,KRAS-G12C,biochemical_ic50,120.5,2,true
OBS-006950,C-02375,ALK,biochemical_ic50,11.7,3,true
OBS-006951,C-00854,EGFR,cell_viability,8716.7,1,true
OBS-006952,C-01846,PIK3CA,cell_viability,1.3,2,true
OBS-006953,C-01734,EGFR,cell_viability,498.4,2,true
OBS-006954,C-00538,PIK3CA,biochemical_ic50,16844.4,2,true
OBS-006955,C-02314,PIK3CA,cell_viability,7.4,2,true
OBS-006956,C-00105,KRAS-G12C,cell_viability,20.9,3,true
OBS-006957,C-01892,PIK3CA,cell_viability,37.8,3,true
OBS-006958,C-00052,JAK2,biochemical_ic50,5.5,1,true
OBS-006959,C-00955,CDK4,cell_viability,1.9,1,true
OBS-006960,C-01531,EGFR,cell_viability,989.0,3,true
OBS-006961,C-00953,EGFR,biochemical_ic50,4480.4,1,true
OBS-006962,C-01100,JAK2,biochemical_ic50,2894.1,2,true
OBS-006963,C-01531,ALK,biochemical_ic50,4.5,2,true
OBS-006964,C-00730,BRAF,biochemical_ic50,54.0,2,true
OBS-006965,C-02252,BRAF,biochemical_ic50,8.5,2,true
OBS-006966,C-00777,KRAS-G12C,cell_viability,21378.2,3,true
OBS-006967,C-00152,CDK4,biochemical_ic50,2060.7,3,true
OBS-006968,C-00684,JAK2,cell_viability,16.0,3,true
OBS-006969,C-01367,JAK2,cell_viability,47.0,1,true
OBS-006970,C-00136,ALK,biochemical_ic50,41.7,2,true
OBS-006971,C-01323,ALK,cell_viability,1.9,2,true
OBS-006972,C-00304,CDK4,biochemical_ic50,339.5,1,true
OBS-006973,C-00021,KRAS-G12C,biochemical_ic50,1.2,3,true
OBS-006974,C-00124,MEK1,biochemical_ic50,9.7,1,true
OBS-006975,C-00755,PIK3CA,biochemical_ic50,101.2,3,true
OBS-006976,C-01001,ALK,biochemical_ic50,44132.0,3,true
OBS-006977,C-01740,PIK3CA,biochemical_ic50,31.0,1,true
OBS-006978,C-00511,CDK4,biochemical_ic50,1.9,1,true
OBS-006979,C-01018,BRAF,cell_viability,2806.6,1,true
OBS-006980,C-01274,KRAS-G12C,biochemical_ic50,3736.5,2,true
OBS-006981,C-00572,KRAS-G12C,cell_viability,2897.7,1,true
OBS-006982,C-00629,BRAF,biochemical_ic50,11.3,1,true
OBS-006983,C-01351,BRAF,cell_viability,34.4,1,true
OBS-006984,C-00237,BRAF,cell_viability,509.3,3,true
OBS-006985,C-01985,CDK4,biochemical_ic50,1.2,2,true
OBS-006986,C-01358,CDK4,biochemical_ic50,1773.3,2,true
OBS-006987,C-01241,KRAS-G12C,biochemical_ic50,1077.7,3,true
OBS-006988,C-00975,JAK2,cell_viability,58.0,1,true
OBS-006989,C-01119,EGFR,biochemical_ic50,1.0,1,true
OBS-006990,C-01075,BRAF,cell_viability,8196.2,2,true
OBS-006991,C-02062,KRAS-G12C,biochemical_ic50,2575.8,1,true
OBS-006992,C-01615,BRAF,biochemical_ic50,27291.0,2,true
OBS-006993,C-01910,PIK3CA,cell_viability,7197.7,3,true
OBS-006994,C-00136,CDK4,biochemical_ic50,3782.1,3,true
OBS-006995,C-01795,EGFR,biochemical_ic50,1225.7,3,true
OBS-006996,C-02197,KRAS-G12C,biochemical_ic50,141.9,3,true
OBS-006997,C-01015,ALK,biochemical_ic50,398.7,2,true
OBS-006998,C-01978,KRAS-G12C,cell_viability,10.5,2,true
OBS-006999,C-02065,CDK4,biochemical_ic50,10672.2,2,true
OBS-007000,C-01870,EGFR,cell_viability,5569.5,3,true
OBS-007001,C-00616,CDK4,biochemical_ic50,21.0,2,true
OBS-007002,C-00047,EGFR,biochemical_ic50,338.8,2,true
OBS-007003,C-00220,JAK2,cell_viability,2.4,3,true
OBS-007004,C-01485,ALK,biochemical_ic50,4880.5,1,true
OBS-007005,C-01900,PIK3CA,biochemical_ic50,3133.1,2,true
OBS-007006,C-01600,MEK1,biochemical_ic50,79.0,2,true
OBS-007007,C-00815,JAK2,biochemical_ic50,2720.1,3,true
OBS-007008,C-01324,BRAF,biochemical_ic50,1.6,1,true
OBS-007009,C-01605,JAK2,cell_viability,25753.3,2,true
OBS-007010,C-01593,JAK2,cell_viability,72.5,3,true
OBS-007011,C-02315,ALK,biochemical_ic50,38.1,2,true
OBS-007012,C-01315,EGFR,biochemical_ic50,4266.8,3,true
OBS-007013,C-01767,CDK4,cell_viability,5262.0,1,true
OBS-007014,C-01150,EGFR,cell_viability,14.3,3,true
OBS-007015,C-00361,EGFR,cell_viability,732.0,2,true
OBS-007016,C-01851,ALK,biochemical_ic50,14051.4,1,true
OBS-007017,C-01175,EGFR,biochemical_ic50,6.1,2,true
OBS-007018,C-01012,MEK1,biochemical_ic50,1006.1,2,true
OBS-007019,C-02201,MEK1,biochemical_ic50,336.3,2,true
OBS-007020,C-00321,JAK2,cell_viability,10696.5,2,true
OBS-007021,C-00631,CDK4,biochemical_ic50,10823.0,3,true
OBS-007022,C-00106,JAK2,biochemical_ic50,96.9,1,true
OBS-007023,C-00384,MEK1,cell_viability,1810.1,1,true
OBS-007024,C-01521,EGFR,biochemical_ic50,5439.6,1,true
OBS-007025,C-02067,JAK2,cell_viability,67.2,2,true
OBS-007026,C-01625,MEK1,biochemical_ic50,547.5,1,true
OBS-007027,C-01357,MEK1,cell_viability,41306.9,3,true
OBS-007028,C-01890,PIK3CA,cell_viability,1745.8,3,true
OBS-007029,C-01408,PIK3CA,biochemical_ic50,796.4,3,true
OBS-007030,C-01989,PIK3CA,biochemical_ic50,11209.5,2,true
OBS-007031,C-02368,MEK1,cell_viability,9888.4,2,true
OBS-007032,C-00516,KRAS-G12C,biochemical_ic50,997.8,3,true
OBS-007033,C-01093,ALK,biochemical_ic50,2212.1,1,true
OBS-007034,C-02244,JAK2,cell_viability,1239.4,1,true
OBS-007035,C-01615,MEK1,cell_viability,467.1,2,true
OBS-007036,C-01953,CDK4,cell_viability,17086.9,2,true
OBS-007037,C-01932,MEK1,cell_viability,7.1,3,true
OBS-007038,C-01460,JAK2,cell_viability,233.1,3,true
OBS-007039,C-00787,KRAS-G12C,biochemical_ic50,8.9,3,true
OBS-007040,C-00487,JAK2,cell_viability,1103.6,1,true
OBS-007041,C-00960,CDK4,cell_viability,1018.0,1,true
OBS-007042,C-01875,BRAF,biochemical_ic50,3555.7,2,true
OBS-007043,C-00005,JAK2,biochemical_ic50,20552.9,3,true
OBS-007044,C-02382,BRAF,biochemical_ic50,1781.7,1,true
OBS-007045,C-00418,PIK3CA,cell_viability,33515.8,2,true
OBS-007046,C-01228,CDK4,biochemical_ic50,18200.9,3,true
OBS-007047,C-01564,EGFR,cell_viability,2.8,1,true
OBS-007048,C-01716,PIK3CA,biochemical_ic50,10001.7,1,true
OBS-007049,C-02270,JAK2,biochemical_ic50,1.8,1,true
OBS-007050,C-01550,JAK2,biochemical_ic50,23672.6,3,true
OBS-007051,C-01985,KRAS-G12C,cell_viability,26.4,1,true
OBS-007052,C-01983,BRAF,cell_viability,9.9,2,true
OBS-007053,C-00782,EGFR,biochemical_ic50,20742.3,3,true
OBS-007054,C-00575,BRAF,biochemical_ic50,5.0,1,true
OBS-007055,C-01775,PIK3CA,cell_viability,1.9,2,true
OBS-007056,C-00122,BRAF,biochemical_ic50,25638.3,1,true
OBS-007057,C-01143,EGFR,cell_viability,25.9,2,true
OBS-007058,C-01862,BRAF,biochemical_ic50,29.1,3,true
OBS-007059,C-01810,KRAS-G12C,biochemical_ic50,141.2,1,true
OBS-007060,C-02017,PIK3CA,biochemical_ic50,40747.6,3,true
OBS-007061,C-00671,ALK,biochemical_ic50,3.8,1,true
OBS-007062,C-01894,JAK2,biochemical_ic50,132.6,3,true
OBS-007063,C-00083,CDK4,cell_viability,4286.8,1,true
OBS-007064,C-01630,CDK4,cell_viability,9.2,3,true
OBS-007065,C-00826,EGFR,biochemical_ic50,2387.1,2,true
OBS-007066,C-01437,ALK,cell_viability,17.0,1,true
OBS-007067,C-00618,PIK3CA,biochemical_ic50,56.9,2,true
OBS-007068,C-00237,PIK3CA,biochemical_ic50,6.3,3,true
OBS-007069,C-00954,ALK,cell_viability,14228.9,1,true
OBS-007070,C-01752,EGFR,cell_viability,13917.1,2,true
OBS-007071,C-00403,ALK,biochemical_ic50,3.3,3,true
OBS-007072,C-01238,ALK,cell_viability,2.4,2,true
OBS-007073,C-01297,PIK3CA,cell_viability,43545.9,3,true
OBS-007074,C-01406,MEK1,cell_viability,301.4,2,true
OBS-007075,C-00358,JAK2,cell_viability,6.6,3,true
OBS-007076,C-02314,JAK2,cell_viability,110.1,3,true
OBS-007077,C-02141,BRAF,biochemical_ic50,4716.8,2,true
OBS-007078,C-00075,EGFR,cell_viability,23.5,1,true
OBS-007079,C-01202,JAK2,cell_viability,29000.9,1,true
OBS-007080,C-01935,MEK1,cell_viability,4.0,1,true
OBS-007081,C-00853,ALK,cell_viability,3.6,2,true
OBS-007082,C-01398,ALK,biochemical_ic50,2.7,2,true
OBS-007083,C-02283,EGFR,cell_viability,8386.0,1,true
OBS-007084,C-01475,MEK1,cell_viability,58.1,1,true
OBS-007085,C-01325,KRAS-G12C,biochemical_ic50,2.3,2,true
OBS-007086,C-01626,ALK,biochemical_ic50,166.3,2,true
OBS-007087,C-01087,JAK2,biochemical_ic50,366.7,2,true
OBS-007088,C-00221,ALK,biochemical_ic50,12621.3,2,true
OBS-007089,C-00383,JAK2,biochemical_ic50,1579.4,3,true
OBS-007090,C-02303,CDK4,biochemical_ic50,623.1,3,true
OBS-007091,C-00736,PIK3CA,biochemical_ic50,145.0,3,true
OBS-007092,C-00191,CDK4,biochemical_ic50,19252.9,1,true
OBS-007093,C-01316,PIK3CA,biochemical_ic50,24.6,2,true
OBS-007094,C-01542,EGFR,biochemical_ic50,1.7,2,true
OBS-007095,C-00692,JAK2,biochemical_ic50,431.2,1,true
OBS-007096,C-01533,EGFR,cell_viability,6.7,1,true
OBS-007097,C-00495,MEK1,biochemical_ic50,2265.1,1,true
OBS-007098,C-01011,EGFR,cell_viability,2362.1,2,true
OBS-007099,C-00570,KRAS-G12C,cell_viability,19.0,2,true
OBS-007100,C-01326,JAK2,cell_viability,1002.7,1,true
OBS-007101,C-00082,EGFR,biochemical_ic50,4.1,2,true
OBS-007102,C-01324,PIK3CA,cell_viability,4.5,3,true
OBS-007103,C-00660,ALK,cell_viability,1767.5,3,true
OBS-007104,C-00916,CDK4,cell_viability,26658.9,1,true
OBS-007105,C-00503,EGFR,cell_viability,208.9,1,true
OBS-007106,C-00086,CDK4,biochemical_ic50,424.1,2,true
OBS-007107,C-01791,CDK4,biochemical_ic50,5.3,1,true
OBS-007108,C-01752,CDK4,cell_viability,648.1,1,true
OBS-007109,C-00391,MEK1,biochemical_ic50,7.9,2,true
OBS-007110,C-00317,JAK2,biochemical_ic50,39.7,2,true
OBS-007111,C-01608,JAK2,biochemical_ic50,84.6,1,true
OBS-007112,C-01421,ALK,cell_viability,571.6,3,true
OBS-007113,C-01484,PIK3CA,biochemical_ic50,15.8,3,true
OBS-007114,C-00545,BRAF,biochemical_ic50,2372.0,2,true
OBS-007115,C-01317,CDK4,biochemical_ic50,2.9,2,true
OBS-007116,C-02084,ALK,cell_viability,26962.6,3,true
OBS-007117,C-02350,KRAS-G12C,cell_viability,2854.2,3,true
OBS-007118,C-01296,KRAS-G12C,cell_viability,12.2,1,true
OBS-007119,C-01487,KRAS-G12C,biochemical_ic50,474.7,2,true
OBS-007120,C-00038,BRAF,biochemical_ic50,3.5,2,true
OBS-007121,C-01155,JAK2,cell_viability,5306.3,2,true
OBS-007122,C-01078,PIK3CA,biochemical_ic50,1.2,3,true
OBS-007123,C-02161,EGFR,biochemical_ic50,3884.5,1,true
OBS-007124,C-01433,CDK4,cell_viability,5.6,2,true
OBS-007125,C-00437,ALK,biochemical_ic50,6468.9,3,true
OBS-007126,C-02262,CDK4,cell_viability,474.0,1,true
OBS-007127,C-00788,PIK3CA,cell_viability,1.5,2,true
OBS-007128,C-01913,JAK2,cell_viability,1227.3,2,true
OBS-007129,C-01708,KRAS-G12C,cell_viability,1.9,3,true
OBS-007130,C-00314,MEK1,cell_viability,281.4,3,true
OBS-007131,C-00007,JAK2,biochemical_ic50,46464.1,1,true
OBS-007132,C-01138,BRAF,cell_viability,38340.9,1,true
OBS-007133,C-00734,ALK,biochemical_ic50,18764.5,1,true
OBS-007134,C-02033,EGFR,cell_viability,45.1,2,true
OBS-007135,C-01803,KRAS-G12C,biochemical_ic50,670.1,2,true
OBS-007136,C-02327,JAK2,biochemical_ic50,66.8,3,true
OBS-007137,C-00691,EGFR,cell_viability,24.2,3,true
OBS-007138,C-01620,ALK,biochemical_ic50,105.2,3,true
OBS-007139,C-00331,CDK4,biochemical_ic50,11.2,3,true
OBS-007140,C-00857,CDK4,cell_viability,1895.9,1,true
OBS-007141,C-02062,JAK2,biochemical_ic50,55.3,2,true
OBS-007142,C-00712,ALK,biochemical_ic50,11.1,2,true
OBS-007143,C-00281,CDK4,cell_viability,231.5,2,true
OBS-007144,C-00061,EGFR,biochemical_ic50,1252.6,3,true
OBS-007145,C-01947,KRAS-G12C,biochemical_ic50,46990.4,2,true
OBS-007146,C-00755,BRAF,cell_viability,1.4,1,true
OBS-007147,C-01306,BRAF,cell_viability,95.2,1,true
OBS-007148,C-01804,KRAS-G12C,cell_viability,4462.2,2,true
OBS-007149,C-00845,MEK1,cell_viability,200.7,1,true
OBS-007150,C-02330,KRAS-G12C,biochemical_ic50,4.8,3,true
OBS-007151,C-00443,PIK3CA,cell_viability,4463.2,3,true
OBS-007152,C-02238,EGFR,biochemical_ic50,3271.7,3,true
OBS-007153,C-00633,CDK4,biochemical_ic50,1136.3,2,true
OBS-007154,C-00329,KRAS-G12C,cell_viability,1.5,3,true
OBS-007155,C-00001,ALK,biochemical_ic50,425.1,2,true
OBS-007156,C-01102,ALK,cell_viability,5.7,1,true
OBS-007157,C-02314,JAK2,cell_viability,46800.1,1,true
OBS-007158,C-00980,BRAF,biochemical_ic50,26.2,3,true
OBS-007159,C-00547,PIK3CA,cell_viability,101.7,2,true
OBS-007160,C-00894,JAK2,biochemical_ic50,345.1,1,true
OBS-007161,C-00965,JAK2,cell_viability,9.5,2,true
OBS-007162,C-00399,PIK3CA,biochemical_ic50,34542.0,3,true
OBS-007163,C-01190,JAK2,biochemical_ic50,32775.4,3,true
OBS-007164,C-00103,MEK1,biochemical_ic50,538.3,3,true
OBS-007165,C-00309,KRAS-G12C,biochemical_ic50,991.9,2,true
OBS-007166,C-00544,CDK4,cell_viability,1.4,3,true
OBS-007167,C-01580,ALK,cell_viability,18765.9,3,true
OBS-007168,C-00518,MEK1,cell_viability,13374.6,3,true
OBS-007169,C-01924,PIK3CA,biochemical_ic50,47020.8,3,true
OBS-007170,C-01493,PIK3CA,biochemical_ic50,6879.6,3,true
OBS-007171,C-01309,BRAF,biochemical_ic50,99.8,2,true
OBS-007172,C-01946,PIK3CA,biochemical_ic50,139.3,2,true
OBS-007173,C-01618,PIK3CA,cell_viability,21.1,2,true
OBS-007174,C-00013,EGFR,cell_viability,3.4,3,true
OBS-007175,C-00848,KRAS-G12C,biochemical_ic50,15.7,1,true
OBS-007176,C-01745,ALK,cell_viability,52.0,1,true
OBS-007177,C-00874,MEK1,cell_viability,746.3,3,true
OBS-007178,C-01018,PIK3CA,cell_viability,30.1,3,true
OBS-007179,C-02343,CDK4,cell_viability,4.4,2,true
OBS-007180,C-01730,BRAF,biochemical_ic50,3335.6,3,true
OBS-007181,C-00992,KRAS-G12C,cell_viability,5.0,1,true
OBS-007182,C-01908,ALK,cell_viability,1.3,2,true
OBS-007183,C-01448,MEK1,cell_viability,4.1,2,true
OBS-007184,C-00783,PIK3CA,biochemical_ic50,4374.5,3,true
OBS-007185,C-02342,ALK,cell_viability,1183.4,2,true
OBS-007186,C-02226,MEK1,biochemical_ic50,2.0,2,true
OBS-007187,C-01813,KRAS-G12C,cell_viability,892.2,3,true
OBS-007188,C-00099,PIK3CA,biochemical_ic50,10683.8,2,true
OBS-007189,C-00275,JAK2,cell_viability,8.1,3,true
OBS-007190,C-00055,PIK3CA,biochemical_ic50,103.8,2,true
OBS-007191,C-00707,BRAF,cell_viability,9.3,2,true
OBS-007192,C-01269,EGFR,biochemical_ic50,17168.6,3,true
OBS-007193,C-00350,KRAS-G12C,cell_viability,1926.4,1,true
OBS-007194,C-02119,EGFR,cell_viability,2.2,1,true
OBS-007195,C-01538,BRAF,biochemical_ic50,47950.3,3,true
OBS-007196,C-01536,JAK2,biochemical_ic50,2.0,1,true
OBS-007197,C-01681,EGFR,cell_viability,10.1,2,true
OBS-007198,C-01244,KRAS-G12C,cell_viability,29.1,1,true
OBS-007199,C-01484,CDK4,cell_viability,37.9,2,true
OBS-007200,C-01621,EGFR,cell_viability,4.7,1,true
OBS-007201,C-00304,MEK1,cell_viability,7.3,2,true
OBS-007202,C-01939,ALK,cell_viability,8740.6,3,true
OBS-007203,C-00012,EGFR,biochemical_ic50,137.5,1,true
OBS-007204,C-00737,EGFR,biochemical_ic50,18.1,2,true
OBS-007205,C-00172,KRAS-G12C,cell_viability,246.1,2,true
OBS-007206,C-01727,CDK4,biochemical_ic50,1.9,3,true
OBS-007207,C-00755,JAK2,cell_viability,1390.3,3,true
OBS-007208,C-01768,EGFR,biochemical_ic50,750.1,3,true
OBS-007209,C-01594,EGFR,cell_viability,2.6,3,true
OBS-007210,C-01175,BRAF,cell_viability,1.4,2,true
OBS-007211,C-00539,KRAS-G12C,cell_viability,34180.8,3,true
OBS-007212,C-01873,JAK2,cell_viability,48658.6,1,true
OBS-007213,C-01825,ALK,cell_viability,7067.5,3,true
OBS-007214,C-01408,BRAF,cell_viability,25.0,2,true
OBS-007215,C-00609,PIK3CA,cell_viability,710.5,2,true
OBS-007216,C-00303,MEK1,biochemical_ic50,1760.4,3,true
OBS-007217,C-00163,BRAF,biochemical_ic50,3898.6,2,true
OBS-007218,C-01275,JAK2,biochemical_ic50,241.4,3,true
OBS-007219,C-02104,CDK4,biochemical_ic50,1.8,3,true
OBS-007220,C-01610,MEK1,cell_viability,5296.2,3,true
OBS-007221,C-01938,KRAS-G12C,biochemical_ic50,2.4,3,true
OBS-007222,C-00054,PIK3CA,biochemical_ic50,11.2,3,true
OBS-007223,C-02108,EGFR,cell_viability,1.9,1,true
OBS-007224,C-00004,CDK4,cell_viability,798.0,3,true
OBS-007225,C-00958,KRAS-G12C,biochemical_ic50,3673.6,2,true
OBS-007226,C-01539,JAK2,cell_viability,436.0,1,true
OBS-007227,C-01125,BRAF,biochemical_ic50,1.0,2,true
OBS-007228,C-01537,KRAS-G12C,biochemical_ic50,25792.4,3,true
OBS-007229,C-01315,EGFR,cell_viability,11.8,2,true
OBS-007230,C-01811,MEK1,cell_viability,5034.4,2,true
OBS-007231,C-02027,KRAS-G12C,biochemical_ic50,1.1,2,true
OBS-007232,C-00597,MEK1,cell_viability,3877.9,1,true
OBS-007233,C-00372,ALK,cell_viability,8.5,1,true
OBS-007234,C-01058,ALK,cell_viability,2.5,2,true
OBS-007235,C-01895,CDK4,cell_viability,3793.3,2,true
OBS-007236,C-00629,CDK4,biochemical_ic50,297.8,2,true
OBS-007237,C-00194,BRAF,biochemical_ic50,18461.4,2,true
OBS-007238,C-01884,JAK2,biochemical_ic50,15.9,3,true
OBS-007239,C-01753,PIK3CA,biochemical_ic50,8.8,1,true
OBS-007240,C-02297,MEK1,biochemical_ic50,4.1,3,true
OBS-007241,C-00284,JAK2,cell_viability,28545.6,3,true
OBS-007242,C-00995,PIK3CA,biochemical_ic50,2.1,1,true
OBS-007243,C-02089,BRAF,biochemical_ic50,82.3,3,true
OBS-007244,C-00318,KRAS-G12C,biochemical_ic50,4860.1,2,true
OBS-007245,C-00433,MEK1,cell_viability,112.8,1,true
OBS-007246,C-00641,BRAF,cell_viability,227.0,3,true
OBS-007247,C-01103,PIK3CA,biochemical_ic50,1481.8,3,true
OBS-007248,C-01929,CDK4,biochemical_ic50,6583.1,2,true
OBS-007249,C-00003,PIK3CA,biochemical_ic50,99.4,2,true
OBS-007250,C-00820,BRAF,biochemical_ic50,176.2,3,true
OBS-007251,C-00823,CDK4,biochemical_ic50,1460.2,3,true
OBS-007252,C-00314,CDK4,biochemical_ic50,6.4,3,true
OBS-007253,C-02014,JAK2,cell_viability,1377.9,1,true
OBS-007254,C-01177,KRAS-G12C,cell_viability,6.6,2,true
OBS-007255,C-01402,PIK3CA,cell_viability,625.6,2,true
OBS-007256,C-01880,KRAS-G12C,biochemical_ic50,81.5,3,true
OBS-007257,C-00233,ALK,cell_viability,20.8,1,true
OBS-007258,C-00507,EGFR,biochemical_ic50,2221.6,2,true
OBS-007259,C-01100,ALK,cell_viability,40.7,1,true
OBS-007260,C-00465,EGFR,biochemical_ic50,459.9,3,true
OBS-007261,C-01215,MEK1,biochemical_ic50,881.3,1,true
OBS-007262,C-00217,MEK1,biochemical_ic50,260.3,2,true
OBS-007263,C-02244,PIK3CA,biochemical_ic50,109.8,3,true
OBS-007264,C-01061,KRAS-G12C,cell_viability,153.9,2,true
OBS-007265,C-02087,MEK1,cell_viability,7.3,1,true
OBS-007266,C-01080,BRAF,cell_viability,425.6,1,true
OBS-007267,C-00752,MEK1,biochemical_ic50,27.0,2,true
OBS-007268,C-00306,CDK4,biochemical_ic50,155.2,1,true
OBS-007269,C-01631,JAK2,biochemical_ic50,1.6,3,true
OBS-007270,C-00164,MEK1,cell_viability,6001.9,3,true
OBS-007271,C-01166,CDK4,biochemical_ic50,2.4,1,true
OBS-007272,C-00802,EGFR,biochemical_ic50,3500.2,3,true
OBS-007273,C-02236,KRAS-G12C,cell_viability,189.4,3,true
OBS-007274,C-01181,JAK2,cell_viability,40185.0,3,true
OBS-007275,C-00378,ALK,cell_viability,10193.8,3,true
OBS-007276,C-02332,PIK3CA,cell_viability,62.1,2,true
OBS-007277,C-00702,KRAS-G12C,biochemical_ic50,92.7,3,true
OBS-007278,C-01749,CDK4,cell_viability,331.3,2,true
OBS-007279,C-01996,JAK2,biochemical_ic50,746.6,3,true
OBS-007280,C-02234,MEK1,biochemical_ic50,8388.0,1,true
OBS-007281,C-01753,EGFR,biochemical_ic50,2125.1,3,true
OBS-007282,C-02352,CDK4,cell_viability,3917.0,3,true
OBS-007283,C-00962,CDK4,cell_viability,19.2,3,true
OBS-007284,C-02027,PIK3CA,cell_viability,52.8,3,true
OBS-007285,C-01275,JAK2,cell_viability,1.2,1,true
OBS-007286,C-00684,JAK2,cell_viability,660.5,3,true
OBS-007287,C-00982,ALK,biochemical_ic50,9456.1,2,true
OBS-007288,C-00269,PIK3CA,biochemical_ic50,22.0,1,true
OBS-007289,C-01919,BRAF,cell_viability,1239.7,3,true
OBS-007290,C-02329,EGFR,biochemical_ic50,31257.8,1,true
OBS-007291,C-02321,JAK2,biochemical_ic50,4806.7,3,true
OBS-007292,C-01068,MEK1,biochemical_ic50,14163.3,3,true
OBS-007293,C-00428,PIK3CA,biochemical_ic50,252.1,3,true
OBS-007294,C-01826,EGFR,biochemical_ic50,41461.7,2,true
OBS-007295,C-01689,PIK3CA,biochemical_ic50,793.5,2,true
OBS-007296,C-00606,BRAF,cell_viability,4.9,2,true
OBS-007297,C-02294,PIK3CA,cell_viability,12.5,3,true
OBS-007298,C-02098,CDK4,biochemical_ic50,7.1,1,true
OBS-007299,C-02198,ALK,cell_viability,3743.0,3,true
OBS-007300,C-00407,EGFR,biochemical_ic50,38.0,1,true
OBS-007301,C-01757,PIK3CA,cell_viability,2.9,2,true
OBS-007302,C-01150,ALK,cell_viability,4529.6,2,true
OBS-007303,C-01825,JAK2,biochemical_ic50,1232.3,2,true
OBS-007304,C-01629,KRAS-G12C,biochemical_ic50,29.5,3,true
OBS-007305,C-00012,KRAS-G12C,biochemical_ic50,625.7,2,true
OBS-007306,C-01768,MEK1,cell_viability,599.1,2,true
OBS-007307,C-02180,BRAF,cell_viability,15.3,3,true
OBS-007308,C-01260,KRAS-G12C,biochemical_ic50,24.3,2,true
OBS-007309,C-01145,MEK1,cell_viability,14120.4,2,true
OBS-007310,C-00285,KRAS-G12C,cell_viability,39151.1,1,true
OBS-007311,C-01450,JAK2,cell_viability,277.8,3,true
OBS-007312,C-00763,MEK1,biochemical_ic50,1216.3,3,true
OBS-007313,C-01896,PIK3CA,biochemical_ic50,7384.8,3,true
OBS-007314,C-01259,MEK1,biochemical_ic50,17330.5,3,true
OBS-007315,C-01102,PIK3CA,biochemical_ic50,2.4,3,true
OBS-007316,C-02072,JAK2,cell_viability,4102.1,2,true
OBS-007317,C-00144,JAK2,cell_viability,29987.7,2,true
OBS-007318,C-02037,ALK,cell_viability,4920.3,2,true
OBS-007319,C-01143,CDK4,biochemical_ic50,21.1,1,true
OBS-007320,C-00752,MEK1,cell_viability,5351.8,2,true
OBS-007321,C-01797,EGFR,cell_viability,50.1,3,true
OBS-007322,C-00545,PIK3CA,biochemical_ic50,3247.0,1,true
OBS-007323,C-01243,KRAS-G12C,biochemical_ic50,261.3,2,true
OBS-007324,C-01535,ALK,cell_viability,1747.5,2,true
OBS-007325,C-01235,EGFR,biochemical_ic50,44.0,2,true
OBS-007326,C-00707,PIK3CA,biochemical_ic50,311.8,1,true
OBS-007327,C-02037,BRAF,cell_viability,5.6,1,true
OBS-007328,C-01607,EGFR,biochemical_ic50,132.1,1,true
OBS-007329,C-01832,ALK,cell_viability,221.8,2,true
OBS-007330,C-00738,MEK1,biochemical_ic50,8.5,1,true
OBS-007331,C-01978,CDK4,cell_viability,46.3,3,true
OBS-007332,C-01434,BRAF,cell_viability,3.7,1,true
OBS-007333,C-00438,ALK,biochemical_ic50,626.8,3,true
OBS-007334,C-02367,JAK2,biochemical_ic50,880.3,3,true
OBS-007335,C-02028,BRAF,cell_viability,21.3,2,true
OBS-007336,C-02286,JAK2,cell_viability,3.7,2,true
OBS-007337,C-02205,PIK3CA,biochemical_ic50,1.2,3,true
OBS-007338,C-01457,KRAS-G12C,cell_viability,1164.8,2,true
OBS-007339,C-01135,MEK1,biochemical_ic50,43695.2,1,true
OBS-007340,C-00580,ALK,biochemical_ic50,36695.6,3,true
OBS-007341,C-01652,EGFR,biochemical_ic50,64.2,3,true
OBS-007342,C-02271,ALK,cell_viability,49507.9,3,true
OBS-007343,C-00443,JAK2,biochemical_ic50,25346.4,2,true
OBS-007344,C-00075,ALK,biochemical_ic50,5.3,2,true
OBS-007345,C-01476,MEK1,biochemical_ic50,7692.6,1,true
OBS-007346,C-01398,CDK4,cell_viability,4.1,3,true
OBS-007347,C-01439,ALK,cell_viability,13.7,3,true
OBS-007348,C-02353,ALK,cell_viability,1.2,1,true
OBS-007349,C-01446,PIK3CA,biochemical_ic50,385.6,1,true
OBS-007350,C-01463,ALK,biochemical_ic50,1927.1,2,true
OBS-007351,C-01703,PIK3CA,biochemical_ic50,5901.6,1,true
OBS-007352,C-00724,BRAF,biochemical_ic50,3.1,3,true
OBS-007353,C-01182,EGFR,cell_viability,2540.4,3,true
OBS-007354,C-01701,EGFR,cell_viability,1297.8,3,true
OBS-007355,C-01985,ALK,cell_viability,3.7,3,true
OBS-007356,C-01890,EGFR,cell_viability,20324.1,3,true
OBS-007357,C-02329,MEK1,biochemical_ic50,1045.8,1,true
OBS-007358,C-01764,CDK4,cell_viability,1559.6,2,true
OBS-007359,C-01955,BRAF,biochemical_ic50,22.1,2,true
OBS-007360,C-02337,MEK1,biochemical_ic50,35.9,1,true
OBS-007361,C-00354,KRAS-G12C,cell_viability,21125.5,1,true
OBS-007362,C-01029,CDK4,cell_viability,13.8,1,true
OBS-007363,C-00079,BRAF,biochemical_ic50,15.8,1,true
OBS-007364,C-02358,KRAS-G12C,cell_viability,511.4,2,true
OBS-007365,C-00529,ALK,biochemical_ic50,323.1,1,true
OBS-007366,C-01862,CDK4,cell_viability,86.5,2,true
OBS-007367,C-00543,ALK,biochemical_ic50,112.8,1,true
OBS-007368,C-00531,PIK3CA,biochemical_ic50,3.2,2,true
OBS-007369,C-02194,KRAS-G12C,cell_viability,7521.0,3,true
OBS-007370,C-00685,CDK4,biochemical_ic50,40.7,1,true
OBS-007371,C-01754,JAK2,cell_viability,9420.7,2,true
OBS-007372,C-01360,PIK3CA,biochemical_ic50,1194.6,2,true
OBS-007373,C-00057,PIK3CA,cell_viability,86.2,2,true
OBS-007374,C-01090,MEK1,biochemical_ic50,1084.0,1,true
OBS-007375,C-00116,KRAS-G12C,cell_viability,33.8,1,true
OBS-007376,C-00196,KRAS-G12C,biochemical_ic50,19.5,2,true
OBS-007377,C-00348,BRAF,cell_viability,2558.2,2,true
OBS-007378,C-01419,EGFR,biochemical_ic50,6.4,3,true
OBS-007379,C-01500,PIK3CA,cell_viability,1428.6,2,true
OBS-007380,C-01920,ALK,biochemical_ic50,10038.2,1,true
OBS-007381,C-00142,JAK2,cell_viability,558.9,2,true
OBS-007382,C-00741,JAK2,biochemical_ic50,1217.5,2,true
OBS-007383,C-01993,ALK,cell_viability,18.5,3,true
OBS-007384,C-01389,CDK4,biochemical_ic50,39.6,3,true
OBS-007385,C-02338,ALK,biochemical_ic50,18.9,3,true
OBS-007386,C-01047,EGFR,biochemical_ic50,5579.8,1,true
OBS-007387,C-00111,JAK2,cell_viability,18585.4,1,true
OBS-007388,C-01689,KRAS-G12C,cell_viability,16.1,3,true
OBS-007389,C-01084,MEK1,cell_viability,182.9,2,true
OBS-007390,C-02320,MEK1,biochemical_ic50,57.7,2,true
OBS-007391,C-01151,PIK3CA,biochemical_ic50,73.9,2,true
OBS-007392,C-00156,ALK,cell_viability,3047.2,3,true
OBS-007393,C-01849,KRAS-G12C,cell_viability,3.3,2,true
OBS-007394,C-00262,JAK2,biochemical_ic50,6769.4,3,true
OBS-007395,C-00614,MEK1,biochemical_ic50,6.9,2,true
OBS-007396,C-01076,MEK1,cell_viability,219.8,2,true
OBS-007397,C-00727,EGFR,cell_viability,100.4,1,true
OBS-007398,C-01825,PIK3CA,biochemical_ic50,7877.5,3,true
OBS-007399,C-00872,BRAF,cell_viability,1.2,3,true
OBS-007400,C-00293,JAK2,biochemical_ic50,15909.1,2,true
OBS-007401,C-00730,ALK,cell_viability,67.4,3,true
OBS-007402,C-02108,MEK1,biochemical_ic50,4.2,3,true
OBS-007403,C-02359,BRAF,biochemical_ic50,155.9,3,true
OBS-007404,C-00719,PIK3CA,biochemical_ic50,4.8,2,true
OBS-007405,C-01498,BRAF,cell_viability,6.9,3,true
OBS-007406,C-02350,BRAF,cell_viability,1207.1,1,true
OBS-007407,C-00445,BRAF,biochemical_ic50,9.6,2,true
OBS-007408,C-01441,MEK1,biochemical_ic50,950.0,1,true
OBS-007409,C-00834,PIK3CA,cell_viability,125.9,3,true
OBS-007410,C-00651,CDK4,biochemical_ic50,3.2,2,true
OBS-007411,C-00648,ALK,cell_viability,49364.8,1,true
OBS-007412,C-00690,JAK2,cell_viability,393.8,3,true
OBS-007413,C-00787,ALK,cell_viability,5.0,2,true
OBS-007414,C-01851,ALK,cell_viability,2516.1,2,true
OBS-007415,C-01636,KRAS-G12C,cell_viability,28.1,2,true
OBS-007416,C-02361,JAK2,cell_viability,6.1,1,true
OBS-007417,C-01949,EGFR,biochemical_ic50,10.9,2,true
OBS-007418,C-01711,PIK3CA,biochemical_ic50,5029.1,1,true
OBS-007419,C-01080,MEK1,biochemical_ic50,11142.4,3,true
OBS-007420,C-01695,CDK4,cell_viability,2795.5,2,true
OBS-007421,C-00742,MEK1,cell_viability,7.3,2,true
OBS-007422,C-00010,PIK3CA,biochemical_ic50,2.1,1,true
OBS-007423,C-02201,MEK1,cell_viability,101.3,3,true
OBS-007424,C-00953,PIK3CA,cell_viability,210.0,2,true
OBS-007425,C-00977,PIK3CA,cell_viability,192.2,3,true
OBS-007426,C-00429,MEK1,biochemical_ic50,111.7,3,true
OBS-007427,C-02050,MEK1,biochemical_ic50,3.0,3,true
OBS-007428,C-00382,MEK1,biochemical_ic50,6860.2,2,true
OBS-007429,C-00920,EGFR,biochemical_ic50,2.1,2,true
OBS-007430,C-01448,ALK,biochemical_ic50,1.9,2,true
OBS-007431,C-00404,JAK2,biochemical_ic50,991.5,2,true
OBS-007432,C-01496,KRAS-G12C,biochemical_ic50,12226.2,3,true
OBS-007433,C-02031,JAK2,biochemical_ic50,2.3,3,true
OBS-007434,C-00318,CDK4,cell_viability,808.9,3,true
OBS-007435,C-00048,BRAF,biochemical_ic50,15.4,1,true
OBS-007436,C-00246,PIK3CA,biochemical_ic50,1096.4,1,true
OBS-007437,C-01970,JAK2,biochemical_ic50,15.1,3,true
OBS-007438,C-00304,CDK4,cell_viability,16673.6,2,true
OBS-007439,C-01682,BRAF,biochemical_ic50,23211.1,3,true
OBS-007440,C-02060,BRAF,cell_viability,9.1,3,true
OBS-007441,C-02006,ALK,cell_viability,4567.2,3,true
OBS-007442,C-01906,CDK4,cell_viability,1729.9,1,true
OBS-007443,C-01730,MEK1,cell_viability,18.2,2,true
OBS-007444,C-00526,JAK2,biochemical_ic50,4022.0,3,true
OBS-007445,C-02384,CDK4,biochemical_ic50,401.2,2,true
OBS-007446,C-02264,MEK1,biochemical_ic50,5.8,1,true
OBS-007447,C-00419,MEK1,cell_viability,2023.9,1,true
OBS-007448,C-01666,MEK1,cell_viability,36.2,2,true
OBS-007449,C-00515,EGFR,biochemical_ic50,33145.1,3,true
OBS-007450,C-01404,KRAS-G12C,cell_viability,22303.5,1,true
OBS-007451,C-00451,PIK3CA,cell_viability,12.8,3,true
OBS-007452,C-00672,MEK1,biochemical_ic50,946.8,3,true
OBS-007453,C-02057,JAK2,biochemical_ic50,1465.1,3,true
OBS-007454,C-00894,EGFR,cell_viability,1924.1,2,true
OBS-007455,C-02230,CDK4,cell_viability,9402.0,2,true
OBS-007456,C-00520,BRAF,biochemical_ic50,2.0,1,true
OBS-007457,C-01920,ALK,cell_viability,6563.7,3,true
OBS-007458,C-01847,JAK2,biochemical_ic50,12.2,2,true
OBS-007459,C-01106,KRAS-G12C,cell_viability,47.0,2,true
OBS-007460,C-00174,ALK,biochemical_ic50,2056.4,3,true
OBS-007461,C-01319,PIK3CA,cell_viability,3.9,3,true
OBS-007462,C-01124,JAK2,biochemical_ic50,1.9,1,true
OBS-007463,C-01505,BRAF,cell_viability,12.5,3,true
OBS-007464,C-00285,CDK4,biochemical_ic50,23567.9,1,true
OBS-007465,C-02256,PIK3CA,biochemical_ic50,1730.9,3,true
OBS-007466,C-00085,ALK,cell_viability,12437.3,3,true
OBS-007467,C-01525,CDK4,biochemical_ic50,1566.5,1,true
OBS-007468,C-00385,BRAF,biochemical_ic50,43900.4,2,true
OBS-007469,C-01015,CDK4,biochemical_ic50,1850.7,2,true
OBS-007470,C-02384,KRAS-G12C,cell_viability,549.0,2,true
OBS-007471,C-00729,JAK2,biochemical_ic50,464.5,3,true
OBS-007472,C-02348,MEK1,biochemical_ic50,13021.4,3,true
OBS-007473,C-00351,ALK,biochemical_ic50,6.6,2,true
OBS-007474,C-01824,CDK4,cell_viability,12.4,3,true
OBS-007475,C-00745,BRAF,cell_viability,41538.0,1,true
OBS-007476,C-00267,BRAF,cell_viability,23.3,2,true
OBS-007477,C-01136,CDK4,biochemical_ic50,4229.3,2,true
OBS-007478,C-01039,BRAF,biochemical_ic50,49641.7,1,true
OBS-007479,C-00577,KRAS-G12C,biochemical_ic50,2225.2,2,true
OBS-007480,C-02034,PIK3CA,biochemical_ic50,1.5,3,true
OBS-007481,C-02088,EGFR,biochemical_ic50,16560.8,1,true
OBS-007482,C-02003,CDK4,cell_viability,30.3,2,true
OBS-007483,C-01473,EGFR,cell_viability,2.9,2,true
OBS-007484,C-00519,ALK,biochemical_ic50,614.4,1,true
OBS-007485,C-00576,ALK,cell_viability,4.3,3,true
OBS-007486,C-00695,ALK,cell_viability,74.6,1,true
OBS-007487,C-01111,KRAS-G12C,biochemical_ic50,47.3,3,true
OBS-007488,C-00340,PIK3CA,biochemical_ic50,986.6,1,true
OBS-007489,C-00858,ALK,biochemical_ic50,28424.6,2,true
OBS-007490,C-01810,KRAS-G12C,biochemical_ic50,7222.9,1,true
OBS-007491,C-02050,EGFR,biochemical_ic50,3014.9,2,true
OBS-007492,C-00535,PIK3CA,cell_viability,62.5,2,true
OBS-007493,C-01612,PIK3CA,cell_viability,15.5,2,true
OBS-007494,C-01449,BRAF,cell_viability,2002.1,3,true
OBS-007495,C-01590,BRAF,biochemical_ic50,487.9,2,true
OBS-007496,C-01712,PIK3CA,biochemical_ic50,429.9,1,true
OBS-007497,C-02035,JAK2,biochemical_ic50,19.4,2,true
OBS-007498,C-01388,ALK,biochemical_ic50,42.5,3,true
OBS-007499,C-01707,ALK,cell_viability,8213.1,1,true
OBS-007500,C-00434,JAK2,biochemical_ic50,7.8,2,true
OBS-007501,C-00409,KRAS-G12C,biochemical_ic50,28.6,1,true
OBS-007502,C-00585,EGFR,biochemical_ic50,1713.2,2,true
OBS-007503,C-00395,KRAS-G12C,biochemical_ic50,188.3,2,true
OBS-007504,C-00836,KRAS-G12C,cell_viability,1139.6,3,true
OBS-007505,C-00643,MEK1,biochemical_ic50,21883.9,1,true
OBS-007506,C-00835,PIK3CA,biochemical_ic50,220.8,2,true
OBS-007507,C-02209,EGFR,biochemical_ic50,1.4,2,true
OBS-007508,C-01909,BRAF,biochemical_ic50,3.3,1,true
OBS-007509,C-02236,JAK2,cell_viability,8273.3,3,true
OBS-007510,C-00562,PIK3CA,cell_viability,3.4,1,true
OBS-007511,C-02137,ALK,biochemical_ic50,861.6,1,true
OBS-007512,C-00108,PIK3CA,cell_viability,2948.8,1,true
OBS-007513,C-01821,BRAF,biochemical_ic50,2476.5,2,true
OBS-007514,C-01918,MEK1,biochemical_ic50,154.1,3,true
OBS-007515,C-01051,PIK3CA,biochemical_ic50,1599.4,2,true
OBS-007516,C-00931,EGFR,biochemical_ic50,8.0,2,true
OBS-007517,C-01370,ALK,cell_viability,20930.8,1,true
OBS-007518,C-00918,ALK,cell_viability,3.3,3,true
OBS-007519,C-02313,PIK3CA,biochemical_ic50,3.6,2,true
OBS-007520,C-00570,BRAF,cell_viability,9731.1,3,true
OBS-007521,C-01258,PIK3CA,biochemical_ic50,838.2,2,true
OBS-007522,C-01311,KRAS-G12C,biochemical_ic50,1036.1,1,true
OBS-007523,C-00513,BRAF,biochemical_ic50,32723.8,2,true
OBS-007524,C-00261,KRAS-G12C,biochemical_ic50,20525.0,3,true
OBS-007525,C-00634,KRAS-G12C,cell_viability,662.7,2,true
OBS-007526,C-00812,JAK2,cell_viability,7517.1,3,true
OBS-007527,C-01086,ALK,cell_viability,26.7,2,true
OBS-007528,C-01323,KRAS-G12C,cell_viability,312.9,3,true
OBS-007529,C-00110,ALK,cell_viability,18.6,3,true
OBS-007530,C-01549,JAK2,biochemical_ic50,4923.8,2,true
OBS-007531,C-01490,EGFR,biochemical_ic50,23.7,2,true
OBS-007532,C-02190,KRAS-G12C,biochemical_ic50,7.5,3,true
OBS-007533,C-00571,ALK,cell_viability,9.6,1,true
OBS-007534,C-01574,EGFR,cell_viability,882.7,1,true
OBS-007535,C-00940,BRAF,cell_viability,1.1,3,true
OBS-007536,C-02374,EGFR,biochemical_ic50,10911.8,3,true
OBS-007537,C-02132,MEK1,cell_viability,871.9,3,true
OBS-007538,C-00461,MEK1,cell_viability,15.8,1,true
OBS-007539,C-00612,MEK1,biochemical_ic50,28685.3,1,true
OBS-007540,C-01225,EGFR,cell_viability,619.6,2,true
OBS-007541,C-01093,CDK4,cell_viability,18.4,1,true
OBS-007542,C-02125,EGFR,biochemical_ic50,5473.4,2,true
OBS-007543,C-02031,EGFR,cell_viability,33450.6,1,true
OBS-007544,C-00766,MEK1,biochemical_ic50,42076.0,2,true
OBS-007545,C-01011,KRAS-G12C,cell_viability,125.3,1,true
OBS-007546,C-00825,EGFR,cell_viability,23654.2,3,true
OBS-007547,C-01956,KRAS-G12C,cell_viability,44117.9,1,true
OBS-007548,C-02258,CDK4,cell_viability,67.8,1,true
OBS-007549,C-02221,BRAF,biochemical_ic50,1.0,2,true
OBS-007550,C-01626,CDK4,biochemical_ic50,22.9,1,true
OBS-007551,C-01537,MEK1,biochemical_ic50,17438.3,3,true
OBS-007552,C-01075,EGFR,cell_viability,2701.4,3,true
OBS-007553,C-01153,PIK3CA,biochemical_ic50,1478.5,3,true
OBS-007554,C-02180,PIK3CA,cell_viability,84.4,2,true
OBS-007555,C-02286,CDK4,cell_viability,1080.3,2,true
OBS-007556,C-01725,PIK3CA,biochemical_ic50,151.2,1,true
OBS-007557,C-00956,ALK,cell_viability,22.0,3,true
OBS-007558,C-01574,BRAF,biochemical_ic50,1010.7,1,true
OBS-007559,C-01645,MEK1,biochemical_ic50,3.9,3,true
OBS-007560,C-00170,BRAF,biochemical_ic50,5.9,2,true
OBS-007561,C-01139,KRAS-G12C,biochemical_ic50,16.4,3,true
OBS-007562,C-00631,MEK1,biochemical_ic50,88.0,2,true
OBS-007563,C-02121,CDK4,cell_viability,2251.1,3,true
OBS-007564,C-02345,CDK4,biochemical_ic50,276.3,3,true
OBS-007565,C-00051,MEK1,biochemical_ic50,4.4,3,true
OBS-007566,C-00933,PIK3CA,cell_viability,1681.9,1,true
OBS-007567,C-00111,KRAS-G12C,cell_viability,1971.7,1,true
OBS-007568,C-01507,KRAS-G12C,cell_viability,6.8,2,true
OBS-007569,C-00116,BRAF,biochemical_ic50,1654.3,3,true
OBS-007570,C-01255,MEK1,biochemical_ic50,7.8,1,true
OBS-007571,C-01298,JAK2,biochemical_ic50,26.7,3,true
OBS-007572,C-00759,BRAF,biochemical_ic50,424.0,2,true
OBS-007573,C-01312,KRAS-G12C,cell_viability,5.4,2,true
OBS-007574,C-01070,CDK4,cell_viability,410.2,2,true
OBS-007575,C-02172,MEK1,biochemical_ic50,14.3,1,true
OBS-007576,C-01630,JAK2,biochemical_ic50,17325.6,3,true
OBS-007577,C-02302,ALK,biochemical_ic50,103.1,3,true
OBS-007578,C-00239,CDK4,cell_viability,92.7,3,true
OBS-007579,C-00072,BRAF,biochemical_ic50,18.2,2,true
OBS-007580,C-00387,CDK4,cell_viability,1.4,3,true
OBS-007581,C-02203,BRAF,cell_viability,157.1,1,true
OBS-007582,C-00315,PIK3CA,cell_viability,476.7,2,true
OBS-007583,C-01613,MEK1,cell_viability,486.9,3,true
OBS-007584,C-01338,CDK4,biochemical_ic50,6456.0,3,true
OBS-007585,C-01140,BRAF,biochemical_ic50,3486.4,1,true
OBS-007586,C-00822,JAK2,biochemical_ic50,53.2,2,true
OBS-007587,C-01309,PIK3CA,biochemical_ic50,249.4,3,true
OBS-007588,C-00641,KRAS-G12C,biochemical_ic50,9.8,2,true
OBS-007589,C-02332,EGFR,cell_viability,1821.6,1,true
OBS-007590,C-01894,EGFR,biochemical_ic50,3.9,1,true
OBS-007591,C-00412,JAK2,biochemical_ic50,201.6,1,true
OBS-007592,C-01285,EGFR,cell_viability,13.1,2,true
OBS-007593,C-01167,JAK2,cell_viability,17309.2,1,true
OBS-007594,C-01803,MEK1,cell_viability,31263.8,2,true
OBS-007595,C-01559,MEK1,biochemical_ic50,556.1,2,true
OBS-007596,C-00997,BRAF,biochemical_ic50,129.5,1,true
OBS-007597,C-02030,MEK1,biochemical_ic50,66.3,2,true
OBS-007598,C-00017,EGFR,biochemical_ic50,34822.8,1,true
OBS-007599,C-02286,CDK4,cell_viability,3338.0,2,true
OBS-007600,C-00430,EGFR,cell_viability,1.1,2,true
OBS-007601,C-02003,MEK1,cell_viability,247.9,2,true
OBS-007602,C-00699,ALK,biochemical_ic50,1.7,2,true
OBS-007603,C-00235,JAK2,cell_viability,39404.7,1,true
OBS-007604,C-00428,BRAF,biochemical_ic50,3809.6,3,true
OBS-007605,C-00937,CDK4,biochemical_ic50,22044.8,3,true
OBS-007606,C-01270,BRAF,biochemical_ic50,7275.7,3,true
OBS-007607,C-00580,ALK,cell_viability,7.6,3,true
OBS-007608,C-01782,MEK1,biochemical_ic50,587.0,3,true
OBS-007609,C-00959,BRAF,biochemical_ic50,24.7,1,true
OBS-007610,C-01228,BRAF,cell_viability,52.2,3,true
OBS-007611,C-02171,PIK3CA,cell_viability,1.3,3,true
OBS-007612,C-00676,EGFR,cell_viability,5.0,3,true
OBS-007613,C-02342,MEK1,biochemical_ic50,5.1,1,true
OBS-007614,C-01993,PIK3CA,cell_viability,97.0,3,true
OBS-007615,C-01603,CDK4,biochemical_ic50,4069.5,2,true
OBS-007616,C-00268,EGFR,biochemical_ic50,668.3,3,true
OBS-007617,C-00144,KRAS-G12C,biochemical_ic50,16.0,3,true
OBS-007618,C-01189,MEK1,biochemical_ic50,605.7,3,true
OBS-007619,C-00868,MEK1,cell_viability,34.4,1,true
OBS-007620,C-00593,EGFR,cell_viability,47686.1,3,true
OBS-007621,C-01518,JAK2,cell_viability,7865.9,3,true
OBS-007622,C-02177,MEK1,biochemical_ic50,10.9,3,true
OBS-007623,C-00477,BRAF,biochemical_ic50,6.4,3,true
OBS-007624,C-01314,JAK2,cell_viability,3.0,3,true
OBS-007625,C-01768,JAK2,biochemical_ic50,34351.2,3,true
OBS-007626,C-00136,BRAF,biochemical_ic50,992.2,1,true
OBS-007627,C-02029,KRAS-G12C,cell_viability,4.6,2,true
OBS-007628,C-01761,MEK1,cell_viability,4.1,1,true
OBS-007629,C-01403,MEK1,cell_viability,1004.0,1,true
OBS-007630,C-01668,EGFR,cell_viability,17.5,3,true
OBS-007631,C-00678,MEK1,cell_viability,19601.4,3,true
OBS-007632,C-01119,BRAF,cell_viability,67.4,2,true
OBS-007633,C-01634,ALK,biochemical_ic50,4.0,2,true
OBS-007634,C-00396,PIK3CA,biochemical_ic50,117.8,1,true
OBS-007635,C-01772,KRAS-G12C,cell_viability,30049.5,3,true
OBS-007636,C-00507,MEK1,cell_viability,845.9,3,true
OBS-007637,C-02043,MEK1,biochemical_ic50,97.0,2,true
OBS-007638,C-01325,EGFR,cell_viability,207.5,2,true
OBS-007639,C-01477,MEK1,cell_viability,172.4,2,true
OBS-007640,C-00964,MEK1,cell_viability,628.0,3,true
OBS-007641,C-00687,MEK1,biochemical_ic50,9546.1,3,true
OBS-007642,C-00030,JAK2,biochemical_ic50,9.8,3,true
OBS-007643,C-01293,JAK2,cell_viability,193.3,1,true
OBS-007644,C-00076,EGFR,biochemical_ic50,8.2,1,true
OBS-007645,C-02256,CDK4,cell_viability,1.9,1,true
OBS-007646,C-00746,KRAS-G12C,cell_viability,4.3,3,true
OBS-007647,C-02362,CDK4,cell_viability,55.8,2,true
OBS-007648,C-00112,MEK1,biochemical_ic50,3.3,1,true
OBS-007649,C-01899,MEK1,cell_viability,555.0,1,true
OBS-007650,C-00651,BRAF,biochemical_ic50,14.9,3,true
OBS-007651,C-01469,CDK4,biochemical_ic50,573.4,2,true
OBS-007652,C-00907,CDK4,cell_viability,4.0,2,true
OBS-007653,C-00520,KRAS-G12C,biochemical_ic50,400.4,2,true
OBS-007654,C-00555,BRAF,cell_viability,22.7,2,true
OBS-007655,C-00913,PIK3CA,cell_viability,17.9,2,true
OBS-007656,C-01999,MEK1,cell_viability,17.0,2,true
OBS-007657,C-00921,EGFR,cell_viability,17440.6,3,true
OBS-007658,C-01147,PIK3CA,cell_viability,707.7,3,true
OBS-007659,C-00360,JAK2,cell_viability,1.3,1,true
OBS-007660,C-02392,PIK3CA,cell_viability,23853.5,2,true
OBS-007661,C-00946,ALK,biochemical_ic50,1314.9,3,true
OBS-007662,C-01765,ALK,cell_viability,34.9,1,true
OBS-007663,C-00888,JAK2,cell_viability,7478.0,3,true
OBS-007664,C-00046,BRAF,biochemical_ic50,2143.0,2,true
OBS-007665,C-00123,KRAS-G12C,cell_viability,4037.3,3,true
OBS-007666,C-00743,KRAS-G12C,biochemical_ic50,2193.0,3,true
OBS-007667,C-01647,JAK2,cell_viability,3.5,2,true
OBS-007668,C-00050,EGFR,biochemical_ic50,9.4,1,true
OBS-007669,C-00250,CDK4,cell_viability,3.9,2,true
OBS-007670,C-01183,BRAF,biochemical_ic50,1747.6,3,true
OBS-007671,C-00349,BRAF,biochemical_ic50,68.2,1,true
OBS-007672,C-01759,PIK3CA,biochemical_ic50,14.7,3,true
OBS-007673,C-01964,CDK4,biochemical_ic50,46.5,1,true
OBS-007674,C-02077,PIK3CA,biochemical_ic50,4128.3,2,true
OBS-007675,C-00733,MEK1,biochemical_ic50,112.6,1,true
OBS-007676,C-00543,CDK4,biochemical_ic50,14.0,1,true
OBS-007677,C-01463,EGFR,biochemical_ic50,1.3,1,true
OBS-007678,C-01804,JAK2,biochemical_ic50,3657.2,1,true
OBS-007679,C-00795,BRAF,biochemical_ic50,28384.6,3,true
OBS-007680,C-01672,CDK4,cell_viability,23.5,1,true
OBS-007681,C-00055,BRAF,cell_viability,4669.6,1,true
OBS-007682,C-01038,EGFR,cell_viability,40.0,2,true
OBS-007683,C-00995,ALK,cell_viability,1.4,1,true
OBS-007684,C-00500,CDK4,cell_viability,3.1,3,true
OBS-007685,C-01539,BRAF,biochemical_ic50,21.5,2,true
OBS-007686,C-01963,PIK3CA,biochemical_ic50,1818.0,3,true
OBS-007687,C-01794,EGFR,cell_viability,965.5,2,true
OBS-007688,C-01896,KRAS-G12C,cell_viability,40.9,2,true
OBS-007689,C-00289,EGFR,cell_viability,32250.0,3,true
OBS-007690,C-02239,JAK2,cell_viability,19.6,1,true
OBS-007691,C-00863,MEK1,biochemical_ic50,8.2,2,true
OBS-007692,C-02207,KRAS-G12C,cell_viability,12.2,2,true
OBS-007693,C-01369,PIK3CA,cell_viability,11147.8,3,true
OBS-007694,C-01780,ALK,biochemical_ic50,441.3,2,true
OBS-007695,C-00886,EGFR,cell_viability,1720.0,3,true
OBS-007696,C-00471,CDK4,cell_viability,3.8,3,true
OBS-007697,C-00790,ALK,cell_viability,36048.8,2,true
OBS-007698,C-01248,KRAS-G12C,biochemical_ic50,5.2,2,true
OBS-007699,C-01129,PIK3CA,biochemical_ic50,7.1,3,true
OBS-007700,C-00787,KRAS-G12C,cell_viability,44.0,1,true
OBS-007701,C-00270,BRAF,cell_viability,4.6,2,true
OBS-007702,C-01707,CDK4,biochemical_ic50,502.2,1,true
OBS-007703,C-01657,ALK,biochemical_ic50,18861.9,2,true
OBS-007704,C-02074,CDK4,biochemical_ic50,799.2,2,true
OBS-007705,C-01200,KRAS-G12C,biochemical_ic50,65.5,2,true
OBS-007706,C-02367,ALK,cell_viability,65.5,1,true
OBS-007707,C-01881,KRAS-G12C,cell_viability,7561.8,2,true
OBS-007708,C-01411,PIK3CA,cell_viability,107.9,1,true
OBS-007709,C-00845,JAK2,biochemical_ic50,5.1,3,true
OBS-007710,C-02053,JAK2,cell_viability,4.1,3,true
OBS-007711,C-01943,BRAF,cell_viability,197.6,2,true
OBS-007712,C-01225,EGFR,biochemical_ic50,5.7,3,true
OBS-007713,C-02257,PIK3CA,biochemical_ic50,24781.0,1,true
OBS-007714,C-02217,MEK1,biochemical_ic50,30610.6,2,true
OBS-007715,C-00508,MEK1,cell_viability,2.7,2,true
OBS-007716,C-01599,KRAS-G12C,cell_viability,11604.1,2,true
OBS-007717,C-00639,CDK4,cell_viability,878.2,1,true
OBS-007718,C-00810,JAK2,biochemical_ic50,1541.2,2,true
OBS-007719,C-02374,CDK4,cell_viability,3.8,3,true
OBS-007720,C-02052,ALK,cell_viability,284.3,3,true
OBS-007721,C-02000,MEK1,biochemical_ic50,1549.3,1,true
OBS-007722,C-02244,PIK3CA,biochemical_ic50,134.9,1,true
OBS-007723,C-00272,ALK,cell_viability,1238.1,3,true
OBS-007724,C-00372,JAK2,biochemical_ic50,36.9,3,true
OBS-007725,C-01780,PIK3CA,biochemical_ic50,46.8,2,true
OBS-007726,C-00894,JAK2,cell_viability,2391.2,1,true
OBS-007727,C-01499,EGFR,cell_viability,73.0,3,true
OBS-007728,C-00718,PIK3CA,biochemical_ic50,15.3,2,true
OBS-007729,C-00319,MEK1,biochemical_ic50,657.8,1,true
OBS-007730,C-01450,ALK,biochemical_ic50,344.5,3,true
OBS-007731,C-00645,PIK3CA,biochemical_ic50,4035.0,1,true
OBS-007732,C-01400,EGFR,biochemical_ic50,127.5,3,true
OBS-007733,C-00062,CDK4,cell_viability,9.3,1,true
OBS-007734,C-00543,CDK4,cell_viability,15.0,1,true
OBS-007735,C-00444,BRAF,biochemical_ic50,269.7,2,true
OBS-007736,C-01477,KRAS-G12C,cell_viability,10355.6,2,true
OBS-007737,C-00313,JAK2,biochemical_ic50,2.4,3,true
OBS-007738,C-00366,EGFR,cell_viability,1188.1,3,true
OBS-007739,C-02331,MEK1,biochemical_ic50,4020.1,1,true
OBS-007740,C-02192,BRAF,biochemical_ic50,1654.8,3,true
OBS-007741,C-02215,KRAS-G12C,biochemical_ic50,16.0,1,true
OBS-007742,C-01361,EGFR,cell_viability,1.7,2,true
OBS-007743,C-00560,ALK,cell_viability,234.6,2,true
OBS-007744,C-00074,EGFR,cell_viability,1.4,1,true
OBS-007745,C-00302,EGFR,biochemical_ic50,150.9,2,true
OBS-007746,C-00098,JAK2,biochemical_ic50,136.8,2,true
OBS-007747,C-01650,MEK1,cell_viability,1.2,3,true
OBS-007748,C-01295,JAK2,cell_viability,3.6,3,true
OBS-007749,C-00197,ALK,biochemical_ic50,26.8,1,true
OBS-007750,C-02349,KRAS-G12C,cell_viability,13919.0,2,true
OBS-007751,C-00088,KRAS-G12C,biochemical_ic50,470.2,2,true
OBS-007752,C-00389,PIK3CA,cell_viability,17.4,1,true
OBS-007753,C-00991,EGFR,biochemical_ic50,2065.9,3,true
OBS-007754,C-02303,MEK1,biochemical_ic50,1.7,3,true
OBS-007755,C-02117,ALK,biochemical_ic50,19.0,2,true
OBS-007756,C-01746,CDK4,biochemical_ic50,7.0,3,true
OBS-007757,C-01380,JAK2,cell_viability,804.2,1,true
OBS-007758,C-02361,MEK1,biochemical_ic50,560.8,1,true
OBS-007759,C-01859,ALK,cell_viability,27710.5,1,true
OBS-007760,C-01865,MEK1,cell_viability,3126.0,2,true
OBS-007761,C-01715,EGFR,cell_viability,56.6,3,true
OBS-007762,C-02172,CDK4,biochemical_ic50,85.9,3,true
OBS-007763,C-01349,KRAS-G12C,cell_viability,13842.0,3,true
OBS-007764,C-00254,KRAS-G12C,cell_viability,519.4,3,true
OBS-007765,C-01044,PIK3CA,biochemical_ic50,32.6,1,true
OBS-007766,C-02383,KRAS-G12C,cell_viability,16.6,1,true
OBS-007767,C-00991,KRAS-G12C,cell_viability,13.2,2,true
OBS-007768,C-01044,KRAS-G12C,biochemical_ic50,5.8,2,true
OBS-007769,C-01769,BRAF,cell_viability,5272.7,1,true
OBS-007770,C-00558,ALK,cell_viability,1602.4,3,true
OBS-007771,C-02259,KRAS-G12C,cell_viability,9.2,3,true
OBS-007772,C-01742,JAK2,cell_viability,1025.2,1,true
OBS-007773,C-01812,JAK2,biochemical_ic50,24712.6,3,true
OBS-007774,C-00394,BRAF,cell_viability,31784.0,2,true
OBS-007775,C-00150,MEK1,cell_viability,11.3,1,true
OBS-007776,C-01668,BRAF,biochemical_ic50,2929.7,3,true
OBS-007777,C-01177,ALK,biochemical_ic50,4.0,1,true
OBS-007778,C-02236,CDK4,cell_viability,245.0,2,true
OBS-007779,C-01425,MEK1,cell_viability,2.9,3,true
OBS-007780,C-00445,ALK,biochemical_ic50,3.0,2,true
OBS-007781,C-01741,JAK2,cell_viability,17560.1,3,true
OBS-007782,C-01714,PIK3CA,cell_viability,1963.1,2,true
OBS-007783,C-02312,EGFR,biochemical_ic50,3.4,2,true
OBS-007784,C-00149,KRAS-G12C,cell_viability,26986.2,3,true
OBS-007785,C-02352,MEK1,biochemical_ic50,10.6,3,true
OBS-007786,C-00398,KRAS-G12C,biochemical_ic50,1.2,2,true
OBS-007787,C-00034,MEK1,cell_viability,3.7,1,true
OBS-007788,C-00146,KRAS-G12C,biochemical_ic50,1.3,3,true
OBS-007789,C-00972,EGFR,cell_viability,7900.9,2,true
OBS-007790,C-00778,ALK,biochemical_ic50,1762.4,2,true
OBS-007791,C-00887,JAK2,biochemical_ic50,2073.7,2,true
OBS-007792,C-00828,KRAS-G12C,cell_viability,22.5,3,true
OBS-007793,C-01617,JAK2,cell_viability,1424.2,3,true
OBS-007794,C-00657,BRAF,cell_viability,144.6,1,true
OBS-007795,C-00476,CDK4,cell_viability,6.7,3,true
OBS-007796,C-00235,MEK1,cell_viability,9.9,3,true
OBS-007797,C-00588,MEK1,cell_viability,1045.0,3,true
OBS-007798,C-01105,EGFR,biochemical_ic50,746.6,3,true
OBS-007799,C-00934,PIK3CA,biochemical_ic50,2.0,1,true
OBS-007800,C-01287,ALK,cell_viability,1.1,1,true
OBS-007801,C-01832,ALK,biochemical_ic50,157.0,2,true
OBS-007802,C-00561,MEK1,biochemical_ic50,1.9,3,true
OBS-007803,C-02154,JAK2,biochemical_ic50,750.4,3,true
OBS-007804,C-00690,JAK2,biochemical_ic50,2880.0,2,true
OBS-007805,C-01221,MEK1,biochemical_ic50,4.1,2,true
OBS-007806,C-00447,BRAF,biochemical_ic50,27.2,1,true
OBS-007807,C-02214,BRAF,cell_viability,12.4,1,true
OBS-007808,C-01205,CDK4,cell_viability,9109.3,2,true
OBS-007809,C-01494,MEK1,biochemical_ic50,2201.9,3,true
OBS-007810,C-00392,ALK,cell_viability,2989.3,2,true
OBS-007811,C-00280,PIK3CA,biochemical_ic50,7.6,1,true
OBS-007812,C-02359,JAK2,cell_viability,143.3,1,true
OBS-007813,C-00486,JAK2,biochemical_ic50,502.1,2,true
OBS-007814,C-01062,JAK2,cell_viability,3.8,3,true
OBS-007815,C-01178,EGFR,biochemical_ic50,17818.3,2,true
OBS-007816,C-02095,EGFR,biochemical_ic50,1.6,2,true
OBS-007817,C-02280,JAK2,cell_viability,50.7,2,true
OBS-007818,C-01470,ALK,cell_viability,1.4,3,true
OBS-007819,C-00857,CDK4,biochemical_ic50,1.0,1,true
OBS-007820,C-00872,ALK,cell_viability,990.4,1,true
OBS-007821,C-02186,EGFR,cell_viability,597.0,3,true
OBS-007822,C-01719,CDK4,biochemical_ic50,68.5,2,true
OBS-007823,C-01941,MEK1,cell_viability,298.0,3,true
OBS-007824,C-00977,CDK4,cell_viability,1.2,2,true
OBS-007825,C-00772,JAK2,cell_viability,17.1,3,true
OBS-007826,C-01620,BRAF,cell_viability,2.5,2,true
OBS-007827,C-00423,PIK3CA,biochemical_ic50,82.3,1,true
OBS-007828,C-00815,PIK3CA,biochemical_ic50,2.2,2,true
OBS-007829,C-02155,PIK3CA,biochemical_ic50,41.0,3,true
OBS-007830,C-00800,PIK3CA,cell_viability,688.4,3,true
OBS-007831,C-00732,EGFR,biochemical_ic50,259.2,3,true
OBS-007832,C-01620,KRAS-G12C,biochemical_ic50,19372.7,1,true
OBS-007833,C-00259,PIK3CA,cell_viability,26.0,3,true
OBS-007834,C-00328,EGFR,cell_viability,62.8,1,true
OBS-007835,C-02152,KRAS-G12C,biochemical_ic50,3405.2,2,true
OBS-007836,C-02386,MEK1,biochemical_ic50,300.4,2,true
OBS-007837,C-02362,EGFR,cell_viability,18.5,1,true
OBS-007838,C-01595,CDK4,cell_viability,4301.3,3,true
OBS-007839,C-00294,MEK1,cell_viability,4641.2,2,true
OBS-007840,C-00400,EGFR,biochemical_ic50,9.0,1,true
OBS-007841,C-02154,MEK1,cell_viability,21576.5,1,true
OBS-007842,C-00396,CDK4,cell_viability,18717.9,2,true
OBS-007843,C-00023,CDK4,cell_viability,19706.6,1,true
OBS-007844,C-02389,KRAS-G12C,biochemical_ic50,2.6,1,true
OBS-007845,C-01258,JAK2,cell_viability,734.8,1,true
OBS-007846,C-02040,CDK4,biochemical_ic50,40.9,3,true
OBS-007847,C-00251,PIK3CA,biochemical_ic50,211.9,1,true
OBS-007848,C-01705,KRAS-G12C,cell_viability,5491.4,1,true
OBS-007849,C-00669,BRAF,biochemical_ic50,698.7,2,true
OBS-007850,C-01328,EGFR,biochemical_ic50,341.3,2,true
OBS-007851,C-00158,BRAF,cell_viability,8.5,2,true
OBS-007852,C-01123,ALK,biochemical_ic50,4489.0,2,true
OBS-007853,C-00563,BRAF,cell_viability,9540.5,2,true
OBS-007854,C-00684,MEK1,cell_viability,3.6,2,true
OBS-007855,C-01937,KRAS-G12C,biochemical_ic50,380.7,2,true
OBS-007856,C-02293,CDK4,biochemical_ic50,591.0,1,true
OBS-007857,C-02336,BRAF,cell_viability,1.0,1,true
OBS-007858,C-01046,BRAF,cell_viability,43243.6,2,true
OBS-007859,C-02175,BRAF,cell_viability,259.7,3,true
OBS-007860,C-02131,PIK3CA,biochemical_ic50,3.8,1,true
OBS-007861,C-00671,EGFR,cell_viability,1.4,3,true
OBS-007862,C-02254,ALK,cell_viability,29015.9,3,true
OBS-007863,C-00413,MEK1,biochemical_ic50,1205.9,3,true
OBS-007864,C-00858,ALK,biochemical_ic50,937.0,2,true
OBS-007865,C-02039,CDK4,cell_viability,5654.9,1,true
OBS-007866,C-01056,JAK2,biochemical_ic50,1.3,1,true
OBS-007867,C-01812,CDK4,biochemical_ic50,3.4,3,true
OBS-007868,C-01653,BRAF,cell_viability,4.4,2,true
OBS-007869,C-01967,BRAF,cell_viability,1.3,1,true
OBS-007870,C-02319,PIK3CA,cell_viability,3.3,3,true
OBS-007871,C-02169,PIK3CA,cell_viability,18.7,1,true
OBS-007872,C-00466,BRAF,cell_viability,16304.3,3,true
OBS-007873,C-01536,MEK1,cell_viability,34575.0,3,true
OBS-007874,C-00320,EGFR,biochemical_ic50,907.8,2,true
OBS-007875,C-00013,PIK3CA,cell_viability,4.8,3,true
OBS-007876,C-00537,JAK2,cell_viability,16712.1,2,true
OBS-007877,C-02352,CDK4,cell_viability,27.5,1,true
OBS-007878,C-01044,KRAS-G12C,biochemical_ic50,310.4,3,true
OBS-007879,C-01600,EGFR,cell_viability,123.4,2,true
OBS-007880,C-00116,ALK,biochemical_ic50,29108.0,1,true
OBS-007881,C-02220,EGFR,cell_viability,341.2,3,true
OBS-007882,C-01012,CDK4,cell_viability,140.7,1,true
OBS-007883,C-01561,JAK2,biochemical_ic50,9847.7,2,true
OBS-007884,C-01146,KRAS-G12C,cell_viability,10.3,2,true
OBS-007885,C-00407,MEK1,cell_viability,2.5,1,true
OBS-007886,C-00335,ALK,cell_viability,1144.0,1,true
OBS-007887,C-01550,JAK2,biochemical_ic50,16.4,1,true
OBS-007888,C-00814,BRAF,cell_viability,238.9,3,true
OBS-007889,C-02119,ALK,biochemical_ic50,198.8,1,true
OBS-007890,C-01723,EGFR,cell_viability,786.3,2,true
OBS-007891,C-00732,CDK4,biochemical_ic50,1.9,1,true
OBS-007892,C-00595,PIK3CA,cell_viability,8946.6,3,true
OBS-007893,C-01032,JAK2,cell_viability,1790.1,2,true
OBS-007894,C-01504,CDK4,cell_viability,70.7,2,true
OBS-007895,C-00412,PIK3CA,cell_viability,375.5,3,true
OBS-007896,C-00455,KRAS-G12C,biochemical_ic50,14.4,2,true
OBS-007897,C-00832,ALK,biochemical_ic50,1.3,2,true
OBS-007898,C-02160,BRAF,biochemical_ic50,10377.6,2,true
OBS-007899,C-00563,EGFR,cell_viability,2.1,2,true
OBS-007900,C-01690,KRAS-G12C,cell_viability,8340.2,3,true
OBS-007901,C-00629,CDK4,cell_viability,6355.4,2,true
OBS-007902,C-00961,JAK2,cell_viability,6.6,2,true
OBS-007903,C-02204,ALK,cell_viability,7618.1,2,true
OBS-007904,C-00281,PIK3CA,cell_viability,85.0,2,true
OBS-007905,C-02244,ALK,biochemical_ic50,2729.4,2,true
OBS-007906,C-00443,BRAF,biochemical_ic50,7.3,1,true
OBS-007907,C-01606,KRAS-G12C,biochemical_ic50,5.9,3,true
OBS-007908,C-00421,ALK,biochemical_ic50,405.6,3,true
OBS-007909,C-00239,BRAF,cell_viability,14.2,3,true
OBS-007910,C-01859,PIK3CA,biochemical_ic50,418.7,3,true
OBS-007911,C-01660,KRAS-G12C,biochemical_ic50,1532.3,2,true
OBS-007912,C-02144,JAK2,cell_viability,179.5,3,true
OBS-007913,C-00141,KRAS-G12C,biochemical_ic50,219.9,1,true
OBS-007914,C-00302,MEK1,cell_viability,2.6,2,true
OBS-007915,C-00339,BRAF,biochemical_ic50,341.4,1,true
OBS-007916,C-00955,EGFR,cell_viability,11820.4,1,true
OBS-007917,C-01812,CDK4,biochemical_ic50,47744.8,2,true
OBS-007918,C-02369,EGFR,cell_viability,748.4,1,true
OBS-007919,C-00740,CDK4,biochemical_ic50,717.5,3,true
OBS-007920,C-00916,BRAF,cell_viability,18298.8,1,true
OBS-007921,C-01922,CDK4,biochemical_ic50,773.9,2,true
OBS-007922,C-00335,JAK2,cell_viability,3.5,3,true
OBS-007923,C-01667,MEK1,cell_viability,3.6,1,true
OBS-007924,C-01846,EGFR,cell_viability,14.9,2,true
OBS-007925,C-02115,BRAF,biochemical_ic50,12.1,3,true
OBS-007926,C-00283,PIK3CA,biochemical_ic50,52.8,1,true
OBS-007927,C-01647,BRAF,cell_viability,2148.4,3,true
OBS-007928,C-01031,EGFR,cell_viability,1507.5,3,true
OBS-007929,C-01535,JAK2,cell_viability,19.2,3,true
OBS-007930,C-01378,BRAF,biochemical_ic50,26.8,3,true
OBS-007931,C-01992,MEK1,biochemical_ic50,245.0,2,true
OBS-007932,C-00246,BRAF,cell_viability,167.4,1,true
OBS-007933,C-01889,KRAS-G12C,cell_viability,834.1,1,true
OBS-007934,C-00432,MEK1,cell_viability,2.3,2,true
OBS-007935,C-00810,JAK2,biochemical_ic50,10.5,1,true
OBS-007936,C-00427,BRAF,cell_viability,3.2,1,true
OBS-007937,C-01411,BRAF,cell_viability,9.2,1,true
OBS-007938,C-01836,ALK,biochemical_ic50,15124.4,2,true
OBS-007939,C-02079,KRAS-G12C,cell_viability,22633.3,1,true
OBS-007940,C-01411,CDK4,cell_viability,7.7,1,true
OBS-007941,C-00794,ALK,biochemical_ic50,1.5,1,true
OBS-007942,C-01597,BRAF,cell_viability,30832.3,1,true
OBS-007943,C-01336,JAK2,biochemical_ic50,10.0,3,true
OBS-007944,C-00604,EGFR,biochemical_ic50,1321.1,3,true
OBS-007945,C-00868,MEK1,biochemical_ic50,13199.0,3,true
OBS-007946,C-01600,KRAS-G12C,biochemical_ic50,254.3,3,true
OBS-007947,C-00201,PIK3CA,biochemical_ic50,34879.4,1,true
OBS-007948,C-02381,ALK,cell_viability,13.4,2,true
OBS-007949,C-02136,BRAF,cell_viability,16892.4,3,true
OBS-007950,C-00594,CDK4,biochemical_ic50,2551.4,1,true
OBS-007951,C-01079,ALK,biochemical_ic50,25193.8,1,true
OBS-007952,C-01345,CDK4,cell_viability,968.9,1,true
OBS-007953,C-00507,KRAS-G12C,cell_viability,12093.8,3,true
OBS-007954,C-00815,ALK,cell_viability,1439.1,1,true
OBS-007955,C-01405,JAK2,biochemical_ic50,479.5,2,true
OBS-007956,C-00193,JAK2,cell_viability,1350.2,3,true
OBS-007957,C-00366,PIK3CA,biochemical_ic50,725.2,1,true
OBS-007958,C-01884,JAK2,biochemical_ic50,2556.1,1,true
OBS-007959,C-01292,PIK3CA,cell_viability,2.7,3,true
OBS-007960,C-01154,MEK1,cell_viability,6.8,2,true
OBS-007961,C-00219,EGFR,biochemical_ic50,36873.7,2,true
OBS-007962,C-01095,JAK2,cell_viability,37.6,1,true
OBS-007963,C-01847,EGFR,biochemical_ic50,3.7,3,true
OBS-007964,C-00640,BRAF,cell_viability,1158.4,3,true
OBS-007965,C-02346,MEK1,cell_viability,16.9,3,true
OBS-007966,C-02065,KRAS-G12C,cell_viability,4.4,1,true
OBS-007967,C-01586,EGFR,biochemical_ic50,132.2,2,true
OBS-007968,C-00370,CDK4,biochemical_ic50,144.4,3,true
OBS-007969,C-00386,CDK4,cell_viability,37552.4,3,true
OBS-007970,C-01570,CDK4,cell_viability,730.2,1,true
OBS-007971,C-02119,EGFR,biochemical_ic50,16671.4,3,true
OBS-007972,C-01510,ALK,cell_viability,35.0,1,true
OBS-007973,C-01414,KRAS-G12C,cell_viability,192.4,3,true
OBS-007974,C-02238,KRAS-G12C,cell_viability,20250.0,3,true
OBS-007975,C-01854,PIK3CA,biochemical_ic50,331.3,1,true
OBS-007976,C-01445,MEK1,cell_viability,1.5,1,true
OBS-007977,C-02323,PIK3CA,cell_viability,2652.6,1,true
OBS-007978,C-01773,BRAF,cell_viability,187.3,1,true
OBS-007979,C-02354,ALK,cell_viability,21.2,2,true
OBS-007980,C-01109,MEK1,cell_viability,1115.0,1,true
OBS-007981,C-00028,EGFR,biochemical_ic50,26.4,3,true
OBS-007982,C-01281,PIK3CA,cell_viability,397.4,3,true
OBS-007983,C-01370,ALK,cell_viability,413.4,2,true
OBS-007984,C-00401,BRAF,biochemical_ic50,11.9,1,true
OBS-007985,C-01814,PIK3CA,cell_viability,34517.4,3,true
OBS-007986,C-02276,KRAS-G12C,biochemical_ic50,2.3,1,true
OBS-007987,C-00517,CDK4,biochemical_ic50,294.5,1,true
OBS-007988,C-02065,ALK,biochemical_ic50,1.8,3,true
OBS-007989,C-02059,EGFR,biochemical_ic50,10.5,2,true
OBS-007990,C-00385,ALK,biochemical_ic50,333.4,3,true
OBS-007991,C-01739,BRAF,cell_viability,1.2,2,true
OBS-007992,C-01356,ALK,biochemical_ic50,1283.1,3,true
OBS-007993,C-00664,EGFR,cell_viability,6532.8,3,true
OBS-007994,C-00177,ALK,cell_viability,22.3,3,true
OBS-007995,C-01773,PIK3CA,biochemical_ic50,274.2,1,true
OBS-007996,C-01651,BRAF,biochemical_ic50,25.0,2,true
OBS-007997,C-00971,CDK4,cell_viability,2.2,3,true
OBS-007998,C-01503,ALK,cell_viability,582.1,1,true
OBS-007999,C-00127,CDK4,cell_viability,3305.4,1,true
OBS-008000,C-00076,ALK,cell_viability,761.3,1,true
OBS-008001,C-01531,ALK,cell_viability,5957.2,1,true
OBS-008002,C-00819,JAK2,cell_viability,41321.9,3,true
OBS-008003,C-01345,BRAF,biochemical_ic50,10560.6,3,true
OBS-008004,C-00365,CDK4,cell_viability,644.5,1,true
OBS-008005,C-00812,PIK3CA,cell_viability,284.3,3,true
OBS-008006,C-00057,KRAS-G12C,cell_viability,3.7,2,true
OBS-008007,C-02383,CDK4,cell_viability,27855.8,1,true
OBS-008008,C-02363,BRAF,biochemical_ic50,600.2,3,true
OBS-008009,C-00309,KRAS-G12C,biochemical_ic50,8637.1,1,true
OBS-008010,C-02257,CDK4,cell_viability,8.4,1,true
OBS-008011,C-00357,BRAF,cell_viability,45881.0,2,true
OBS-008012,C-00887,JAK2,biochemical_ic50,6.3,1,true
OBS-008013,C-01732,ALK,cell_viability,11003.2,3,true
OBS-008014,C-02072,BRAF,biochemical_ic50,2.5,2,true
OBS-008015,C-01902,ALK,cell_viability,5922.7,2,true
OBS-008016,C-00090,JAK2,biochemical_ic50,9.7,1,true
OBS-008017,C-00514,JAK2,cell_viability,419.3,1,true
OBS-008018,C-00729,JAK2,biochemical_ic50,1188.5,2,true
OBS-008019,C-00048,EGFR,cell_viability,11.7,2,true
OBS-008020,C-01457,CDK4,cell_viability,5264.6,2,true
OBS-008021,C-00809,PIK3CA,cell_viability,8.5,1,true
OBS-008022,C-01135,EGFR,biochemical_ic50,580.2,3,true
OBS-008023,C-02228,MEK1,biochemical_ic50,17.7,3,true
OBS-008024,C-01689,JAK2,cell_viability,623.8,1,true
OBS-008025,C-00060,ALK,cell_viability,20150.5,2,true
OBS-008026,C-00669,BRAF,cell_viability,1.9,2,true
OBS-008027,C-01133,MEK1,biochemical_ic50,27.1,3,true
OBS-008028,C-01158,EGFR,biochemical_ic50,18.6,3,true
OBS-008029,C-02257,CDK4,cell_viability,30246.9,1,true
OBS-008030,C-02220,BRAF,biochemical_ic50,166.8,1,true
OBS-008031,C-02005,ALK,biochemical_ic50,11404.6,3,true
OBS-008032,C-01356,MEK1,cell_viability,4.1,3,true
OBS-008033,C-00170,BRAF,cell_viability,776.5,1,true
OBS-008034,C-00736,JAK2,biochemical_ic50,27.1,1,true
OBS-008035,C-01168,ALK,biochemical_ic50,7856.1,3,true
OBS-008036,C-01791,CDK4,cell_viability,20.8,3,true
OBS-008037,C-02351,PIK3CA,biochemical_ic50,4.0,1,true
OBS-008038,C-01315,CDK4,biochemical_ic50,31071.2,2,true
OBS-008039,C-00784,MEK1,cell_viability,16.6,2,true
OBS-008040,C-00897,ALK,biochemical_ic50,1733.9,1,true
OBS-008041,C-01995,BRAF,cell_viability,2603.5,1,true
OBS-008042,C-01375,KRAS-G12C,biochemical_ic50,36202.6,1,true
OBS-008043,C-00680,CDK4,cell_viability,51.8,3,true
OBS-008044,C-01463,BRAF,biochemical_ic50,27425.1,1,true
OBS-008045,C-00445,PIK3CA,biochemical_ic50,4.1,1,true
OBS-008046,C-00685,PIK3CA,cell_viability,14171.4,1,true
OBS-008047,C-01158,ALK,cell_viability,1.4,1,true
OBS-008048,C-00073,EGFR,biochemical_ic50,176.3,3,true
OBS-008049,C-00832,ALK,cell_viability,535.8,1,true
OBS-008050,C-00087,MEK1,biochemical_ic50,7615.1,3,true
OBS-008051,C-00492,KRAS-G12C,biochemical_ic50,8.9,2,true
OBS-008052,C-01022,MEK1,cell_viability,6.3,3,true
OBS-008053,C-00436,JAK2,cell_viability,8426.2,1,true
OBS-008054,C-01651,EGFR,cell_viability,1663.5,3,true
OBS-008055,C-02371,KRAS-G12C,biochemical_ic50,583.1,1,true
OBS-008056,C-02173,JAK2,biochemical_ic50,5219.2,2,true
OBS-008057,C-00545,CDK4,cell_viability,515.9,2,true
OBS-008058,C-02385,BRAF,biochemical_ic50,714.7,3,true
OBS-008059,C-00559,KRAS-G12C,biochemical_ic50,8.0,2,true
OBS-008060,C-00625,MEK1,biochemical_ic50,10665.2,2,true
OBS-008061,C-01862,ALK,cell_viability,16.9,3,true
OBS-008062,C-01817,PIK3CA,biochemical_ic50,18237.2,1,true
OBS-008063,C-01265,KRAS-G12C,biochemical_ic50,7.0,1,true
OBS-008064,C-01980,MEK1,biochemical_ic50,244.0,3,true
OBS-008065,C-01863,PIK3CA,cell_viability,23.9,3,true
OBS-008066,C-01655,KRAS-G12C,biochemical_ic50,365.0,2,true
OBS-008067,C-00720,ALK,cell_viability,5.1,3,true
OBS-008068,C-00580,EGFR,biochemical_ic50,12.3,1,true
OBS-008069,C-00417,PIK3CA,cell_viability,159.2,3,true
OBS-008070,C-01452,MEK1,cell_viability,6.3,2,true
OBS-008071,C-00557,PIK3CA,biochemical_ic50,8036.5,3,true
OBS-008072,C-01176,PIK3CA,cell_viability,39.9,2,true
OBS-008073,C-02225,MEK1,cell_viability,2.0,3,true
OBS-008074,C-00506,EGFR,biochemical_ic50,20710.3,2,true
OBS-008075,C-01601,JAK2,cell_viability,4884.6,2,true
OBS-008076,C-02075,KRAS-G12C,biochemical_ic50,10629.1,2,true
OBS-008077,C-02159,KRAS-G12C,cell_viability,2.7,1,true
OBS-008078,C-00217,KRAS-G12C,cell_viability,46116.1,2,true
OBS-008079,C-00989,KRAS-G12C,biochemical_ic50,2382.6,1,true
OBS-008080,C-00204,MEK1,biochemical_ic50,21.0,2,true
OBS-008081,C-02368,ALK,cell_viability,39.2,2,true
OBS-008082,C-01494,EGFR,cell_viability,2.5,1,true
OBS-008083,C-00009,MEK1,biochemical_ic50,2485.8,2,true
OBS-008084,C-00382,MEK1,cell_viability,57.7,3,true
OBS-008085,C-01319,MEK1,biochemical_ic50,30.3,3,true
OBS-008086,C-00507,MEK1,cell_viability,15896.0,3,true
OBS-008087,C-01266,PIK3CA,cell_viability,794.7,2,true
OBS-008088,C-00084,ALK,biochemical_ic50,299.8,2,true
OBS-008089,C-01325,JAK2,biochemical_ic50,1864.5,3,true
OBS-008090,C-00302,PIK3CA,cell_viability,4262.8,1,true
OBS-008091,C-02357,PIK3CA,cell_viability,4.1,2,true
OBS-008092,C-00618,BRAF,cell_viability,160.5,1,true
OBS-008093,C-00663,BRAF,biochemical_ic50,8527.3,3,true
OBS-008094,C-02351,PIK3CA,biochemical_ic50,34.4,2,true
OBS-008095,C-00904,BRAF,biochemical_ic50,41138.3,1,true
OBS-008096,C-02216,EGFR,biochemical_ic50,452.2,1,true
OBS-008097,C-00208,ALK,cell_viability,15.3,3,true
OBS-008098,C-01585,CDK4,biochemical_ic50,2.5,3,true
OBS-008099,C-00905,JAK2,biochemical_ic50,10.2,1,true
OBS-008100,C-00669,ALK,biochemical_ic50,111.1,1,true
OBS-008101,C-00378,CDK4,biochemical_ic50,3.1,1,true
OBS-008102,C-00051,EGFR,cell_viability,5296.0,2,true
OBS-008103,C-01818,EGFR,biochemical_ic50,82.8,2,true
OBS-008104,C-00034,PIK3CA,biochemical_ic50,40411.4,2,true
OBS-008105,C-02372,KRAS-G12C,biochemical_ic50,74.7,3,true
OBS-008106,C-02110,JAK2,cell_viability,9.3,1,true
OBS-008107,C-02008,CDK4,cell_viability,5.6,2,true
OBS-008108,C-01143,ALK,biochemical_ic50,3730.3,3,true
OBS-008109,C-02140,KRAS-G12C,biochemical_ic50,4.9,1,true
OBS-008110,C-00705,EGFR,cell_viability,240.5,3,true
OBS-008111,C-00901,BRAF,biochemical_ic50,597.2,2,true
OBS-008112,C-02183,ALK,biochemical_ic50,24.2,2,true
OBS-008113,C-02183,MEK1,cell_viability,7008.4,2,true
OBS-008114,C-02053,EGFR,cell_viability,105.7,2,true
OBS-008115,C-00198,EGFR,biochemical_ic50,35563.7,2,true
OBS-008116,C-00862,JAK2,cell_viability,1525.5,2,true
OBS-008117,C-02202,PIK3CA,cell_viability,2699.7,2,true
OBS-008118,C-01520,CDK4,biochemical_ic50,54.9,1,true
OBS-008119,C-02084,PIK3CA,biochemical_ic50,23566.1,1,true
OBS-008120,C-01677,ALK,biochemical_ic50,22918.2,3,true
OBS-008121,C-01957,EGFR,biochemical_ic50,1.3,2,true
OBS-008122,C-00996,CDK4,cell_viability,70.5,1,true
OBS-008123,C-01912,JAK2,biochemical_ic50,6766.7,1,true
OBS-008124,C-00139,MEK1,cell_viability,1.8,3,true
OBS-008125,C-01558,PIK3CA,cell_viability,8072.6,1,true
OBS-008126,C-00122,BRAF,cell_viability,272.9,3,true
OBS-008127,C-00766,CDK4,cell_viability,2.6,2,true
OBS-008128,C-02024,MEK1,cell_viability,36487.0,2,true
OBS-008129,C-01427,CDK4,cell_viability,161.3,3,true
OBS-008130,C-00421,MEK1,biochemical_ic50,140.2,1,true
OBS-008131,C-00674,JAK2,cell_viability,180.6,1,true
OBS-008132,C-00193,EGFR,cell_viability,479.2,3,true
OBS-008133,C-01871,EGFR,cell_viability,117.2,1,true
OBS-008134,C-01446,CDK4,cell_viability,239.7,1,true
OBS-008135,C-00649,CDK4,biochemical_ic50,423.5,3,true
OBS-008136,C-00253,PIK3CA,cell_viability,354.6,1,true
OBS-008137,C-00001,EGFR,cell_viability,1.3,3,true
OBS-008138,C-01677,BRAF,biochemical_ic50,1.0,3,true
OBS-008139,C-00723,JAK2,biochemical_ic50,2.6,3,true
OBS-008140,C-01232,PIK3CA,cell_viability,5913.0,3,true
OBS-008141,C-02230,PIK3CA,biochemical_ic50,5908.5,3,true
OBS-008142,C-01231,MEK1,cell_viability,28.1,2,true
OBS-008143,C-01975,JAK2,biochemical_ic50,40.0,3,true
OBS-008144,C-01030,PIK3CA,biochemical_ic50,35.6,2,true
OBS-008145,C-00945,ALK,biochemical_ic50,2046.2,1,true
OBS-008146,C-01243,KRAS-G12C,cell_viability,1480.0,3,true
OBS-008147,C-01566,KRAS-G12C,biochemical_ic50,481.0,2,true
OBS-008148,C-01135,KRAS-G12C,biochemical_ic50,4.0,1,true
OBS-008149,C-00559,ALK,biochemical_ic50,9.9,3,true
OBS-008150,C-00816,EGFR,biochemical_ic50,99.4,3,true
OBS-008151,C-00486,CDK4,cell_viability,35876.5,1,true
OBS-008152,C-01228,KRAS-G12C,cell_viability,17.3,3,true
OBS-008153,C-02032,ALK,cell_viability,2211.1,2,true
OBS-008154,C-00707,EGFR,cell_viability,15.2,2,true
OBS-008155,C-01241,PIK3CA,biochemical_ic50,10433.4,2,true
OBS-008156,C-01220,EGFR,cell_viability,1490.7,3,true
OBS-008157,C-02124,MEK1,cell_viability,30662.1,3,true
OBS-008158,C-00212,PIK3CA,cell_viability,727.7,1,true
OBS-008159,C-01832,EGFR,biochemical_ic50,1.2,3,true
OBS-008160,C-01366,KRAS-G12C,biochemical_ic50,39.5,1,true
OBS-008161,C-01176,KRAS-G12C,biochemical_ic50,18953.0,3,true
OBS-008162,C-02363,EGFR,biochemical_ic50,19.1,3,true
OBS-008163,C-02050,MEK1,biochemical_ic50,1173.5,3,true
OBS-008164,C-01118,BRAF,biochemical_ic50,2520.7,1,true
OBS-008165,C-00175,CDK4,cell_viability,385.2,1,true
OBS-008166,C-02139,MEK1,biochemical_ic50,10373.8,2,true
OBS-008167,C-00291,MEK1,cell_viability,5692.7,1,true
OBS-008168,C-01428,BRAF,biochemical_ic50,16.7,1,true
OBS-008169,C-01291,JAK2,cell_viability,1.6,2,true
OBS-008170,C-01585,KRAS-G12C,cell_viability,8479.6,3,true
OBS-008171,C-02258,KRAS-G12C,cell_viability,35.4,3,true
OBS-008172,C-02242,BRAF,cell_viability,82.1,3,true
OBS-008173,C-01657,CDK4,cell_viability,178.6,3,true
OBS-008174,C-01682,BRAF,cell_viability,749.4,3,true
OBS-008175,C-02347,KRAS-G12C,cell_viability,310.5,3,true
OBS-008176,C-00320,MEK1,biochemical_ic50,1.5,3,true
OBS-008177,C-02282,JAK2,cell_viability,5.0,1,true
OBS-008178,C-01945,JAK2,biochemical_ic50,10945.3,1,true
OBS-008179,C-01667,PIK3CA,biochemical_ic50,7.4,3,true
OBS-008180,C-00507,CDK4,biochemical_ic50,1.5,1,true
OBS-008181,C-00772,JAK2,biochemical_ic50,165.1,3,true
OBS-008182,C-02157,MEK1,biochemical_ic50,1.8,3,true
OBS-008183,C-00203,ALK,biochemical_ic50,127.3,1,true
OBS-008184,C-01693,ALK,biochemical_ic50,87.9,1,true
OBS-008185,C-00719,MEK1,biochemical_ic50,10.8,3,true
OBS-008186,C-00707,ALK,cell_viability,30992.1,1,true
OBS-008187,C-01787,MEK1,cell_viability,3.3,1,true
OBS-008188,C-01522,EGFR,biochemical_ic50,12332.2,2,true
OBS-008189,C-01750,ALK,biochemical_ic50,1.0,1,true
OBS-008190,C-00695,BRAF,cell_viability,5316.3,1,true
OBS-008191,C-02342,EGFR,cell_viability,3392.6,1,true
OBS-008192,C-01042,ALK,cell_viability,4.4,3,true
OBS-008193,C-02075,CDK4,cell_viability,54.9,3,true
OBS-008194,C-01158,JAK2,cell_viability,28.1,3,true
OBS-008195,C-00341,MEK1,cell_viability,31.4,2,true
OBS-008196,C-00809,MEK1,cell_viability,11785.2,1,true
OBS-008197,C-00176,JAK2,biochemical_ic50,4.8,3,true
OBS-008198,C-00576,MEK1,cell_viability,27378.3,1,true
OBS-008199,C-01348,KRAS-G12C,cell_viability,37.6,2,true
OBS-008200,C-00843,ALK,cell_viability,1598.2,1,true
OBS-008201,C-01916,CDK4,cell_viability,30.5,3,true
OBS-008202,C-02376,EGFR,biochemical_ic50,25866.4,2,true
OBS-008203,C-02278,ALK,biochemical_ic50,2.9,3,true
OBS-008204,C-00919,MEK1,cell_viability,3308.8,1,true
OBS-008205,C-00284,CDK4,cell_viability,191.6,3,true
OBS-008206,C-00850,MEK1,biochemical_ic50,5133.6,3,true
OBS-008207,C-01163,ALK,biochemical_ic50,5.3,1,true
OBS-008208,C-01308,ALK,cell_viability,246.5,3,true
OBS-008209,C-00903,ALK,cell_viability,9.6,2,true
OBS-008210,C-01890,BRAF,cell_viability,315.4,1,true
OBS-008211,C-00115,CDK4,biochemical_ic50,60.8,3,true
OBS-008212,C-01241,KRAS-G12C,cell_viability,40280.9,2,true
OBS-008213,C-00266,KRAS-G12C,biochemical_ic50,11195.3,1,true
OBS-008214,C-00162,BRAF,cell_viability,3.1,1,true
OBS-008215,C-00100,EGFR,biochemical_ic50,2.1,1,true
OBS-008216,C-02090,BRAF,biochemical_ic50,72.9,1,true
OBS-008217,C-00433,ALK,biochemical_ic50,106.5,1,true
OBS-008218,C-00244,EGFR,biochemical_ic50,5160.4,2,true
OBS-008219,C-00703,CDK4,biochemical_ic50,1385.2,3,true
OBS-008220,C-01198,ALK,biochemical_ic50,916.2,2,true
OBS-008221,C-01504,KRAS-G12C,cell_viability,1404.4,2,true
OBS-008222,C-02270,JAK2,cell_viability,6986.3,2,true
OBS-008223,C-01325,KRAS-G12C,cell_viability,245.9,3,true
OBS-008224,C-00348,EGFR,cell_viability,291.2,1,true
OBS-008225,C-00888,PIK3CA,biochemical_ic50,11420.5,1,true
OBS-008226,C-01248,CDK4,biochemical_ic50,23.0,1,true
OBS-008227,C-02121,PIK3CA,biochemical_ic50,1102.9,2,true
OBS-008228,C-01135,JAK2,biochemical_ic50,860.6,1,true
OBS-008229,C-02310,JAK2,cell_viability,9699.2,3,true
OBS-008230,C-00117,BRAF,cell_viability,4.5,3,true
OBS-008231,C-00676,KRAS-G12C,biochemical_ic50,39.5,1,true
OBS-008232,C-01717,KRAS-G12C,cell_viability,186.8,3,true
OBS-008233,C-00816,ALK,cell_viability,30147.8,2,true
OBS-008234,C-01760,MEK1,cell_viability,3.2,1,true
OBS-008235,C-00748,KRAS-G12C,biochemical_ic50,17156.3,1,true
OBS-008236,C-02366,BRAF,biochemical_ic50,14.7,2,true
OBS-008237,C-01634,PIK3CA,cell_viability,6101.3,2,true
OBS-008238,C-01808,PIK3CA,biochemical_ic50,31.2,1,true
OBS-008239,C-01622,EGFR,cell_viability,503.4,3,true
OBS-008240,C-00299,MEK1,biochemical_ic50,4.9,2,true
OBS-008241,C-00009,PIK3CA,cell_viability,6485.0,2,true
OBS-008242,C-00558,MEK1,biochemical_ic50,2.6,2,true
OBS-008243,C-02083,BRAF,cell_viability,6.3,2,true
OBS-008244,C-01333,MEK1,biochemical_ic50,3572.3,2,true
OBS-008245,C-01571,BRAF,biochemical_ic50,47172.7,2,true
OBS-008246,C-01879,PIK3CA,cell_viability,234.7,2,true
OBS-008247,C-01565,PIK3CA,cell_viability,93.4,3,true
OBS-008248,C-02329,JAK2,biochemical_ic50,39220.9,1,true
OBS-008249,C-01858,PIK3CA,biochemical_ic50,40672.8,2,true
OBS-008250,C-00542,JAK2,cell_viability,157.7,2,true
OBS-008251,C-01484,PIK3CA,cell_viability,2596.9,2,true
OBS-008252,C-01337,CDK4,biochemical_ic50,523.0,3,true
OBS-008253,C-01015,KRAS-G12C,biochemical_ic50,2.7,1,true
OBS-008254,C-01221,CDK4,cell_viability,14654.1,3,true
OBS-008255,C-00580,MEK1,biochemical_ic50,10.2,1,true
OBS-008256,C-01999,PIK3CA,cell_viability,56.9,3,true
OBS-008257,C-00303,PIK3CA,biochemical_ic50,1682.4,2,true
OBS-008258,C-02072,MEK1,cell_viability,253.7,2,true
OBS-008259,C-01232,PIK3CA,cell_viability,5.6,3,true
OBS-008260,C-01097,JAK2,biochemical_ic50,22966.2,3,true
OBS-008261,C-01940,PIK3CA,cell_viability,4.8,3,true
OBS-008262,C-00571,PIK3CA,biochemical_ic50,36977.0,2,true
OBS-008263,C-01393,MEK1,cell_viability,2.5,1,true
OBS-008264,C-01785,MEK1,biochemical_ic50,3045.0,1,true
OBS-008265,C-01391,KRAS-G12C,cell_viability,1025.5,2,true
OBS-008266,C-00895,MEK1,biochemical_ic50,214.8,2,true
OBS-008267,C-02049,JAK2,biochemical_ic50,66.3,1,true
OBS-008268,C-00600,MEK1,cell_viability,152.6,1,true
OBS-008269,C-00613,BRAF,cell_viability,767.4,2,true
OBS-008270,C-00475,CDK4,biochemical_ic50,7417.2,2,true
OBS-008271,C-01680,BRAF,cell_viability,42991.0,1,true
OBS-008272,C-00335,CDK4,biochemical_ic50,4.1,3,true
OBS-008273,C-00426,CDK4,cell_viability,5278.0,2,true
OBS-008274,C-00507,MEK1,cell_viability,17.3,1,true
OBS-008275,C-01122,EGFR,cell_viability,36.5,3,true
OBS-008276,C-00923,CDK4,biochemical_ic50,7.0,2,true
OBS-008277,C-02124,ALK,biochemical_ic50,7.6,1,true
OBS-008278,C-00064,MEK1,biochemical_ic50,344.7,2,true
OBS-008279,C-00136,KRAS-G12C,biochemical_ic50,748.0,2,true
OBS-008280,C-02031,MEK1,biochemical_ic50,12727.8,3,true
OBS-008281,C-00391,ALK,cell_viability,98.4,2,true
OBS-008282,C-00369,JAK2,biochemical_ic50,793.4,1,true
OBS-008283,C-01508,EGFR,biochemical_ic50,832.1,2,true
OBS-008284,C-01770,CDK4,biochemical_ic50,395.3,1,true
OBS-008285,C-01829,KRAS-G12C,cell_viability,245.1,1,true
OBS-008286,C-00002,PIK3CA,biochemical_ic50,23.7,1,true
OBS-008287,C-01190,MEK1,biochemical_ic50,391.1,2,true
OBS-008288,C-00716,MEK1,cell_viability,6821.2,2,true
OBS-008289,C-00121,ALK,biochemical_ic50,6680.8,1,true
OBS-008290,C-01450,MEK1,cell_viability,128.8,2,true
OBS-008291,C-01146,MEK1,cell_viability,8036.9,3,true
OBS-008292,C-01709,CDK4,cell_viability,49.5,2,true
OBS-008293,C-01535,MEK1,cell_viability,83.0,1,true
OBS-008294,C-01732,PIK3CA,cell_viability,38377.7,3,true
OBS-008295,C-00535,BRAF,cell_viability,25189.3,1,true
OBS-008296,C-01318,EGFR,cell_viability,1.6,2,true
OBS-008297,C-00004,BRAF,cell_viability,324.8,1,true
OBS-008298,C-00723,JAK2,cell_viability,1058.9,1,true
OBS-008299,C-00305,EGFR,biochemical_ic50,21.3,1,true
OBS-008300,C-00798,PIK3CA,cell_viability,3.3,2,true
OBS-008301,C-02202,JAK2,biochemical_ic50,4627.1,3,true
OBS-008302,C-00216,CDK4,biochemical_ic50,56.5,2,true
OBS-008303,C-01430,MEK1,biochemical_ic50,5.5,3,true
OBS-008304,C-00895,JAK2,biochemical_ic50,7846.2,1,true
OBS-008305,C-02008,PIK3CA,cell_viability,419.6,1,true
OBS-008306,C-01040,EGFR,cell_viability,18.2,2,true
OBS-008307,C-00658,CDK4,biochemical_ic50,1.4,1,true
OBS-008308,C-00347,PIK3CA,biochemical_ic50,19467.2,3,true
OBS-008309,C-01789,BRAF,cell_viability,1019.8,3,true
OBS-008310,C-00606,JAK2,cell_viability,20426.1,2,true
OBS-008311,C-01124,KRAS-G12C,cell_viability,159.2,2,true
OBS-008312,C-01985,MEK1,biochemical_ic50,1278.1,3,true
OBS-008313,C-00294,KRAS-G12C,biochemical_ic50,2.4,3,true
OBS-008314,C-02113,PIK3CA,cell_viability,1540.8,3,true
OBS-008315,C-01240,MEK1,biochemical_ic50,131.2,1,true
OBS-008316,C-02022,EGFR,cell_viability,2403.5,1,true
OBS-008317,C-01717,MEK1,biochemical_ic50,762.3,3,true
OBS-008318,C-01038,KRAS-G12C,biochemical_ic50,7.4,2,true
OBS-008319,C-00978,EGFR,cell_viability,11.7,3,true
OBS-008320,C-01821,MEK1,biochemical_ic50,44192.3,1,true
OBS-008321,C-01029,CDK4,biochemical_ic50,3.3,3,true
OBS-008322,C-01090,MEK1,cell_viability,1.0,1,true
OBS-008323,C-01237,BRAF,cell_viability,490.7,1,true
OBS-008324,C-01287,JAK2,biochemical_ic50,530.8,3,true
OBS-008325,C-00275,PIK3CA,cell_viability,2.7,3,true
OBS-008326,C-01404,KRAS-G12C,biochemical_ic50,3.3,2,true
OBS-008327,C-01071,EGFR,biochemical_ic50,20326.0,2,true
OBS-008328,C-01498,CDK4,cell_viability,83.5,1,true
OBS-008329,C-00514,PIK3CA,cell_viability,27.4,1,true
OBS-008330,C-00873,PIK3CA,biochemical_ic50,12.8,2,true
OBS-008331,C-01123,PIK3CA,biochemical_ic50,7428.7,1,true
OBS-008332,C-00879,KRAS-G12C,biochemical_ic50,507.8,3,true
OBS-008333,C-00690,CDK4,cell_viability,17.2,2,true
OBS-008334,C-01293,MEK1,cell_viability,9325.8,2,true
OBS-008335,C-01612,MEK1,biochemical_ic50,18730.8,2,true
OBS-008336,C-00360,MEK1,cell_viability,46.8,2,true
OBS-008337,C-00744,CDK4,biochemical_ic50,31246.9,2,true
OBS-008338,C-00931,JAK2,cell_viability,37.4,1,true
OBS-008339,C-00926,CDK4,biochemical_ic50,3.3,3,true
OBS-008340,C-01539,BRAF,biochemical_ic50,7.5,3,true
OBS-008341,C-02365,BRAF,cell_viability,6437.9,3,true
OBS-008342,C-00135,EGFR,cell_viability,1.5,2,true
OBS-008343,C-00133,BRAF,biochemical_ic50,315.4,2,true
OBS-008344,C-00596,MEK1,biochemical_ic50,1.4,1,true
OBS-008345,C-00391,JAK2,biochemical_ic50,168.9,3,true
OBS-008346,C-01354,EGFR,biochemical_ic50,91.5,2,true
OBS-008347,C-01014,CDK4,biochemical_ic50,11135.9,3,true
OBS-008348,C-01028,ALK,biochemical_ic50,3290.9,3,true
OBS-008349,C-00985,MEK1,cell_viability,3403.2,1,true
OBS-008350,C-01629,PIK3CA,biochemical_ic50,2012.2,1,true
OBS-008351,C-02041,MEK1,cell_viability,1216.9,2,true
OBS-008352,C-00125,CDK4,biochemical_ic50,6269.6,3,true
OBS-008353,C-00432,ALK,cell_viability,1.9,3,true
OBS-008354,C-00557,PIK3CA,cell_viability,16098.0,2,true
OBS-008355,C-01845,BRAF,biochemical_ic50,3.7,2,true
OBS-008356,C-01867,BRAF,biochemical_ic50,540.0,2,true
OBS-008357,C-01286,ALK,cell_viability,3502.5,1,true
OBS-008358,C-02267,KRAS-G12C,biochemical_ic50,16.7,2,true
OBS-008359,C-00889,MEK1,biochemical_ic50,1315.4,1,true
OBS-008360,C-00075,EGFR,cell_viability,1.4,3,true
OBS-008361,C-01619,BRAF,cell_viability,595.1,2,true
OBS-008362,C-01702,CDK4,biochemical_ic50,5002.9,2,true
OBS-008363,C-02231,ALK,biochemical_ic50,8779.4,1,true
OBS-008364,C-01971,JAK2,cell_viability,12382.5,2,true
OBS-008365,C-00228,CDK4,cell_viability,42.1,3,true
OBS-008366,C-01062,EGFR,biochemical_ic50,166.6,3,true
OBS-008367,C-01829,ALK,cell_viability,4.3,1,true
OBS-008368,C-00036,KRAS-G12C,cell_viability,48.9,3,true
OBS-008369,C-01527,MEK1,biochemical_ic50,19170.1,1,true
OBS-008370,C-01466,BRAF,biochemical_ic50,272.3,3,true
OBS-008371,C-01852,BRAF,cell_viability,840.8,2,true
OBS-008372,C-01117,KRAS-G12C,cell_viability,158.5,3,true
OBS-008373,C-01742,PIK3CA,biochemical_ic50,7.3,2,true
OBS-008374,C-00068,CDK4,biochemical_ic50,1.6,3,true
OBS-008375,C-01544,EGFR,cell_viability,10226.6,1,true
OBS-008376,C-00899,BRAF,biochemical_ic50,3.0,2,true
OBS-008377,C-02333,PIK3CA,cell_viability,1750.6,1,true
OBS-008378,C-01650,BRAF,biochemical_ic50,2968.6,1,true
OBS-008379,C-00548,ALK,cell_viability,15.7,2,true
OBS-008380,C-00381,JAK2,cell_viability,22.9,1,true
OBS-008381,C-00142,KRAS-G12C,biochemical_ic50,43237.1,3,true
OBS-008382,C-01512,MEK1,cell_viability,3636.0,2,true
OBS-008383,C-02241,BRAF,cell_viability,1775.1,2,true
OBS-008384,C-00727,BRAF,cell_viability,537.3,2,true
OBS-008385,C-01180,EGFR,biochemical_ic50,117.9,2,true
OBS-008386,C-01309,MEK1,cell_viability,3.3,2,true
OBS-008387,C-01111,MEK1,biochemical_ic50,1670.3,2,true
OBS-008388,C-01649,KRAS-G12C,cell_viability,10.8,2,true
OBS-008389,C-01728,EGFR,biochemical_ic50,15498.5,2,true
OBS-008390,C-00106,EGFR,biochemical_ic50,9773.4,2,true
OBS-008391,C-01505,ALK,biochemical_ic50,24616.8,2,true
OBS-008392,C-00362,ALK,cell_viability,3.3,3,true
OBS-008393,C-00285,KRAS-G12C,cell_viability,16.2,1,true
OBS-008394,C-01712,MEK1,biochemical_ic50,1320.7,3,true
OBS-008395,C-00927,BRAF,biochemical_ic50,13.5,3,true
OBS-008396,C-00754,ALK,biochemical_ic50,6.3,1,true
OBS-008397,C-01069,PIK3CA,biochemical_ic50,37.3,3,true
OBS-008398,C-01319,EGFR,cell_viability,48049.1,2,true
OBS-008399,C-01126,ALK,biochemical_ic50,22875.6,3,true
OBS-008400,C-02396,JAK2,biochemical_ic50,919.7,3,true
OBS-008401,C-00915,MEK1,cell_viability,18044.7,2,true
OBS-008402,C-02324,PIK3CA,cell_viability,100.7,3,true
OBS-008403,C-01865,KRAS-G12C,biochemical_ic50,12846.3,1,true
OBS-008404,C-01908,MEK1,biochemical_ic50,28.3,3,true
OBS-008405,C-01777,MEK1,biochemical_ic50,13025.9,3,true
OBS-008406,C-01708,ALK,cell_viability,12887.1,2,true
OBS-008407,C-00566,JAK2,biochemical_ic50,29256.8,2,true
OBS-008408,C-02146,JAK2,cell_viability,60.3,2,true
OBS-008409,C-02394,PIK3CA,biochemical_ic50,3.4,2,true
OBS-008410,C-02228,KRAS-G12C,biochemical_ic50,22.7,3,true
OBS-008411,C-00417,MEK1,cell_viability,6.1,2,true
OBS-008412,C-02337,CDK4,biochemical_ic50,7831.2,2,true
OBS-008413,C-00103,MEK1,cell_viability,25534.1,1,true
OBS-008414,C-00747,MEK1,cell_viability,231.9,2,true
OBS-008415,C-00526,KRAS-G12C,biochemical_ic50,266.5,1,true
OBS-008416,C-00555,CDK4,biochemical_ic50,412.9,3,true
OBS-008417,C-01511,ALK,cell_viability,410.8,1,true
OBS-008418,C-01868,MEK1,biochemical_ic50,7.8,2,true
OBS-008419,C-02293,ALK,biochemical_ic50,281.8,2,true
OBS-008420,C-00567,BRAF,cell_viability,105.9,3,true
OBS-008421,C-02218,CDK4,biochemical_ic50,221.9,1,true
OBS-008422,C-01892,CDK4,biochemical_ic50,45.1,3,true
OBS-008423,C-01389,CDK4,biochemical_ic50,7566.0,2,true
OBS-008424,C-01107,MEK1,cell_viability,69.5,1,true
OBS-008425,C-00102,BRAF,biochemical_ic50,2.4,1,true
OBS-008426,C-00884,JAK2,biochemical_ic50,16.6,3,true
OBS-008427,C-01018,PIK3CA,cell_viability,666.4,1,true
OBS-008428,C-00949,MEK1,cell_viability,133.5,3,true
OBS-008429,C-01633,CDK4,cell_viability,145.9,2,true
OBS-008430,C-00737,PIK3CA,cell_viability,370.4,3,true
OBS-008431,C-01312,BRAF,biochemical_ic50,1272.0,2,true
OBS-008432,C-01257,KRAS-G12C,biochemical_ic50,5.0,3,true
OBS-008433,C-01283,ALK,biochemical_ic50,14.6,2,true
OBS-008434,C-01016,CDK4,cell_viability,2.5,3,true
OBS-008435,C-00613,JAK2,biochemical_ic50,51.2,2,true
OBS-008436,C-00315,CDK4,biochemical_ic50,159.0,3,true
OBS-008437,C-01213,JAK2,cell_viability,10384.9,3,true
OBS-008438,C-00620,JAK2,cell_viability,1192.2,1,true
OBS-008439,C-01296,ALK,cell_viability,1.0,1,true
OBS-008440,C-00361,EGFR,biochemical_ic50,49882.1,2,true
OBS-008441,C-00606,MEK1,cell_viability,25788.2,3,true
OBS-008442,C-02354,PIK3CA,cell_viability,21085.3,1,true
OBS-008443,C-02261,MEK1,biochemical_ic50,18813.1,1,true
OBS-008444,C-02095,KRAS-G12C,biochemical_ic50,549.6,2,true
OBS-008445,C-00413,EGFR,biochemical_ic50,350.3,1,true
OBS-008446,C-01276,BRAF,cell_viability,5.0,1,true
OBS-008447,C-01832,EGFR,biochemical_ic50,90.1,1,true
OBS-008448,C-01285,BRAF,biochemical_ic50,207.2,1,true
OBS-008449,C-00441,BRAF,biochemical_ic50,16600.0,2,true
OBS-008450,C-02310,KRAS-G12C,biochemical_ic50,1139.0,2,true
OBS-008451,C-00620,JAK2,biochemical_ic50,59.8,2,true
OBS-008452,C-00157,ALK,biochemical_ic50,20799.1,2,true
OBS-008453,C-00776,EGFR,biochemical_ic50,6.9,2,true
OBS-008454,C-00252,BRAF,cell_viability,22.0,3,true
OBS-008455,C-01801,EGFR,biochemical_ic50,7038.2,3,true
OBS-008456,C-01671,JAK2,biochemical_ic50,15.4,3,true
OBS-008457,C-01115,ALK,biochemical_ic50,22.6,3,true
OBS-008458,C-01086,PIK3CA,biochemical_ic50,3489.5,1,true
OBS-008459,C-00373,BRAF,cell_viability,253.7,2,true
OBS-008460,C-00300,MEK1,biochemical_ic50,322.3,3,true
OBS-008461,C-01390,KRAS-G12C,cell_viability,61.6,1,true
OBS-008462,C-00356,JAK2,cell_viability,61.3,2,true
OBS-008463,C-01558,JAK2,biochemical_ic50,168.8,1,true
OBS-008464,C-01897,BRAF,cell_viability,1013.2,2,true
OBS-008465,C-01484,MEK1,cell_viability,511.5,2,true
OBS-008466,C-00566,JAK2,biochemical_ic50,19.2,1,true
OBS-008467,C-02079,CDK4,biochemical_ic50,6.2,1,true
OBS-008468,C-00006,CDK4,biochemical_ic50,8.6,3,true
OBS-008469,C-02158,JAK2,cell_viability,1.3,1,true
OBS-008470,C-00712,MEK1,biochemical_ic50,2957.9,3,true
OBS-008471,C-00577,EGFR,biochemical_ic50,468.9,1,true
OBS-008472,C-02231,BRAF,biochemical_ic50,14322.2,3,true
OBS-008473,C-00676,CDK4,biochemical_ic50,1648.7,3,true
OBS-008474,C-02205,PIK3CA,biochemical_ic50,178.2,1,true
OBS-008475,C-00252,JAK2,cell_viability,4991.1,3,true
OBS-008476,C-01793,EGFR,cell_viability,910.9,1,true
OBS-008477,C-01838,KRAS-G12C,cell_viability,2.6,1,true
OBS-008478,C-01330,BRAF,cell_viability,94.4,3,true
OBS-008479,C-01138,ALK,biochemical_ic50,32.0,2,true
OBS-008480,C-01338,BRAF,cell_viability,4.2,2,true
OBS-008481,C-01352,EGFR,cell_viability,822.7,2,true
OBS-008482,C-00653,ALK,cell_viability,14.4,3,true
OBS-008483,C-02099,PIK3CA,biochemical_ic50,10.6,2,true
OBS-008484,C-01135,MEK1,cell_viability,236.9,3,true
OBS-008485,C-01206,CDK4,cell_viability,6.0,3,true
OBS-008486,C-01869,JAK2,biochemical_ic50,3.8,2,true
OBS-008487,C-01437,JAK2,biochemical_ic50,1.2,1,true
OBS-008488,C-00060,KRAS-G12C,cell_viability,32866.7,2,true
OBS-008489,C-01388,KRAS-G12C,cell_viability,1066.7,2,true
OBS-008490,C-02322,MEK1,biochemical_ic50,44.2,2,true
OBS-008491,C-00623,JAK2,cell_viability,1.2,2,true
OBS-008492,C-01908,PIK3CA,cell_viability,87.8,2,true
OBS-008493,C-00516,MEK1,biochemical_ic50,12639.1,1,true
OBS-008494,C-00424,CDK4,cell_viability,18.1,2,true
OBS-008495,C-02288,CDK4,biochemical_ic50,8830.5,2,true
OBS-008496,C-01615,BRAF,cell_viability,788.4,1,true
OBS-008497,C-00282,CDK4,cell_viability,1383.5,3,true
OBS-008498,C-02005,JAK2,biochemical_ic50,2632.5,3,true
OBS-008499,C-01389,MEK1,cell_viability,13.6,2,true
OBS-008500,C-00240,KRAS-G12C,biochemical_ic50,5343.5,1,true
OBS-008501,C-01795,KRAS-G12C,cell_viability,1.2,1,true
OBS-008502,C-00593,ALK,biochemical_ic50,393.7,2,true
OBS-008503,C-00186,PIK3CA,biochemical_ic50,113.7,2,true
OBS-008504,C-00211,CDK4,biochemical_ic50,284.9,1,true
OBS-008505,C-01886,JAK2,biochemical_ic50,144.5,2,true
OBS-008506,C-02019,EGFR,biochemical_ic50,3865.2,2,true
OBS-008507,C-01434,CDK4,cell_viability,333.6,3,true
OBS-008508,C-02184,BRAF,biochemical_ic50,3704.6,1,true
OBS-008509,C-00142,BRAF,cell_viability,8.2,2,true
OBS-008510,C-02112,JAK2,biochemical_ic50,410.2,2,true
OBS-008511,C-01139,JAK2,cell_viability,10718.3,3,true
OBS-008512,C-00498,KRAS-G12C,biochemical_ic50,28454.0,3,true
OBS-008513,C-01670,JAK2,cell_viability,1327.2,1,true
OBS-008514,C-01908,KRAS-G12C,biochemical_ic50,2876.5,2,true
OBS-008515,C-01793,EGFR,cell_viability,1350.9,1,true
OBS-008516,C-00048,PIK3CA,cell_viability,3.1,2,true
OBS-008517,C-01644,JAK2,cell_viability,1396.2,1,true
OBS-008518,C-02387,KRAS-G12C,biochemical_ic50,29387.8,1,true
OBS-008519,C-00306,CDK4,cell_viability,88.9,2,true
OBS-008520,C-01487,PIK3CA,cell_viability,876.7,2,true
OBS-008521,C-00184,CDK4,biochemical_ic50,13.9,1,true
OBS-008522,C-01494,KRAS-G12C,biochemical_ic50,3701.3,1,true
OBS-008523,C-01414,KRAS-G12C,biochemical_ic50,635.8,2,true
OBS-008524,C-01958,PIK3CA,biochemical_ic50,995.3,1,true
OBS-008525,C-01346,ALK,cell_viability,3.6,1,true
OBS-008526,C-01509,MEK1,cell_viability,1.4,1,true
OBS-008527,C-00263,CDK4,biochemical_ic50,206.5,3,true
OBS-008528,C-01828,CDK4,cell_viability,3470.4,1,true
OBS-008529,C-00250,BRAF,cell_viability,57.1,3,true
OBS-008530,C-01830,PIK3CA,biochemical_ic50,15120.1,1,true
OBS-008531,C-01318,ALK,biochemical_ic50,11.0,1,true
OBS-008532,C-02002,PIK3CA,cell_viability,19202.4,2,true
OBS-008533,C-00194,CDK4,biochemical_ic50,297.6,3,true
OBS-008534,C-01710,EGFR,biochemical_ic50,2359.3,3,true
OBS-008535,C-01185,JAK2,biochemical_ic50,7096.2,2,true
OBS-008536,C-01094,EGFR,cell_viability,11509.1,3,true
OBS-008537,C-00419,KRAS-G12C,cell_viability,87.2,2,true
OBS-008538,C-02082,KRAS-G12C,cell_viability,9425.4,2,true
OBS-008539,C-02261,EGFR,cell_viability,74.7,1,true
OBS-008540,C-01951,KRAS-G12C,cell_viability,6.8,2,true
OBS-008541,C-01805,KRAS-G12C,biochemical_ic50,9.3,2,true
OBS-008542,C-00078,MEK1,biochemical_ic50,237.7,2,true
OBS-008543,C-01445,ALK,cell_viability,4437.6,1,true
OBS-008544,C-01143,MEK1,cell_viability,3468.4,3,true
OBS-008545,C-02079,JAK2,cell_viability,13.5,1,true
OBS-008546,C-01494,PIK3CA,biochemical_ic50,406.2,2,true
OBS-008547,C-01917,PIK3CA,cell_viability,174.3,1,true
OBS-008548,C-01187,CDK4,biochemical_ic50,302.9,3,true
OBS-008549,C-02089,CDK4,biochemical_ic50,24037.3,1,true
OBS-008550,C-00550,PIK3CA,biochemical_ic50,20.7,3,true
OBS-008551,C-00742,BRAF,cell_viability,1.5,3,true
OBS-008552,C-00616,KRAS-G12C,biochemical_ic50,1084.9,1,true
OBS-008553,C-02364,JAK2,cell_viability,21393.4,3,true
OBS-008554,C-01211,KRAS-G12C,cell_viability,2950.7,1,true
OBS-008555,C-00925,MEK1,biochemical_ic50,5.5,1,true
OBS-008556,C-01637,ALK,cell_viability,41480.1,1,true
OBS-008557,C-00852,KRAS-G12C,cell_viability,6.8,1,true
OBS-008558,C-02157,KRAS-G12C,cell_viability,60.8,1,true
OBS-008559,C-00070,ALK,biochemical_ic50,13.5,1,true
OBS-008560,C-00556,EGFR,cell_viability,23481.6,1,true
OBS-008561,C-01431,PIK3CA,biochemical_ic50,2.1,3,true
OBS-008562,C-02322,BRAF,cell_viability,11108.5,1,true
OBS-008563,C-00067,KRAS-G12C,biochemical_ic50,3.9,1,true
OBS-008564,C-01312,PIK3CA,biochemical_ic50,1433.3,2,true
OBS-008565,C-02395,ALK,biochemical_ic50,339.7,1,true
OBS-008566,C-00306,CDK4,biochemical_ic50,692.2,2,true
OBS-008567,C-00462,ALK,biochemical_ic50,13043.2,3,true
OBS-008568,C-01422,BRAF,cell_viability,6163.0,2,true
OBS-008569,C-00552,EGFR,biochemical_ic50,27944.1,1,true
OBS-008570,C-00012,BRAF,cell_viability,7781.5,3,true
OBS-008571,C-02071,ALK,biochemical_ic50,9662.6,2,true
OBS-008572,C-00062,EGFR,biochemical_ic50,18.1,3,true
OBS-008573,C-00230,KRAS-G12C,biochemical_ic50,37.3,1,true
OBS-008574,C-00028,EGFR,cell_viability,231.6,2,true
OBS-008575,C-01571,MEK1,cell_viability,22.1,2,true
OBS-008576,C-01847,KRAS-G12C,biochemical_ic50,8.3,1,true
OBS-008577,C-01828,MEK1,cell_viability,6.4,2,true
OBS-008578,C-01262,BRAF,cell_viability,320.1,1,true
OBS-008579,C-00520,ALK,cell_viability,10247.8,2,true
OBS-008580,C-01437,EGFR,biochemical_ic50,11.4,2,true
OBS-008581,C-01852,MEK1,cell_viability,34.1,2,true
OBS-008582,C-01630,KRAS-G12C,biochemical_ic50,13657.9,1,true
OBS-008583,C-01925,KRAS-G12C,biochemical_ic50,19637.9,2,true
OBS-008584,C-02370,KRAS-G12C,cell_viability,859.4,3,true
OBS-008585,C-00937,MEK1,cell_viability,142.4,1,true
OBS-008586,C-00604,KRAS-G12C,cell_viability,6571.0,1,true
OBS-008587,C-02026,EGFR,cell_viability,57.8,1,true
OBS-008588,C-00865,ALK,biochemical_ic50,33.1,2,true
OBS-008589,C-00901,KRAS-G12C,biochemical_ic50,1.2,3,true
OBS-008590,C-02332,MEK1,cell_viability,20107.3,2,true
OBS-008591,C-02218,MEK1,cell_viability,24.9,3,true
OBS-008592,C-02210,KRAS-G12C,biochemical_ic50,32263.1,2,true
OBS-008593,C-01162,CDK4,biochemical_ic50,32993.1,3,true
OBS-008594,C-01493,KRAS-G12C,cell_viability,2.9,3,true
OBS-008595,C-02135,MEK1,cell_viability,14.3,1,true
OBS-008596,C-01661,JAK2,biochemical_ic50,1.7,2,true
OBS-008597,C-00997,CDK4,cell_viability,9815.4,2,true
OBS-008598,C-00702,BRAF,cell_viability,6.1,2,true
OBS-008599,C-00043,ALK,biochemical_ic50,10.7,2,true
OBS-008600,C-01051,BRAF,biochemical_ic50,1881.6,3,true
OBS-008601,C-02332,BRAF,cell_viability,5968.7,2,true
OBS-008602,C-02375,ALK,biochemical_ic50,3.5,1,true
OBS-008603,C-01684,ALK,biochemical_ic50,30189.4,2,true
OBS-008604,C-01361,JAK2,cell_viability,1.2,3,true
OBS-008605,C-01673,KRAS-G12C,cell_viability,1796.6,2,true
OBS-008606,C-00937,KRAS-G12C,cell_viability,1969.8,3,true
OBS-008607,C-02192,CDK4,biochemical_ic50,780.1,3,true
OBS-008608,C-01144,KRAS-G12C,biochemical_ic50,7358.6,3,true
OBS-008609,C-00352,EGFR,biochemical_ic50,4.2,2,true
OBS-008610,C-02263,KRAS-G12C,cell_viability,240.2,3,true
OBS-008611,C-01170,ALK,biochemical_ic50,1243.5,3,true
OBS-008612,C-02295,BRAF,biochemical_ic50,35604.2,2,true
OBS-008613,C-00109,KRAS-G12C,cell_viability,1055.8,2,true
OBS-008614,C-00480,CDK4,biochemical_ic50,138.9,3,true
OBS-008615,C-01983,BRAF,biochemical_ic50,28.9,3,true
OBS-008616,C-00729,JAK2,biochemical_ic50,33739.3,3,true
OBS-008617,C-00426,MEK1,biochemical_ic50,1311.8,2,true
OBS-008618,C-00478,BRAF,biochemical_ic50,8.5,2,true
OBS-008619,C-00151,BRAF,biochemical_ic50,310.7,2,true
OBS-008620,C-01378,CDK4,biochemical_ic50,27.3,3,true
OBS-008621,C-02222,ALK,biochemical_ic50,1487.6,1,true
OBS-008622,C-00707,PIK3CA,biochemical_ic50,1296.1,1,true
OBS-008623,C-01344,EGFR,biochemical_ic50,1626.1,3,true
OBS-008624,C-01697,PIK3CA,cell_viability,1479.5,2,true
OBS-008625,C-00592,CDK4,cell_viability,880.0,2,true
OBS-008626,C-00277,JAK2,biochemical_ic50,63.9,3,true
OBS-008627,C-01599,PIK3CA,biochemical_ic50,16241.3,3,true
OBS-008628,C-01946,PIK3CA,biochemical_ic50,348.3,2,true
OBS-008629,C-01384,JAK2,cell_viability,14.9,2,true
OBS-008630,C-01982,JAK2,biochemical_ic50,11181.1,3,true
OBS-008631,C-01189,CDK4,biochemical_ic50,118.4,1,true
OBS-008632,C-01661,EGFR,biochemical_ic50,5230.5,3,true
OBS-008633,C-00235,PIK3CA,biochemical_ic50,209.8,2,true
OBS-008634,C-00597,PIK3CA,cell_viability,87.4,3,true
OBS-008635,C-00548,KRAS-G12C,biochemical_ic50,75.7,3,true
OBS-008636,C-00628,BRAF,cell_viability,2.6,2,true
OBS-008637,C-00113,JAK2,biochemical_ic50,1252.8,2,true
OBS-008638,C-01661,PIK3CA,biochemical_ic50,3.4,2,true
OBS-008639,C-01606,PIK3CA,cell_viability,88.2,1,true
OBS-008640,C-02219,PIK3CA,cell_viability,7.3,1,true
OBS-008641,C-01125,EGFR,biochemical_ic50,1472.2,1,true
OBS-008642,C-00518,CDK4,cell_viability,917.7,2,true
OBS-008643,C-01170,BRAF,biochemical_ic50,7.5,1,true
OBS-008644,C-01009,PIK3CA,cell_viability,6.1,2,true
OBS-008645,C-01115,JAK2,biochemical_ic50,292.7,2,true
OBS-008646,C-00476,MEK1,cell_viability,8173.1,2,true
OBS-008647,C-00794,PIK3CA,cell_viability,4.3,1,true
OBS-008648,C-01588,BRAF,biochemical_ic50,226.9,3,true
OBS-008649,C-01681,MEK1,biochemical_ic50,9526.2,2,true
OBS-008650,C-00383,PIK3CA,biochemical_ic50,50046.1,2,true
OBS-008651,C-00476,JAK2,biochemical_ic50,25.1,1,true
OBS-008652,C-02073,CDK4,biochemical_ic50,241.0,1,true
OBS-008653,C-01259,BRAF,biochemical_ic50,1.6,2,true
OBS-008654,C-01114,EGFR,cell_viability,4.6,2,true
OBS-008655,C-01719,KRAS-G12C,biochemical_ic50,315.2,2,true
OBS-008656,C-00918,ALK,biochemical_ic50,1.8,3,true
OBS-008657,C-00239,JAK2,biochemical_ic50,4839.1,2,true
OBS-008658,C-01081,JAK2,cell_viability,181.9,3,true
OBS-008659,C-00743,PIK3CA,cell_viability,3879.4,1,true
OBS-008660,C-01495,PIK3CA,cell_viability,12.5,2,true
OBS-008661,C-01085,ALK,cell_viability,5280.0,1,true
OBS-008662,C-02372,MEK1,biochemical_ic50,1215.1,1,true
OBS-008663,C-02347,KRAS-G12C,cell_viability,11.7,1,true
OBS-008664,C-00193,ALK,cell_viability,43.0,3,true
OBS-008665,C-00998,KRAS-G12C,biochemical_ic50,8.4,2,true
OBS-008666,C-01174,JAK2,biochemical_ic50,908.4,3,true
OBS-008667,C-01519,CDK4,cell_viability,111.3,3,true
OBS-008668,C-02239,CDK4,cell_viability,1233.9,3,true
OBS-008669,C-00064,MEK1,biochemical_ic50,269.6,3,true
OBS-008670,C-00426,EGFR,biochemical_ic50,18616.9,1,true
OBS-008671,C-01187,EGFR,cell_viability,987.9,2,true
OBS-008672,C-00055,JAK2,biochemical_ic50,54.3,2,true
OBS-008673,C-02160,MEK1,cell_viability,4.4,3,true
OBS-008674,C-00081,CDK4,biochemical_ic50,2090.5,3,true
OBS-008675,C-00307,ALK,cell_viability,17568.8,2,true
OBS-008676,C-01057,KRAS-G12C,cell_viability,3164.5,3,true
OBS-008677,C-00858,EGFR,biochemical_ic50,4774.9,2,true
OBS-008678,C-00941,CDK4,cell_viability,3370.9,2,true
OBS-008679,C-00633,KRAS-G12C,cell_viability,5.6,1,true
OBS-008680,C-02254,MEK1,biochemical_ic50,171.4,2,true
OBS-008681,C-01325,EGFR,cell_viability,5.0,2,true
OBS-008682,C-01204,MEK1,biochemical_ic50,22.0,3,true
OBS-008683,C-02085,ALK,cell_viability,518.5,3,true
OBS-008684,C-01634,EGFR,cell_viability,124.8,2,true
OBS-008685,C-01218,PIK3CA,biochemical_ic50,16.3,2,true
OBS-008686,C-01523,EGFR,biochemical_ic50,1866.2,1,true
OBS-008687,C-02369,ALK,biochemical_ic50,1624.2,3,true
OBS-008688,C-00876,KRAS-G12C,cell_viability,4156.7,3,true
OBS-008689,C-00453,PIK3CA,biochemical_ic50,31.2,1,true
OBS-008690,C-01335,JAK2,cell_viability,2.5,3,true
OBS-008691,C-00245,BRAF,cell_viability,120.8,2,true
OBS-008692,C-00444,PIK3CA,biochemical_ic50,11.8,1,true
OBS-008693,C-00393,BRAF,cell_viability,1.3,3,true
OBS-008694,C-00306,PIK3CA,biochemical_ic50,479.0,3,true
OBS-008695,C-02257,MEK1,biochemical_ic50,815.5,2,true
OBS-008696,C-01497,CDK4,cell_viability,35.9,2,true
OBS-008697,C-00725,MEK1,cell_viability,12282.2,3,true
OBS-008698,C-01193,JAK2,biochemical_ic50,601.6,2,true
OBS-008699,C-01463,KRAS-G12C,biochemical_ic50,3.4,1,true
OBS-008700,C-00096,KRAS-G12C,biochemical_ic50,10.9,3,true
OBS-008701,C-01650,CDK4,cell_viability,5119.4,3,true
OBS-008702,C-00258,MEK1,cell_viability,369.1,3,true
OBS-008703,C-00014,EGFR,cell_viability,5.1,1,true
OBS-008704,C-00238,KRAS-G12C,biochemical_ic50,1.6,2,true
OBS-008705,C-01240,JAK2,biochemical_ic50,7.2,2,true
OBS-008706,C-01926,PIK3CA,biochemical_ic50,130.4,1,true
OBS-008707,C-00244,JAK2,biochemical_ic50,60.2,2,true
OBS-008708,C-01305,PIK3CA,cell_viability,154.3,1,true
OBS-008709,C-00528,ALK,cell_viability,94.7,3,true
OBS-008710,C-00703,CDK4,biochemical_ic50,1.2,1,true
OBS-008711,C-00934,KRAS-G12C,cell_viability,2725.6,1,true
OBS-008712,C-01849,JAK2,biochemical_ic50,359.4,2,true
OBS-008713,C-00468,KRAS-G12C,cell_viability,5.1,2,true
OBS-008714,C-00481,JAK2,biochemical_ic50,603.5,1,true
OBS-008715,C-01516,BRAF,cell_viability,13.7,3,true
OBS-008716,C-00306,ALK,biochemical_ic50,4727.5,3,true
OBS-008717,C-00774,MEK1,biochemical_ic50,2.2,1,true
OBS-008718,C-00382,CDK4,biochemical_ic50,244.0,2,true
OBS-008719,C-00356,KRAS-G12C,cell_viability,12.8,3,true
OBS-008720,C-01722,PIK3CA,cell_viability,2.0,1,true
OBS-008721,C-01917,KRAS-G12C,cell_viability,2.9,1,true
OBS-008722,C-00682,EGFR,biochemical_ic50,5.4,3,true
OBS-008723,C-01437,BRAF,biochemical_ic50,1.5,2,true
OBS-008724,C-01129,CDK4,cell_viability,7.1,2,true
OBS-008725,C-00060,CDK4,biochemical_ic50,2.9,2,true
OBS-008726,C-01114,JAK2,biochemical_ic50,25719.6,3,true
OBS-008727,C-01895,CDK4,biochemical_ic50,3.7,3,true
OBS-008728,C-01507,JAK2,biochemical_ic50,293.1,2,true
OBS-008729,C-00857,MEK1,cell_viability,5722.6,2,true
OBS-008730,C-02205,JAK2,biochemical_ic50,213.8,3,true
OBS-008731,C-02305,KRAS-G12C,cell_viability,3741.1,3,true
OBS-008732,C-02310,ALK,cell_viability,163.0,3,true
OBS-008733,C-00052,ALK,cell_viability,1734.9,2,true
OBS-008734,C-01392,MEK1,cell_viability,12.6,2,true
OBS-008735,C-01032,CDK4,biochemical_ic50,84.1,2,true
OBS-008736,C-01668,BRAF,biochemical_ic50,22.5,1,true
OBS-008737,C-01211,BRAF,cell_viability,15260.1,3,true
OBS-008738,C-01495,KRAS-G12C,cell_viability,28.2,2,true
OBS-008739,C-02073,JAK2,biochemical_ic50,4.2,3,true
OBS-008740,C-00068,PIK3CA,biochemical_ic50,71.2,1,true
OBS-008741,C-00404,ALK,cell_viability,166.4,2,true
OBS-008742,C-00021,MEK1,biochemical_ic50,527.8,1,true
OBS-008743,C-01659,PIK3CA,cell_viability,9.8,2,true
OBS-008744,C-01366,PIK3CA,biochemical_ic50,52.5,1,true
OBS-008745,C-01545,PIK3CA,biochemical_ic50,3398.3,1,true
OBS-008746,C-00142,PIK3CA,biochemical_ic50,37.4,1,true
OBS-008747,C-00854,PIK3CA,cell_viability,282.7,3,true
OBS-008748,C-00431,PIK3CA,biochemical_ic50,5445.0,2,true
OBS-008749,C-01423,MEK1,biochemical_ic50,18000.2,2,true
OBS-008750,C-00630,JAK2,biochemical_ic50,27488.0,2,true
OBS-008751,C-01037,ALK,cell_viability,12511.8,1,true
OBS-008752,C-01406,EGFR,cell_viability,39029.9,2,true
OBS-008753,C-01983,CDK4,biochemical_ic50,6.0,2,true
OBS-008754,C-01071,CDK4,biochemical_ic50,807.3,1,true
OBS-008755,C-00869,KRAS-G12C,cell_viability,37.4,2,true
OBS-008756,C-00234,PIK3CA,biochemical_ic50,2244.5,1,true
OBS-008757,C-01288,ALK,cell_viability,48.5,1,true
OBS-008758,C-01603,JAK2,biochemical_ic50,10352.5,1,true
OBS-008759,C-01483,BRAF,cell_viability,133.7,1,true
OBS-008760,C-01800,JAK2,cell_viability,1428.5,1,true
OBS-008761,C-00875,MEK1,cell_viability,150.4,2,true
OBS-008762,C-00745,PIK3CA,biochemical_ic50,9.3,3,true
OBS-008763,C-01261,ALK,biochemical_ic50,1285.9,1,true
OBS-008764,C-02364,BRAF,biochemical_ic50,764.0,3,true
OBS-008765,C-02136,PIK3CA,cell_viability,3.0,2,true
OBS-008766,C-00313,JAK2,cell_viability,4.6,2,true
OBS-008767,C-00188,KRAS-G12C,cell_viability,41641.2,2,true
OBS-008768,C-00905,MEK1,cell_viability,50.3,1,true
OBS-008769,C-00232,JAK2,cell_viability,368.0,3,true
OBS-008770,C-02043,BRAF,cell_viability,388.5,3,true
OBS-008771,C-02235,EGFR,biochemical_ic50,21.8,1,true
OBS-008772,C-01414,EGFR,cell_viability,92.4,2,true
OBS-008773,C-01861,JAK2,biochemical_ic50,1.7,1,true
OBS-008774,C-01478,ALK,cell_viability,1750.5,3,true
OBS-008775,C-00956,ALK,biochemical_ic50,443.6,3,true
OBS-008776,C-01136,KRAS-G12C,cell_viability,20700.8,3,true
OBS-008777,C-02270,BRAF,biochemical_ic50,69.4,3,true
OBS-008778,C-00779,EGFR,cell_viability,3023.8,1,true
OBS-008779,C-00665,ALK,cell_viability,78.7,3,true
OBS-008780,C-00051,BRAF,biochemical_ic50,1.2,2,true
OBS-008781,C-01223,KRAS-G12C,cell_viability,1349.6,3,true
OBS-008782,C-00516,MEK1,cell_viability,16262.8,3,true
OBS-008783,C-00488,EGFR,cell_viability,1824.7,3,true
OBS-008784,C-02005,ALK,biochemical_ic50,98.5,3,true
OBS-008785,C-02024,EGFR,biochemical_ic50,5196.8,1,true
OBS-008786,C-01458,KRAS-G12C,biochemical_ic50,36.1,1,true
OBS-008787,C-00738,EGFR,cell_viability,2.5,1,true
OBS-008788,C-02204,PIK3CA,cell_viability,17862.7,3,true
OBS-008789,C-02384,PIK3CA,biochemical_ic50,3.0,2,true
OBS-008790,C-01896,EGFR,biochemical_ic50,834.6,3,true
OBS-008791,C-00050,JAK2,biochemical_ic50,22.7,2,true
OBS-008792,C-01737,CDK4,cell_viability,10670.8,1,true
OBS-008793,C-01563,BRAF,biochemical_ic50,2.0,2,true
OBS-008794,C-00450,MEK1,biochemical_ic50,26538.8,2,true
OBS-008795,C-00866,PIK3CA,biochemical_ic50,2.2,3,true
OBS-008796,C-02247,EGFR,cell_viability,9228.7,3,true
OBS-008797,C-02188,JAK2,biochemical_ic50,6168.5,2,true
OBS-008798,C-01364,CDK4,biochemical_ic50,4.2,1,true
OBS-008799,C-01111,EGFR,biochemical_ic50,3404.0,1,true
OBS-008800,C-00208,PIK3CA,cell_viability,8226.2,2,true
OBS-008801,C-00846,PIK3CA,biochemical_ic50,217.5,3,true
OBS-008802,C-00308,JAK2,biochemical_ic50,312.3,1,true
OBS-008803,C-00637,KRAS-G12C,biochemical_ic50,16529.9,1,true
OBS-008804,C-00230,CDK4,biochemical_ic50,5.0,3,true
OBS-008805,C-00949,BRAF,cell_viability,55.1,1,true
OBS-008806,C-01595,BRAF,cell_viability,6.2,1,true
OBS-008807,C-01291,PIK3CA,cell_viability,3685.6,3,true
OBS-008808,C-01810,MEK1,cell_viability,869.5,2,true
OBS-008809,C-01255,EGFR,biochemical_ic50,1498.0,2,true
OBS-008810,C-01041,MEK1,biochemical_ic50,553.9,1,true
OBS-008811,C-00169,PIK3CA,cell_viability,11786.1,1,true
OBS-008812,C-00010,PIK3CA,cell_viability,3258.4,2,true
OBS-008813,C-01233,KRAS-G12C,biochemical_ic50,1.1,2,true
OBS-008814,C-00537,MEK1,cell_viability,2073.7,3,true
OBS-008815,C-02159,KRAS-G12C,biochemical_ic50,2839.3,1,true
OBS-008816,C-00022,MEK1,cell_viability,6554.6,1,true
OBS-008817,C-00873,BRAF,cell_viability,651.5,2,true
OBS-008818,C-00942,JAK2,biochemical_ic50,4.7,3,true
OBS-008819,C-01172,EGFR,biochemical_ic50,4271.3,2,true
OBS-008820,C-00550,PIK3CA,biochemical_ic50,2307.0,3,true
OBS-008821,C-00825,BRAF,biochemical_ic50,6833.7,3,true
OBS-008822,C-01697,JAK2,biochemical_ic50,13992.0,3,true
OBS-008823,C-00930,MEK1,cell_viability,47.6,2,true
OBS-008824,C-00675,MEK1,cell_viability,8873.3,1,true
OBS-008825,C-01272,ALK,cell_viability,48375.9,3,true
OBS-008826,C-01446,KRAS-G12C,biochemical_ic50,9003.9,1,true
OBS-008827,C-00886,KRAS-G12C,cell_viability,1.8,2,true
OBS-008828,C-00562,JAK2,biochemical_ic50,2162.6,1,true
OBS-008829,C-00161,EGFR,cell_viability,2421.7,3,true
OBS-008830,C-00127,KRAS-G12C,cell_viability,25.9,2,true
OBS-008831,C-01203,BRAF,biochemical_ic50,3.5,1,true
OBS-008832,C-02371,MEK1,cell_viability,4005.0,3,true
OBS-008833,C-02062,ALK,biochemical_ic50,1433.1,2,true
OBS-008834,C-01680,KRAS-G12C,cell_viability,5.8,1,true
OBS-008835,C-00718,PIK3CA,cell_viability,3.9,1,true
OBS-008836,C-01291,PIK3CA,cell_viability,16.9,2,true
OBS-008837,C-02134,PIK3CA,biochemical_ic50,13652.3,2,true
OBS-008838,C-01025,ALK,biochemical_ic50,25.8,2,true
OBS-008839,C-02042,BRAF,biochemical_ic50,1.8,3,true
OBS-008840,C-02216,PIK3CA,biochemical_ic50,536.8,1,true
OBS-008841,C-00757,KRAS-G12C,cell_viability,18931.5,2,true
OBS-008842,C-01390,JAK2,biochemical_ic50,415.2,3,true
OBS-008843,C-02299,KRAS-G12C,cell_viability,103.9,2,true
OBS-008844,C-02101,ALK,biochemical_ic50,17.9,1,true
OBS-008845,C-01127,MEK1,cell_viability,7.2,2,true
OBS-008846,C-02043,MEK1,cell_viability,13.4,3,true
OBS-008847,C-00308,MEK1,cell_viability,3729.6,3,true
OBS-008848,C-01741,CDK4,cell_viability,474.9,1,true
OBS-008849,C-01952,MEK1,biochemical_ic50,114.4,2,true
OBS-008850,C-02055,MEK1,biochemical_ic50,23019.1,2,true
OBS-008851,C-00774,JAK2,biochemical_ic50,3044.9,1,true
OBS-008852,C-01693,CDK4,biochemical_ic50,1.2,1,true
OBS-008853,C-01422,CDK4,cell_viability,45.8,2,true
OBS-008854,C-00310,ALK,biochemical_ic50,8.7,1,true
OBS-008855,C-02204,PIK3CA,cell_viability,136.4,2,true
OBS-008856,C-00573,ALK,biochemical_ic50,3178.6,3,true
OBS-008857,C-02343,JAK2,cell_viability,7847.0,2,true
OBS-008858,C-01721,PIK3CA,biochemical_ic50,286.5,3,true
OBS-008859,C-00019,BRAF,cell_viability,18420.0,2,true
OBS-008860,C-01421,PIK3CA,biochemical_ic50,135.1,1,true
OBS-008861,C-01581,PIK3CA,biochemical_ic50,3.7,3,true
OBS-008862,C-01549,JAK2,biochemical_ic50,7520.5,1,true
OBS-008863,C-01681,JAK2,cell_viability,1796.1,2,true
OBS-008864,C-01346,MEK1,cell_viability,510.1,1,true
OBS-008865,C-01694,CDK4,cell_viability,6086.0,2,true
OBS-008866,C-00372,JAK2,biochemical_ic50,2981.1,1,true
OBS-008867,C-01230,EGFR,cell_viability,133.0,2,true
OBS-008868,C-01525,ALK,biochemical_ic50,24271.3,1,true
OBS-008869,C-01494,ALK,cell_viability,149.0,2,true
OBS-008870,C-00912,BRAF,biochemical_ic50,48077.9,3,true
OBS-008871,C-01199,ALK,biochemical_ic50,43861.2,3,true
OBS-008872,C-00896,BRAF,biochemical_ic50,1.7,1,true
OBS-008873,C-00268,CDK4,cell_viability,6.3,1,true
OBS-008874,C-02260,CDK4,cell_viability,500.7,1,true
OBS-008875,C-01857,EGFR,cell_viability,24384.0,2,true
OBS-008876,C-00225,BRAF,cell_viability,12908.1,1,true
OBS-008877,C-01373,MEK1,biochemical_ic50,7.2,2,true
OBS-008878,C-01616,CDK4,cell_viability,4.0,1,true
OBS-008879,C-02122,PIK3CA,biochemical_ic50,32718.5,2,true
OBS-008880,C-00509,PIK3CA,biochemical_ic50,16516.1,1,true
OBS-008881,C-02216,KRAS-G12C,cell_viability,394.0,1,true
OBS-008882,C-01731,ALK,cell_viability,46.7,2,true
OBS-008883,C-00030,MEK1,cell_viability,7762.9,1,true
OBS-008884,C-01019,EGFR,cell_viability,212.0,1,true
OBS-008885,C-00052,KRAS-G12C,cell_viability,7.6,1,true
OBS-008886,C-01847,BRAF,cell_viability,5.4,2,true
OBS-008887,C-01362,JAK2,biochemical_ic50,11024.8,3,true
OBS-008888,C-01651,BRAF,biochemical_ic50,2.8,2,true
OBS-008889,C-00334,MEK1,cell_viability,3433.0,2,true
OBS-008890,C-01434,JAK2,cell_viability,9.8,3,true
OBS-008891,C-02134,BRAF,biochemical_ic50,20539.9,2,true
OBS-008892,C-01661,CDK4,cell_viability,6.0,2,true
OBS-008893,C-02306,CDK4,biochemical_ic50,1.6,2,true
OBS-008894,C-00130,MEK1,cell_viability,7483.3,2,true
OBS-008895,C-00616,CDK4,biochemical_ic50,486.9,1,true
OBS-008896,C-00721,PIK3CA,biochemical_ic50,1579.7,3,true
OBS-008897,C-01809,ALK,cell_viability,279.4,3,true
OBS-008898,C-00553,PIK3CA,cell_viability,31407.7,3,true
OBS-008899,C-02327,JAK2,cell_viability,154.6,3,true
OBS-008900,C-00300,CDK4,cell_viability,27.6,1,true
OBS-008901,C-01987,EGFR,cell_viability,9359.8,1,true
OBS-008902,C-01610,JAK2,biochemical_ic50,5461.7,3,true
OBS-008903,C-00280,EGFR,biochemical_ic50,22469.7,3,true
OBS-008904,C-00277,EGFR,biochemical_ic50,1.9,3,true
OBS-008905,C-01497,CDK4,biochemical_ic50,79.2,2,true
OBS-008906,C-00989,MEK1,biochemical_ic50,1158.0,3,true
OBS-008907,C-00758,EGFR,biochemical_ic50,148.0,2,true
OBS-008908,C-02176,JAK2,biochemical_ic50,1.1,2,true
OBS-008909,C-01230,BRAF,biochemical_ic50,10.0,3,true
OBS-008910,C-01914,EGFR,cell_viability,10.0,1,true
OBS-008911,C-00351,ALK,biochemical_ic50,872.0,1,true
OBS-008912,C-00050,ALK,biochemical_ic50,22505.5,2,true
OBS-008913,C-01147,MEK1,biochemical_ic50,68.5,3,true
OBS-008914,C-00807,MEK1,cell_viability,10.5,3,true
OBS-008915,C-00600,PIK3CA,cell_viability,668.4,1,true
OBS-008916,C-00826,EGFR,biochemical_ic50,30099.2,2,true
OBS-008917,C-02176,BRAF,biochemical_ic50,1301.9,3,true
OBS-008918,C-01855,JAK2,cell_viability,5178.8,1,true
OBS-008919,C-00932,MEK1,cell_viability,198.0,1,true
OBS-008920,C-02044,ALK,biochemical_ic50,677.6,1,true
OBS-008921,C-01490,JAK2,biochemical_ic50,279.3,1,true
OBS-008922,C-00684,ALK,biochemical_ic50,59.8,1,true
OBS-008923,C-00006,ALK,cell_viability,40.8,2,true
OBS-008924,C-01329,MEK1,biochemical_ic50,21304.3,1,true
OBS-008925,C-00324,BRAF,cell_viability,57.5,1,true
OBS-008926,C-02305,BRAF,cell_viability,43464.5,2,true
OBS-008927,C-01486,BRAF,cell_viability,2460.5,1,true
OBS-008928,C-00378,MEK1,biochemical_ic50,19.6,2,true
OBS-008929,C-01103,EGFR,cell_viability,106.9,1,true
OBS-008930,C-02226,KRAS-G12C,biochemical_ic50,32311.5,1,true
OBS-008931,C-01198,EGFR,cell_viability,29.1,1,true
OBS-008932,C-00574,BRAF,biochemical_ic50,1.1,3,true
OBS-008933,C-02343,MEK1,cell_viability,6748.1,1,true
OBS-008934,C-00171,EGFR,cell_viability,27086.4,3,true
OBS-008935,C-01064,EGFR,cell_viability,2.3,3,true
OBS-008936,C-01877,CDK4,cell_viability,862.4,2,true
OBS-008937,C-01961,BRAF,biochemical_ic50,9503.9,3,true
OBS-008938,C-01312,ALK,cell_viability,21.2,3,true
OBS-008939,C-01171,BRAF,biochemical_ic50,43196.5,1,true
OBS-008940,C-00985,PIK3CA,biochemical_ic50,398.7,2,true
OBS-008941,C-00781,KRAS-G12C,biochemical_ic50,2.5,1,true
OBS-008942,C-00101,PIK3CA,cell_viability,5.0,2,true
OBS-008943,C-02392,BRAF,cell_viability,4832.4,2,true
OBS-008944,C-01936,ALK,cell_viability,42.6,1,true
OBS-008945,C-00775,MEK1,cell_viability,5770.2,3,true
OBS-008946,C-01488,BRAF,biochemical_ic50,3758.4,2,true
OBS-008947,C-01695,BRAF,biochemical_ic50,3.2,2,true
OBS-008948,C-02286,MEK1,cell_viability,130.4,2,true
OBS-008949,C-01518,PIK3CA,biochemical_ic50,1.3,1,true
OBS-008950,C-02344,PIK3CA,biochemical_ic50,9039.2,1,true
OBS-008951,C-02091,BRAF,cell_viability,35433.1,3,true
OBS-008952,C-00121,BRAF,biochemical_ic50,1.9,1,true
OBS-008953,C-00860,MEK1,biochemical_ic50,6042.1,2,true
OBS-008954,C-01372,JAK2,biochemical_ic50,233.4,1,true
OBS-008955,C-01509,KRAS-G12C,cell_viability,14.1,1,true
OBS-008956,C-00874,BRAF,biochemical_ic50,9.9,2,true
OBS-008957,C-01866,EGFR,biochemical_ic50,2018.5,2,true
OBS-008958,C-01813,ALK,biochemical_ic50,6333.2,1,true
OBS-008959,C-00262,CDK4,cell_viability,9039.6,2,true
OBS-008960,C-02228,BRAF,cell_viability,2077.7,1,true
OBS-008961,C-02332,PIK3CA,cell_viability,609.4,2,true
OBS-008962,C-02145,JAK2,cell_viability,749.8,2,true
OBS-008963,C-01190,EGFR,cell_viability,2.2,3,true
OBS-008964,C-00725,CDK4,cell_viability,5.4,2,true
OBS-008965,C-02173,EGFR,biochemical_ic50,2318.1,1,true
OBS-008966,C-00422,ALK,cell_viability,2.0,3,true
OBS-008967,C-00509,CDK4,biochemical_ic50,89.5,2,true
OBS-008968,C-01443,CDK4,cell_viability,17.3,1,true
OBS-008969,C-01971,BRAF,cell_viability,9.6,3,true
OBS-008970,C-00842,ALK,cell_viability,5076.7,3,true
OBS-008971,C-00624,CDK4,biochemical_ic50,74.3,3,true
OBS-008972,C-01483,KRAS-G12C,cell_viability,13499.3,2,true
OBS-008973,C-01777,PIK3CA,cell_viability,4524.0,1,true
OBS-008974,C-00584,MEK1,cell_viability,32878.1,1,true
OBS-008975,C-02151,KRAS-G12C,biochemical_ic50,24.7,2,true
OBS-008976,C-00937,KRAS-G12C,cell_viability,1284.4,2,true
OBS-008977,C-02378,JAK2,cell_viability,97.3,1,true
OBS-008978,C-00206,JAK2,cell_viability,49.1,1,true
OBS-008979,C-02151,EGFR,biochemical_ic50,18.4,1,true
OBS-008980,C-01082,JAK2,biochemical_ic50,7912.5,3,true
OBS-008981,C-01083,EGFR,biochemical_ic50,12225.5,2,true
OBS-008982,C-00952,KRAS-G12C,biochemical_ic50,30.3,3,true
OBS-008983,C-00092,JAK2,biochemical_ic50,1.3,3,true
OBS-008984,C-00599,BRAF,biochemical_ic50,1491.9,2,true
OBS-008985,C-00191,PIK3CA,cell_viability,8635.5,1,true
OBS-008986,C-01445,PIK3CA,biochemical_ic50,19906.3,2,true
OBS-008987,C-00673,BRAF,cell_viability,948.1,2,true
OBS-008988,C-00278,CDK4,biochemical_ic50,453.4,3,true
OBS-008989,C-01365,ALK,biochemical_ic50,85.2,1,true
OBS-008990,C-00199,ALK,biochemical_ic50,209.3,3,true
OBS-008991,C-01675,KRAS-G12C,cell_viability,21.5,2,true
OBS-008992,C-00758,JAK2,biochemical_ic50,286.7,1,true
OBS-008993,C-01383,ALK,biochemical_ic50,9.3,3,true
OBS-008994,C-01401,BRAF,biochemical_ic50,132.4,2,true
OBS-008995,C-00554,ALK,cell_viability,24.1,2,true
OBS-008996,C-02022,MEK1,cell_viability,1.7,3,true
OBS-008997,C-00763,MEK1,cell_viability,13802.1,1,true
OBS-008998,C-00447,KRAS-G12C,cell_viability,51.8,3,true
OBS-008999,C-00606,ALK,biochemical_ic50,9.2,1,true
OBS-009000,C-01640,EGFR,biochemical_ic50,23125.0,2,true
